State,Period,Population (thousands),Labor Force (thousands),Labor Force Participation Rate (LFPR) (%),LFPR compared to pre-pandemic levels (%),Employment (thousands),Unemployment (thousands),Unemployment compared to pre-pandemic levels (%),Unemployment Rate (%),Job Openings (thousands),Job Openings compared to pre-pandemic levels (%),Labor Shortage or Surplus (thousands),Available Worker Ratio,Quits (thousands),Quit Rate (%),Hires (thousands),Hire Rate (%)
Alabama,1/1/2026,4145,2388,57.6,0.4,2324,64,-13.5,2.7,98,-1.0,-34,0.65,51,2.3,69,3.1
Alaska,1/1/2026,558,369,66.0,1.6,351,18,-5.9,4.8,16,-30.4,2,1.11,12,3.6,17,5.0
Arizona,1/1/2026,6153,3814,62.0,0.0,3643,171,1.6,4.5,122,-22.3,49,1.40,62,1.9,131,4.0
Arkansas,1/1/2026,2457,1451,59.1,1.2,1388,64,32.2,4.4,65,1.6,-1,0.98,29,2.1,47,3.4
California,1/1/2026,31766,19862,62.5,-0.5,18780,1082,25.8,5.4,588,-27.0,494,1.84,278,1.5,556,3.1
Colorado,1/1/2026,4863,3249,66.8,-1.9,3123,126,26.6,3.9,110,-14.1,16,1.15,59,2.0,96,3.2
Connecticut,1/1/2026,3026,1931,63.8,-2.4,1844,87,16.9,4.5,68,1.5,19,1.28,29,1.7,58,3.4
Delaware,1/1/2026,867,516,59.5,-1.5,488,28,62.0,5.4,22,0.0,6,1.27,11,2.2,18,3.6
District of Columbia,1/1/2026,572,408,71.3,-0.2,381,27,18.4,6.7,33,6.5,-6,0.82,10,1.4,20,2.7
Florida,1/1/2026,19306,11124,57.6,-1.7,10625,499,61.5,4.5,427,-1.8,72,1.17,196,2.0,289,2.9
Georgia,1/1/2026,8957,5446,60.8,-2.1,5253,193,1.8,3.5,275,16.0,-82,0.70,90,1.8,137,2.7
Hawaii,1/1/2026,1134,688,60.7,-0.7,673,15,2.1,2.2,21,-30.0,-6,0.73,13,2.0,21,3.2
Idaho,1/1/2026,1607,1010,62.8,-1.3,973,37,44.6,3.7,47,20.5,-10,0.79,23,2.6,37,4.2
Illinois,1/1/2026,10269,6561,63.9,-0.3,6242,319,28.5,4.9,219,-15.4,100,1.46,124,2.0,217,3.5
Indiana,1/1/2026,5515,3504,63.5,-0.6,3385,118,1.3,3.4,126,-19.2,-8,0.94,101,3.1,114,3.5
Iowa,1/1/2026,2569,1744,67.9,-1.3,1685,59,28.2,3.4,65,-14.5,-6,0.91,44,2.8,53,3.3
Kansas,1/1/2026,2326,1579,67.9,0.8,1518,61,31.3,3.9,68,0.0,-7,0.90,37,2.5,50,3.4
Kentucky,1/1/2026,3640,2115,58.1,-0.5,2024,90,5.9,4.3,88,-6.4,2,1.03,43,2.1,63,3.1
Louisiana,1/1/2026,3607,2113,58.6,0.6,2022,90,-6.9,4.3,95,4.4,-5,0.95,54,2.7,71,3.5
Maine,1/1/2026,1188,709,59.7,-2.3,686,23,5.5,3.3,28,-12.5,-5,0.84,14,2.1,20,3.1
Maryland,1/1/2026,5017,3215,64.1,-5.2,3078,137,19.0,4.3,126,-22.7,11,1.09,58,2.1,87,3.1
Massachusetts,1/1/2026,5932,3927,66.2,-0.1,3740,186,58.0,4.7,129,-22.8,57,1.44,53,1.4,104,2.8
Michigan,1/1/2026,8236,4993,60.6,-0.7,4741,252,35.5,5.0,205,-5.5,47,1.23,100,2.2,180,4.0
Minnesota,1/1/2026,4663,3178,68.2,-1.8,3039,139,26.4,4.4,150,9.5,-11,0.93,65,2.1,91,3.0
Mississippi,1/1/2026,2326,1293,55.6,-0.4,1247,47,-35.9,3.6,61,19.6,-14,0.77,28,2.3,43,3.6
Missouri,1/1/2026,4995,3178,63.6,-0.4,3055,123,17.2,3.9,136,9.7,-13,0.91,72,2.4,108,3.5
Montana,1/1/2026,930,579,62.3,-1.4,558,21,9.2,3.6,23,-17.9,-2,0.92,16,3.0,23,4.3
Nebraska,1/1/2026,1575,1105,70.1,0.0,1071,34,5.2,3.0,40,-20.0,-6,0.84,25,2.4,34,3.2
Nevada,1/1/2026,2665,1694,63.6,-0.6,1605,89,30.8,5.3,58,-20.5,31,1.54,29,1.8,74,4.7
New Hampshire,1/1/2026,1190,777,65.3,-2.9,752,25,27.5,3.2,25,-26.5,0,1.01,15,2.1,19,2.7
New Jersey,1/1/2026,7728,4918,63.6,-0.8,4663,255,30.5,5.2,167,-14.8,88,1.52,65,1.5,150,3.4
New Mexico,1/1/2026,1710,985,57.6,-0.2,941,44,-12.5,4.5,33,-35.3,11,1.34,18,2.0,33,3.6
New York,1/1/2026,16374,10105,61.7,0.8,9639,465,12.8,4.6,372,-13.5,93,1.25,149,1.5,366,3.7
North Carolina,1/1/2026,8980,5313,59.2,-2.2,5110,203,7.2,3.8,231,-1.7,-28,0.88,127,2.5,161,3.1
North Dakota,1/1/2026,621,435,70.0,0.7,424,11,24.3,2.6,21,-8.7,-10,0.54,13,2.9,18,4.0
Ohio,1/1/2026,9539,5932,62.2,-1.3,5678,255,-4.8,4.3,278,9.9,-23,0.92,143,2.5,176,3.1
Oklahoma,1/1/2026,3213,2019,62.8,2.0,1941,78,34.4,3.9,101,18.8,-23,0.77,41,2.3,60,3.3
Oregon,1/1/2026,3527,2218,62.9,1.9,2102,116,56.1,5.2,78,-28.4,38,1.49,42,2.1,79,3.9
Pennsylvania,1/1/2026,10637,6583,61.9,-0.9,6301,282,-6.3,4.3,243,-13.2,39,1.16,98,1.6,182,2.9
Rhode Island,1/1/2026,928,591,63.7,-0.5,564,27,28.5,4.5,23,-4.2,4,1.17,10,1.9,21,4.1
South Carolina,1/1/2026,4508,2647,58.7,0.8,2516,130,91.0,4.9,113,3.7,17,1.15,54,2.2,96,4.0
South Dakota,1/1/2026,726,493,68.0,-1.2,482,11,-5.1,2.2,20,-13.0,-9,0.55,18,3.8,17,3.6
Tennessee,1/1/2026,5857,3542,60.5,-1.0,3416,126,9.0,3.5,141,0.7,-15,0.89,67,2.0,125,3.7
Texas,1/1/2026,24667,15955,64.7,0.8,15267,688,37.1,4.3,603,14.2,85,1.14,317,2.2,477,3.3
Utah,1/1/2026,2730,1844,67.5,-0.7,1775,69,70.2,3.8,67,-10.7,2,1.03,39,2.2,65,3.6
Vermont,1/1/2026,544,345,63.5,-2.4,336,9,20.4,2.7,11,-35.3,-2,0.84,8,2.5,9,2.9
Virginia,1/1/2026,7078,4518,63.8,-1.8,4353,165,29.6,3.7,210,-4.5,-45,0.79,90,2.1,136,3.2
Washington,1/1/2026,6491,4065,62.6,-2.8,3861,204,36.7,5.0,121,-36.3,83,1.69,61,1.7,129,3.5
West Virginia,1/1/2026,1435,783,54.5,-0.4,746,36,-14.0,4.6,44,-12.0,-8,0.82,17,2.4,30,4.2
Wisconsin,1/1/2026,4855,3121,64.3,-1.9,3017,103,7.9,3.3,119,-25.6,-16,0.87,76,2.5,107,3.5
Wyoming,1/1/2026,471,288,61.2,-4.6,278,10,-25.2,3.6,11,-38.9,-1,0.93,10,3.4,12,4.1
Alabama,12/1/2025,4143,2388,57.6,0.4,2323,65,-12.6,2.7,100,1.0,-35,0.65,47,2.1,65,2.9
Alaska,12/1/2025,558,368,65.9,1.4,350,18,-6.9,4.8,18,-21.7,0,0.97,10,3.0,19,5.6
Arizona,12/1/2025,6149,3815,62.0,0.0,3648,167,-0.8,4.4,145,-7.6,22,1.15,73,2.2,118,3.6
Arkansas,12/1/2025,2456,1449,59.0,1.1,1386,62,29.2,4.3,68,6.3,-6,0.91,29,2.1,45,3.2
California,12/1/2025,31771,19878,62.6,-0.5,18785,1093,27.1,5.5,650,-19.4,443,1.68,252,1.4,531,2.9
Colorado,12/1/2025,4862,3254,66.9,-1.7,3129,125,25.4,3.8,116,-9.4,9,1.08,68,2.3,103,3.4
Connecticut,12/1/2025,3025,1934,63.9,-2.4,1850,83,12.1,4.3,74,10.4,9,1.13,30,1.7,55,3.2
Delaware,12/1/2025,867,517,59.7,-1.4,490,28,59.6,5.3,22,0.0,6,1.25,11,2.2,15,3.0
District of Columbia,12/1/2025,572,409,71.5,0.0,382,28,19.9,6.7,27,-12.9,1,1.02,12,1.6,13,1.8
Florida,12/1/2025,19298,11117,57.6,-1.7,10638,479,55.0,4.3,434,-0.2,45,1.10,201,2.0,299,3.0
Georgia,12/1/2025,8951,5441,60.8,-2.1,5251,190,0.6,3.5,261,10.1,-71,0.73,120,2.4,148,3.0
Hawaii,12/1/2025,1134,688,60.7,-0.7,673,15,1.1,2.2,21,-30.0,-6,0.72,13,2.0,21,3.2
Idaho,12/1/2025,1605,1010,62.9,-1.3,973,37,43.0,3.6,39,0.0,-2,0.94,21,2.4,36,4.1
Illinois,12/1/2025,10269,6560,63.9,-0.3,6252,308,24.1,4.7,231,-10.8,77,1.33,124,2.0,215,3.5
Indiana,12/1/2025,5513,3506,63.6,-0.6,3383,124,5.7,3.5,147,-5.8,-23,0.84,81,2.5,126,3.8
Iowa,12/1/2025,2568,1744,67.9,-1.2,1684,60,29.9,3.4,65,-14.5,-5,0.92,34,2.1,46,2.9
Kansas,12/1/2025,2325,1581,68.0,0.9,1521,60,28.4,3.8,66,-2.9,-6,0.91,35,2.4,46,3.1
Kentucky,12/1/2025,3639,2120,58.3,-0.3,2027,93,8.7,4.4,94,0.0,-1,0.98,43,2.1,61,3.0
Louisiana,12/1/2025,3606,2108,58.5,0.5,2018,90,-7.7,4.2,102,12.1,-12,0.88,52,2.6,73,3.6
Maine,12/1/2025,1187,710,59.8,-2.2,687,23,5.9,3.3,35,9.4,-12,0.67,10,1.5,26,4.0
Maryland,12/1/2025,5016,3222,64.2,-5.0,3085,136,18.5,4.2,124,-23.9,12,1.10,60,2.1,72,2.5
Massachusetts,12/1/2025,5933,3936,66.3,0.0,3752,184,56.1,4.7,141,-15.6,43,1.30,52,1.4,101,2.7
Michigan,12/1/2025,8234,5000,60.7,-0.6,4751,249,34.0,5.0,212,-2.3,37,1.17,111,2.4,161,3.5
Minnesota,12/1/2025,4660,3182,68.3,-1.7,3048,134,22.0,4.2,145,5.8,-11,0.92,54,1.8,82,2.7
Mississippi,12/1/2025,2326,1296,55.7,-0.3,1248,47,-35.2,3.7,67,31.4,-20,0.71,30,2.5,42,3.5
Missouri,12/1/2025,4993,3175,63.6,-0.4,3052,123,17.1,3.9,137,10.5,-14,0.90,77,2.5,94,3.1
Montana,12/1/2025,930,579,62.3,-1.4,559,21,6.4,3.6,25,-10.7,-4,0.82,15,2.8,26,4.9
Nebraska,12/1/2025,1574,1105,70.2,0.1,1071,33,4.1,3.0,41,-18.0,-8,0.81,22,2.1,30,2.8
Nevada,12/1/2025,2663,1687,63.4,-0.8,1599,88,29.3,5.2,61,-16.4,27,1.45,32,2.0,57,3.6
New Hampshire,12/1/2025,1189,777,65.3,-2.9,752,25,25.9,3.2,36,5.9,-11,0.69,13,1.8,28,4.0
New Jersey,12/1/2025,7726,4919,63.7,-0.8,4655,264,35.1,5.4,205,4.6,59,1.29,64,1.5,136,3.1
New Mexico,12/1/2025,1710,985,57.6,-0.2,943,43,-15.9,4.3,42,-17.6,1,1.01,18,2.0,37,4.1
New York,12/1/2025,16376,10080,61.6,0.6,9615,465,12.7,4.6,500,16.3,-35,0.93,157,1.6,364,3.6
North Carolina,12/1/2025,8971,5317,59.3,-2.1,5113,203,7.2,3.8,247,5.1,-44,0.82,123,2.4,169,3.3
North Dakota,12/1/2025,621,434,69.9,0.6,423,11,23.4,2.6,23,0.0,-12,0.49,11,2.4,17,3.8
Ohio,12/1/2025,9537,5938,62.3,-1.2,5679,258,-3.5,4.4,253,0.0,5,1.02,135,2.4,173,3.0
Oklahoma,12/1/2025,3211,2020,62.9,2.1,1945,75,30.0,3.7,107,25.9,-32,0.70,40,2.2,57,3.2
Oregon,12/1/2025,3527,2222,63.0,2.0,2105,117,57.0,5.3,76,-30.3,41,1.54,42,2.1,70,3.5
Pennsylvania,12/1/2025,10636,6571,61.8,-1.0,6284,287,-4.8,4.4,240,-14.3,47,1.19,111,1.8,162,2.6
Rhode Island,12/1/2025,928,592,63.8,-0.4,566,26,25.8,4.4,30,25.0,-4,0.88,10,1.9,24,4.7
South Carolina,12/1/2025,4503,2635,58.5,0.7,2509,126,84.3,4.8,117,7.3,9,1.07,60,2.5,89,3.7
South Dakota,12/1/2025,726,494,68.1,-1.1,483,11,-7.2,2.2,21,-8.7,-10,0.51,10,2.1,17,3.6
Tennessee,12/1/2025,5854,3546,60.6,-0.8,3420,126,9.3,3.6,149,6.4,-23,0.85,94,2.8,119,3.5
Texas,12/1/2025,24647,15959,64.7,0.9,15274,684,36.3,4.3,623,18.0,61,1.10,299,2.1,472,3.3
Utah,12/1/2025,2727,1845,67.7,-0.6,1777,68,67.5,3.7,70,-6.7,-2,0.97,38,2.1,60,3.4
Vermont,12/1/2025,544,347,63.7,-2.2,338,9,20.0,2.7,16,-5.9,-7,0.58,5,1.6,12,3.8
Virginia,12/1/2025,7074,4520,63.9,-1.7,4359,161,26.0,3.6,205,-6.8,-44,0.79,94,2.2,144,3.4
Washington,12/1/2025,6488,4063,62.6,-2.8,3865,198,32.6,4.9,118,-37.9,80,1.68,62,1.7,106,2.9
West Virginia,12/1/2025,1435,784,54.6,-0.3,748,36,-14.2,4.6,43,-14.0,-7,0.84,18,2.5,27,3.8
Wisconsin,12/1/2025,4854,3116,64.2,-1.9,3017,100,3.9,3.2,124,-22.5,-24,0.80,64,2.1,96,3.2
Wyoming,12/1/2025,471,288,61.3,-4.5,278,10,-26.9,3.5,13,-27.8,-3,0.77,5,1.7,13,4.4
Alabama,11/1/2025,4141,2388,57.7,0.4,2323,65,-12.5,2.7,111,12.1,-46,0.58,36,1.6,66,3.0
Alaska,11/1/2025,558,368,65.9,1.5,350,18,-6.9,4.8,33,43.5,-15,0.53,5,1.5,32,9.4
Arizona,11/1/2025,6145,3816,62.1,0.1,3648,168,-0.6,4.4,155,-1.3,13,1.08,65,2.0,107,3.3
Arkansas,11/1/2025,2455,1449,59.0,1.1,1386,62,29.5,4.3,71,10.9,-9,0.88,29,2.1,44,3.2
California,11/1/2025,31776,19879,62.6,-0.5,18785,1094,27.2,5.5,640,-20.6,454,1.71,255,1.4,514,2.9
Colorado,11/1/2025,4861,3254,66.9,-1.7,3129,125,25.2,3.8,131,2.3,-6,0.95,60,2.0,111,3.7
Connecticut,11/1/2025,3025,1934,63.9,-2.3,1850,84,12.3,4.3,74,10.4,10,1.13,29,1.7,54,3.2
Delaware,11/1/2025,866,517,59.7,-1.3,490,28,60.1,5.3,25,13.6,3,1.10,9,1.8,18,3.6
District of Columbia,11/1/2025,572,409,71.4,0.0,381,28,20.2,6.7,31,0.0,-3,0.89,10,1.4,16,2.2
Florida,11/1/2025,19288,11116,57.6,-1.7,10636,481,55.5,4.3,504,15.9,-23,0.95,212,2.1,317,3.2
Georgia,11/1/2025,8945,5442,60.8,-2.1,5252,191,0.7,3.5,323,36.3,-132,0.59,83,1.7,161,3.2
Hawaii,11/1/2025,1134,688,60.7,-0.7,673,15,0.4,2.2,30,0.0,-15,0.50,15,2.3,25,3.8
Idaho,11/1/2025,1603,1010,63.0,-1.2,973,37,43.1,3.6,50,28.2,-13,0.73,19,2.2,43,4.9
Illinois,11/1/2025,10268,6558,63.9,-0.3,6250,308,24.0,4.7,285,10.0,23,1.08,99,1.6,248,4.0
Indiana,11/1/2025,5511,3506,63.6,-0.5,3383,124,5.9,3.5,147,-5.8,-23,0.84,96,2.9,128,3.9
Iowa,11/1/2025,2568,1743,67.9,-1.2,1684,60,29.7,3.4,68,-10.5,-8,0.88,30,1.9,61,3.8
Kansas,11/1/2025,2324,1581,68.0,0.9,1521,60,28.4,3.8,69,1.5,-9,0.87,31,2.1,55,3.8
Kentucky,11/1/2025,3638,2120,58.3,-0.3,2027,93,8.8,4.4,105,11.7,-12,0.88,40,1.9,70,3.4
Louisiana,11/1/2025,3606,2108,58.5,0.5,2019,90,-7.7,4.2,122,34.1,-32,0.73,44,2.2,74,3.7
Maine,11/1/2025,1187,710,59.8,-2.2,687,24,6.0,3.3,34,6.3,-10,0.69,9,1.4,27,4.1
Maryland,11/1/2025,5014,3223,64.3,-5.0,3085,138,19.5,4.3,149,-8.6,-11,0.92,41,1.5,87,3.1
Massachusetts,11/1/2025,5933,3936,66.3,0.0,3751,184,56.3,4.7,168,0.6,16,1.10,57,1.5,107,2.9
Michigan,11/1/2025,8232,4999,60.7,-0.6,4751,248,33.7,5.0,246,13.4,2,1.01,125,2.8,198,4.4
Minnesota,11/1/2025,4658,3183,68.3,-1.6,3049,134,22.3,4.2,144,5.1,-10,0.93,59,1.9,98,3.2
Mississippi,11/1/2025,2326,1296,55.7,-0.3,1249,47,-35.2,3.7,68,33.3,-21,0.70,26,2.2,44,3.7
Missouri,11/1/2025,4991,3176,63.6,-0.4,3053,123,17.1,3.9,147,18.5,-24,0.84,66,2.2,103,3.4
Montana,11/1/2025,929,579,62.3,-1.3,559,21,6.7,3.6,38,35.7,-17,0.54,13,2.5,31,5.9
Nebraska,11/1/2025,1574,1105,70.2,0.1,1072,33,4.1,3.0,46,-8.0,-13,0.72,21,2.0,40,3.8
Nevada,11/1/2025,2661,1687,63.4,-0.8,1599,88,29.4,5.2,62,-15.1,26,1.43,36,2.3,56,3.6
New Hampshire,11/1/2025,1189,777,65.3,-2.9,752,25,25.8,3.2,38,11.8,-13,0.65,13,1.8,28,3.9
New Jersey,11/1/2025,7725,4920,63.7,-0.8,4655,265,35.7,5.4,194,-1.0,71,1.36,62,1.4,130,3.0
New Mexico,11/1/2025,1710,985,57.6,-0.2,942,43,-15.9,4.3,43,-15.7,0,0.99,19,2.1,33,3.6
New York,11/1/2025,16377,10081,61.6,0.6,9614,467,13.2,4.6,465,8.1,2,1.00,194,1.9,376,3.8
North Carolina,11/1/2025,8962,5317,59.3,-2.1,5113,204,7.3,3.8,252,7.2,-48,0.81,93,1.8,178,3.5
North Dakota,11/1/2025,621,434,69.9,0.6,423,11,23.5,2.6,26,13.0,-15,0.43,10,2.2,21,4.7
Ohio,11/1/2025,9534,5937,62.3,-1.2,5679,258,-3.7,4.3,294,16.2,-36,0.88,125,2.2,206,3.6
Oklahoma,11/1/2025,3210,2020,62.9,2.2,1945,76,30.4,3.7,105,23.5,-29,0.72,38,2.1,55,3.0
Oregon,11/1/2025,3526,2222,63.0,2.0,2105,117,57.2,5.3,82,-24.8,35,1.43,41,2.0,74,3.7
Pennsylvania,11/1/2025,10635,6571,61.8,-1.0,6284,288,-4.5,4.4,257,-8.2,31,1.12,88,1.4,138,2.2
Rhode Island,11/1/2025,928,592,63.8,-0.4,566,26,25.6,4.4,25,4.2,1,1.05,11,2.1,19,3.7
South Carolina,11/1/2025,4497,2635,58.6,0.7,2509,126,84.7,4.8,124,13.8,2,1.02,52,2.1,85,3.5
South Dakota,11/1/2025,725,494,68.2,-1.0,483,11,-7.1,2.2,24,4.3,-13,0.45,10,2.1,19,4.0
Tennessee,11/1/2025,5850,3546,60.6,-0.8,3421,126,9.3,3.6,170,21.4,-44,0.74,59,1.7,117,3.4
Texas,11/1/2025,24626,15962,64.8,0.9,15277,686,36.6,4.3,613,16.1,73,1.12,276,1.9,473,3.3
Utah,11/1/2025,2724,1845,67.7,-0.5,1777,68,67.8,3.7,74,-1.3,-6,0.92,43,2.4,65,3.7
Vermont,11/1/2025,545,347,63.7,-2.2,337,9,20.0,2.7,16,-5.9,-7,0.58,7,2.2,12,3.8
Virginia,11/1/2025,7070,4519,63.9,-1.7,4358,161,26.1,3.6,231,5.0,-70,0.70,66,1.5,137,3.2
Washington,11/1/2025,6483,4063,62.7,-2.8,3865,198,32.6,4.9,136,-28.4,62,1.46,61,1.7,111,3.0
West Virginia,11/1/2025,1435,784,54.6,-0.3,748,36,-13.8,4.6,45,-10.0,-9,0.81,17,2.4,28,3.9
Wisconsin,11/1/2025,4852,3115,64.2,-1.9,3016,99,3.8,3.2,138,-13.8,-39,0.72,63,2.1,110,3.6
Wyoming,11/1/2025,471,288,61.3,-4.5,278,10,-26.9,3.5,23,27.8,-13,0.44,5,1.7,18,6.1
Alabama,10/1/2025,,,,,,,,,,,,,,,,
Alaska,10/1/2025,,,,,,,,,,,,,,,,
Arizona,10/1/2025,,,,,,,,,,,,,,,,
Arkansas,10/1/2025,,,,,,,,,,,,,,,,
California,10/1/2025,,,,,,,,,,,,,,,,
Colorado,10/1/2025,,,,,,,,,,,,,,,,
Connecticut,10/1/2025,,,,,,,,,,,,,,,,
Delaware,10/1/2025,,,,,,,,,,,,,,,,
District of Columbia,10/1/2025,,,,,,,,,,,,,,,,
Florida,10/1/2025,,,,,,,,,,,,,,,,
Georgia,10/1/2025,,,,,,,,,,,,,,,,
Hawaii,10/1/2025,,,,,,,,,,,,,,,,
Idaho,10/1/2025,,,,,,,,,,,,,,,,
Illinois,10/1/2025,,,,,,,,,,,,,,,,
Indiana,10/1/2025,,,,,,,,,,,,,,,,
Iowa,10/1/2025,,,,,,,,,,,,,,,,
Kansas,10/1/2025,,,,,,,,,,,,,,,,
Kentucky,10/1/2025,,,,,,,,,,,,,,,,
Louisiana,10/1/2025,,,,,,,,,,,,,,,,
Maine,10/1/2025,,,,,,,,,,,,,,,,
Maryland,10/1/2025,,,,,,,,,,,,,,,,
Massachusetts,10/1/2025,,,,,,,,,,,,,,,,
Michigan,10/1/2025,,,,,,,,,,,,,,,,
Minnesota,10/1/2025,,,,,,,,,,,,,,,,
Mississippi,10/1/2025,,,,,,,,,,,,,,,,
Missouri,10/1/2025,,,,,,,,,,,,,,,,
Montana,10/1/2025,,,,,,,,,,,,,,,,
Nebraska,10/1/2025,,,,,,,,,,,,,,,,
Nevada,10/1/2025,,,,,,,,,,,,,,,,
New Hampshire,10/1/2025,,,,,,,,,,,,,,,,
New Jersey,10/1/2025,,,,,,,,,,,,,,,,
New Mexico,10/1/2025,,,,,,,,,,,,,,,,
New York,10/1/2025,,,,,,,,,,,,,,,,
North Carolina,10/1/2025,,,,,,,,,,,,,,,,
North Dakota,10/1/2025,,,,,,,,,,,,,,,,
Ohio,10/1/2025,,,,,,,,,,,,,,,,
Oklahoma,10/1/2025,,,,,,,,,,,,,,,,
Oregon,10/1/2025,,,,,,,,,,,,,,,,
Pennsylvania,10/1/2025,,,,,,,,,,,,,,,,
Rhode Island,10/1/2025,,,,,,,,,,,,,,,,
South Carolina,10/1/2025,,,,,,,,,,,,,,,,
South Dakota,10/1/2025,,,,,,,,,,,,,,,,
Tennessee,10/1/2025,,,,,,,,,,,,,,,,
Texas,10/1/2025,,,,,,,,,,,,,,,,
Utah,10/1/2025,,,,,,,,,,,,,,,,
Vermont,10/1/2025,,,,,,,,,,,,,,,,
Virginia,10/1/2025,,,,,,,,,,,,,,,,
Washington,10/1/2025,,,,,,,,,,,,,,,,
West Virginia,10/1/2025,,,,,,,,,,,,,,,,
Wisconsin,10/1/2025,,,,,,,,,,,,,,,,
Wyoming,10/1/2025,,,,,,,,,,,,,,,,
Alabama,9/1/2025,4136,2383,57.6,0.4,2317,66,-11.3,2.8,105,6.1,-39,0.63,44,2.0,73,3.3
Alaska,9/1/2025,558,367,65.8,1.3,349,17,-8.5,4.7,18,-21.7,-1,0.96,9,2.7,17,5.0
Arizona,9/1/2025,6135,3812,62.1,0.1,3645,167,-0.7,4.4,137,-12.7,30,1.22,66,2.0,104,3.2
Arkansas,9/1/2025,2452,1444,58.9,1.0,1382,61,27.3,4.2,68,6.3,-7,0.90,25,1.8,46,3.3
California,9/1/2025,31780,19857,62.5,-0.5,18759,1097,27.6,5.5,708,-12.2,389,1.55,373,2.1,567,3.1
Colorado,9/1/2025,4858,3254,67.0,-1.7,3129,125,25.4,3.8,130,1.6,-5,0.96,54,1.8,105,3.5
Connecticut,9/1/2025,3023,1933,63.9,-2.3,1852,81,8.6,4.2,67,0.0,14,1.21,25,1.5,48,2.8
Delaware,9/1/2025,864,517,59.8,-1.2,490,27,55.0,5.2,24,9.1,3,1.11,11,2.2,18,3.6
District of Columbia,9/1/2025,572,409,71.4,0.0,382,27,18.1,6.6,31,0.0,-4,0.87,12,1.6,16,2.1
Florida,9/1/2025,19265,11093,57.6,-1.7,10632,461,49.2,4.2,463,6.4,-2,1.00,221,2.2,340,3.4
Georgia,9/1/2025,8931,5431,60.8,-2.1,5244,187,-1.4,3.4,286,20.7,-99,0.65,98,2.0,161,3.2
Hawaii,9/1/2025,1134,687,60.6,-0.8,673,15,-2.8,2.1,26,-13.3,-11,0.56,12,1.8,20,3.1
Idaho,9/1/2025,1598,1009,63.1,-1.0,972,37,42.9,3.6,41,5.1,-4,0.89,20,2.3,35,4.0
Illinois,9/1/2025,10265,6555,63.9,-0.3,6263,292,17.9,4.5,318,22.8,-26,0.92,131,2.1,199,3.2
Indiana,9/1/2025,5505,3510,63.7,-0.4,3381,128,9.7,3.7,147,-5.8,-19,0.87,60,1.8,122,3.7
Iowa,9/1/2025,2566,1739,67.8,-1.4,1680,60,29.3,3.4,73,-3.9,-13,0.82,30,1.9,51,3.2
Kansas,9/1/2025,2322,1579,68.0,0.9,1520,59,27.3,3.8,67,-1.5,-8,0.89,23,1.6,45,3.1
Kentucky,9/1/2025,3634,2118,58.3,-0.3,2023,95,11.1,4.5,98,4.3,-3,0.97,37,1.8,73,3.5
Louisiana,9/1/2025,3605,2099,58.2,0.2,2010,89,-8.3,4.2,98,7.7,-9,0.91,41,2.0,76,3.8
Maine,9/1/2025,1186,709,59.8,-2.2,686,23,5.9,3.3,32,0.0,-9,0.73,12,1.8,24,3.7
Maryland,9/1/2025,5011,3227,64.4,-4.9,3088,139,20.6,4.3,126,-22.7,13,1.10,53,1.9,85,3.0
Massachusetts,9/1/2025,5932,3940,66.4,0.1,3759,181,53.6,4.6,155,-7.2,26,1.17,50,1.3,98,2.6
Michigan,9/1/2025,8226,5004,60.8,-0.5,4758,246,32.2,4.9,252,16.1,-6,0.97,96,2.1,166,3.7
Minnesota,9/1/2025,4652,3180,68.4,-1.6,3051,130,18.0,4.1,160,16.8,-30,0.81,57,1.9,89,2.9
Mississippi,9/1/2025,2324,1296,55.7,-0.3,1248,48,-34.7,3.7,60,17.6,-12,0.79,25,2.1,40,3.3
Missouri,9/1/2025,4986,3169,63.6,-0.4,3044,125,18.5,3.9,147,18.5,-22,0.85,59,2.0,95,3.1
Montana,9/1/2025,928,579,62.4,-1.3,558,20,4.3,3.5,28,0.0,-8,0.72,15,2.8,24,4.5
Nebraska,9/1/2025,1572,1103,70.2,0.1,1071,32,1.9,2.9,46,-8.0,-14,0.71,19,1.8,32,3.0
Nevada,9/1/2025,2656,1678,63.2,-1.0,1591,88,28.8,5.2,64,-12.3,24,1.37,35,2.2,54,3.4
New Hampshire,9/1/2025,1187,776,65.3,-2.9,751,25,24.1,3.2,33,-2.9,-8,0.74,14,2.0,24,3.4
New Jersey,9/1/2025,7721,4915,63.7,-0.8,4645,270,38.5,5.5,198,1.0,72,1.36,59,1.3,148,3.4
New Mexico,9/1/2025,1710,984,57.5,-0.3,943,41,-18.6,4.2,50,-2.0,-9,0.82,19,2.1,31,3.4
New York,9/1/2025,16375,10045,61.3,0.4,9581,464,12.4,4.6,456,6.0,8,1.02,149,1.5,291,2.9
North Carolina,9/1/2025,8942,5308,59.4,-2.0,5103,205,7.8,3.9,271,15.3,-66,0.75,152,3.0,187,3.7
North Dakota,9/1/2025,620,433,69.8,0.5,421,11,23.5,2.6,23,0.0,-12,0.49,9,2.0,16,3.6
Ohio,9/1/2025,9528,5935,62.3,-1.2,5677,258,-3.6,4.3,255,0.8,3,1.01,105,1.8,187,3.3
Oklahoma,9/1/2025,3205,2022,63.1,2.3,1950,73,25.0,3.6,100,17.6,-27,0.73,37,2.1,61,3.4
Oregon,9/1/2025,3524,2221,63.0,2.0,2103,118,58.2,5.3,83,-23.9,35,1.42,45,2.2,71,3.5
Pennsylvania,9/1/2025,10631,6553,61.6,-1.2,6264,289,-3.9,4.4,225,-19.6,64,1.29,63,1.0,152,2.4
Rhode Island,9/1/2025,927,593,63.9,-0.3,567,26,22.3,4.3,24,0.0,2,1.06,10,1.9,21,4.1
South Carolina,9/1/2025,4484,2623,58.5,0.6,2500,123,79.7,4.7,129,18.3,-6,0.95,56,2.3,103,4.2
South Dakota,9/1/2025,724,494,68.2,-1.0,483,10,-9.6,2.1,21,-8.7,-11,0.50,10,2.1,15,3.2
Tennessee,9/1/2025,5841,3541,60.6,-0.8,3417,125,8.1,3.5,144,2.9,-19,0.87,78,2.3,131,3.8
Texas,9/1/2025,24579,15945,64.9,1.0,15263,682,35.8,4.3,600,13.6,82,1.14,296,2.1,412,2.9
Utah,9/1/2025,2717,1842,67.8,-0.5,1775,67,65.1,3.6,74,-1.3,-7,0.91,39,2.2,59,3.3
Vermont,9/1/2025,545,347,63.8,-2.1,338,9,18.9,2.6,15,-11.8,-6,0.61,7,2.2,11,3.5
Virginia,9/1/2025,7061,4517,64.0,-1.7,4362,155,21.4,3.4,222,0.9,-67,0.70,91,2.1,144,3.4
Washington,9/1/2025,6474,4057,62.7,-2.8,3865,192,28.5,4.7,133,-30.0,59,1.44,58,1.6,102,2.8
West Virginia,9/1/2025,1435,783,54.6,-0.4,748,35,-16.7,4.5,42,-16.0,-7,0.84,16,2.2,28,3.9
Wisconsin,9/1/2025,4848,3107,64.1,-2.0,3011,97,0.7,3.1,138,-13.8,-41,0.70,55,1.8,95,3.1
Wyoming,9/1/2025,470,288,61.3,-4.5,278,10,-29.0,3.4,14,-22.2,-4,0.70,10,3.4,13,4.4
Alabama,8/1/2025,4134,2379,57.5,0.3,2312,66,-10.5,2.8,110,11.1,-44,0.60,43,1.9,74,3.3
Alaska,8/1/2025,557,366,65.6,1.2,349,17,-9.7,4.6,18,-21.7,-1,0.94,10,3.0,15,4.4
Arizona,8/1/2025,6130,3808,62.1,0.1,3641,166,-1.4,4.4,158,0.6,8,1.05,71,2.2,121,3.7
Arkansas,8/1/2025,2450,1439,58.7,0.8,1379,60,24.6,4.2,70,9.4,-10,0.86,25,1.8,47,3.4
California,8/1/2025,31779,19850,62.5,-0.6,18753,1097,27.6,5.5,731,-9.3,366,1.50,324,1.8,565,3.1
Colorado,8/1/2025,4856,3254,67.0,-1.6,3129,126,26.2,3.9,123,-3.9,3,1.02,72,2.4,111,3.7
Connecticut,8/1/2025,3022,1933,64.0,-2.3,1855,78,5.3,4.1,69,3.0,9,1.14,23,1.3,50,2.9
Delaware,8/1/2025,864,516,59.8,-1.2,491,26,49.4,5.0,23,4.5,3,1.12,12,2.4,18,3.7
District of Columbia,8/1/2025,572,409,71.6,0.1,383,27,15.7,6.5,27,-12.9,0,0.98,10,1.3,13,1.7
Florida,8/1/2025,19252,11081,57.6,-1.8,10637,444,43.5,4.0,392,-9.9,52,1.13,208,2.1,361,3.6
Georgia,8/1/2025,8923,5422,60.8,-2.1,5239,183,-3.2,3.4,285,20.3,-102,0.64,90,1.8,173,3.5
Hawaii,8/1/2025,1134,687,60.6,-0.8,672,15,-2.4,2.1,26,-13.3,-11,0.56,13,2.0,21,3.2
Idaho,8/1/2025,1595,1008,63.2,-1.0,972,37,42.3,3.6,43,10.3,-6,0.85,33,3.7,39,4.4
Illinois,8/1/2025,10263,6559,63.9,-0.2,6275,284,14.4,4.3,279,7.7,5,1.02,121,2.0,199,3.2
Indiana,8/1/2025,5502,3511,63.8,-0.4,3380,131,11.7,3.7,137,-12.2,-6,0.95,77,2.3,130,4.0
Iowa,8/1/2025,2565,1737,67.7,-1.4,1677,60,30.0,3.5,74,-2.6,-14,0.81,37,2.3,50,3.1
Kansas,8/1/2025,2320,1577,68.0,0.8,1518,59,26.5,3.7,69,1.5,-10,0.86,28,1.9,45,3.1
Kentucky,8/1/2025,3632,2116,58.3,-0.3,2020,96,12.8,4.5,104,10.6,-8,0.92,41,2.0,72,3.5
Louisiana,8/1/2025,3604,2092,58.0,0.1,2003,89,-8.4,4.2,105,15.4,-16,0.85,42,2.1,74,3.7
Maine,8/1/2025,1185,709,59.8,-2.3,685,23,5.8,3.3,33,3.1,-10,0.71,12,1.8,23,3.5
Maryland,8/1/2025,5009,3232,64.5,-4.8,3094,138,20.0,4.3,142,-12.9,-4,0.97,54,1.9,89,3.1
Massachusetts,8/1/2025,5931,3943,66.5,0.2,3765,178,51.2,4.5,166,-0.6,12,1.07,48,1.3,86,2.3
Michigan,8/1/2025,8223,5011,60.9,-0.4,4766,246,32.3,4.9,252,16.1,-6,0.98,86,1.9,179,4.0
Minnesota,8/1/2025,4649,3177,68.3,-1.6,3051,125,14.2,3.9,157,14.6,-32,0.80,59,1.9,85,2.8
Mississippi,8/1/2025,2324,1295,55.7,-0.3,1247,48,-34.2,3.7,60,17.6,-12,0.80,23,1.9,42,3.5
Missouri,8/1/2025,4983,3166,63.5,-0.5,3040,126,19.6,4.0,145,16.9,-19,0.87,55,1.8,87,2.9
Montana,8/1/2025,927,578,62.4,-1.3,558,20,1.4,3.4,27,-3.6,-7,0.73,16,3.0,24,4.5
Nebraska,8/1/2025,1571,1102,70.1,0.0,1069,32,0.6,2.9,46,-8.0,-14,0.70,21,2.0,33,3.1
Nevada,8/1/2025,2654,1671,63.0,-1.2,1584,87,28.1,5.2,65,-11.0,22,1.34,34,2.2,56,3.6
New Hampshire,8/1/2025,1187,775,65.3,-2.9,751,24,23.0,3.1,33,-2.9,-9,0.74,14,2.0,24,3.4
New Jersey,8/1/2025,7718,4909,63.6,-0.9,4639,270,38.6,5.5,214,9.2,56,1.26,67,1.5,141,3.2
New Mexico,8/1/2025,1709,984,57.5,-0.3,943,40,-20.6,4.1,48,-5.9,-8,0.84,20,2.2,31,3.4
New York,8/1/2025,16374,10013,61.2,0.2,9559,454,10.0,4.5,454,5.6,0,1.00,176,1.8,288,2.9
North Carolina,8/1/2025,8931,5301,59.4,-2.0,5096,204,7.7,3.9,261,11.1,-57,0.78,134,2.6,179,3.5
North Dakota,8/1/2025,619,431,69.7,0.4,420,11,23.2,2.6,23,0.0,-12,0.49,9,2.0,16,3.6
Ohio,8/1/2025,9523,5937,62.3,-1.2,5676,261,-2.5,4.4,260,2.8,1,1.00,116,2.0,196,3.4
Oklahoma,8/1/2025,3203,2023,63.2,2.4,1953,69,19.8,3.4,105,23.5,-36,0.66,36,2.0,63,3.5
Oregon,8/1/2025,3523,2220,63.0,2.0,2102,118,58.1,5.3,84,-22.9,34,1.40,45,2.2,64,3.2
Pennsylvania,8/1/2025,10629,6538,61.5,-1.3,6250,288,-4.5,4.4,262,-6.4,26,1.10,89,1.4,152,2.4
Rhode Island,8/1/2025,927,594,64.0,-0.2,568,25,20.9,4.3,26,8.3,-1,0.97,10,1.9,19,3.7
South Carolina,8/1/2025,4478,2612,58.3,0.5,2493,119,74.7,4.6,126,15.6,-7,0.95,58,2.4,95,3.9
South Dakota,8/1/2025,723,493,68.2,-1.0,483,10,-11.8,2.1,22,-4.3,-12,0.46,10,2.1,16,3.4
Tennessee,8/1/2025,5836,3536,60.6,-0.8,3413,124,7.3,3.5,145,3.6,-21,0.85,76,2.2,130,3.8
Texas,8/1/2025,24554,15922,64.8,1.0,15248,674,34.3,4.2,566,7.2,108,1.19,355,2.5,492,3.4
Utah,8/1/2025,2714,1840,67.8,-0.5,1774,66,62.3,3.6,75,0.0,-9,0.88,40,2.3,64,3.6
Vermont,8/1/2025,545,348,63.9,-1.9,339,9,18.3,2.6,15,-11.8,-6,0.61,6,1.9,11,3.5
Virginia,8/1/2025,7056,4518,64.0,-1.6,4367,151,18.0,3.3,221,0.5,-70,0.68,79,1.8,142,3.3
Washington,8/1/2025,6468,4054,62.7,-2.8,3866,188,25.6,4.6,139,-26.8,49,1.35,64,1.7,101,2.8
West Virginia,8/1/2025,1435,782,54.5,-0.4,748,34,-19.8,4.3,41,-18.0,-7,0.83,15,2.1,28,3.9
Wisconsin,8/1/2025,4846,3104,64.1,-2.1,3009,95,-1.0,3.1,140,-12.5,-45,0.68,52,1.7,92,3.0
Wyoming,8/1/2025,470,288,61.3,-4.5,278,10,-30.5,3.3,15,-16.7,-5,0.64,9,3.0,14,4.7
Alabama,7/1/2025,4131,2376,57.5,0.3,2309,67,-9.6,2.8,113,14.1,-46,0.59,40,1.8,73,3.3
Alaska,7/1/2025,557,365,65.5,1.1,348,17,-10.5,4.6,17,-26.1,0,0.99,11,3.3,17,5.0
Arizona,7/1/2025,6125,3802,62.1,0.1,3638,165,-2.3,4.3,143,-8.9,22,1.15,81,2.5,120,3.7
Arkansas,7/1/2025,2448,1435,58.6,0.7,1376,59,21.7,4.1,70,9.4,-11,0.84,23,1.7,53,3.8
California,7/1/2025,31780,19836,62.4,-0.6,18741,1095,27.3,5.5,677,-16.0,418,1.62,353,2.0,564,3.1
Colorado,7/1/2025,4854,3256,67.1,-1.6,3128,128,27.9,3.9,125,-2.3,3,1.02,64,2.1,96,3.2
Connecticut,7/1/2025,3021,1934,64.0,-2.2,1858,76,2.5,3.9,75,11.9,1,1.02,39,2.3,51,3.0
Delaware,7/1/2025,863,516,59.8,-1.2,491,25,43.8,4.8,23,4.5,2,1.08,10,2.0,18,3.7
District of Columbia,7/1/2025,572,410,71.8,0.3,384,26,13.4,6.3,32,3.2,-6,0.81,10,1.3,17,2.2
Florida,7/1/2025,19240,11077,57.6,-1.7,10649,428,38.5,3.9,467,7.4,-39,0.92,204,2.0,367,3.6
Georgia,7/1/2025,8915,5414,60.7,-2.2,5233,181,-4.6,3.3,281,18.6,-100,0.64,76,1.5,144,2.9
Hawaii,7/1/2025,1134,687,60.5,-0.8,672,15,0.2,2.2,25,-16.7,-10,0.60,14,2.2,21,3.2
Idaho,7/1/2025,1593,1007,63.2,-0.9,971,36,41.8,3.6,41,5.1,-5,0.89,22,2.5,35,4.0
Illinois,7/1/2025,10261,6568,64.0,-0.1,6288,281,13.1,4.3,281,8.5,0,1.00,110,1.8,199,3.2
Indiana,7/1/2025,5499,3511,63.8,-0.3,3379,131,12.4,3.7,143,-8.3,-12,0.92,92,2.8,124,3.8
Iowa,7/1/2025,2564,1736,67.7,-1.4,1675,61,31.3,3.5,71,-6.6,-10,0.85,36,2.3,51,3.2
Kansas,7/1/2025,2319,1574,67.9,0.8,1515,59,26.1,3.7,69,1.5,-10,0.85,31,2.1,46,3.1
Kentucky,7/1/2025,3631,2115,58.3,-0.3,2018,97,14.2,4.6,99,5.3,-2,0.98,39,1.9,75,3.6
Louisiana,7/1/2025,3603,2087,57.9,-0.1,1998,89,-8.1,4.3,100,9.9,-11,0.89,43,2.1,67,3.3
Maine,7/1/2025,1185,708,59.8,-2.3,685,23,5.7,3.3,39,21.9,-16,0.60,14,2.1,24,3.7
Maryland,7/1/2025,5007,3234,64.6,-4.7,3098,136,17.8,4.2,136,-16.6,0,1.00,47,1.7,88,3.1
Massachusetts,7/1/2025,5930,3946,66.5,0.2,3770,176,49.4,4.5,186,11.4,-10,0.95,61,1.6,97,2.6
Michigan,7/1/2025,8220,5021,61.1,-0.3,4773,248,33.6,4.9,243,12.0,5,1.02,109,2.4,157,3.5
Minnesota,7/1/2025,4646,3173,68.3,-1.7,3052,122,10.8,3.8,163,19.0,-41,0.75,57,1.9,85,2.8
Mississippi,7/1/2025,2323,1294,55.7,-0.3,1246,49,-33.5,3.8,61,19.6,-12,0.80,30,2.5,41,3.4
Missouri,7/1/2025,4981,3163,63.5,-0.5,3037,127,20.3,4.0,150,21.0,-23,0.84,67,2.2,88,2.9
Montana,7/1/2025,926,578,62.4,-1.3,558,19,-1.3,3.3,28,0.0,-9,0.68,15,2.8,27,5.1
Nebraska,7/1/2025,1569,1100,70.1,0.0,1068,32,-0.1,2.9,48,-4.0,-16,0.66,24,2.2,30,2.8
Nevada,7/1/2025,2652,1665,62.8,-1.4,1578,87,27.5,5.2,62,-15.1,25,1.40,35,2.2,65,4.1
New Hampshire,7/1/2025,1186,775,65.4,-2.9,751,24,22.6,3.1,37,8.8,-13,0.65,14,2.0,25,3.5
New Jersey,7/1/2025,7715,4904,63.6,-0.9,4636,268,37.2,5.5,205,4.6,63,1.31,84,1.9,163,3.7
New Mexico,7/1/2025,1709,984,57.6,-0.2,944,40,-21.8,4.0,49,-3.9,-9,0.81,18,2.0,36,4.0
New York,7/1/2025,16372,9986,61.0,0.1,9545,441,6.9,4.4,530,23.3,-89,0.83,151,1.5,298,3.0
North Carolina,7/1/2025,8920,5295,59.4,-2.0,5091,204,7.4,3.9,281,19.6,-77,0.73,108,2.1,157,3.1
North Dakota,7/1/2025,619,430,69.6,0.3,419,11,22.8,2.6,23,0.0,-12,0.48,11,2.4,16,3.5
Ohio,7/1/2025,9520,5941,62.4,-1.1,5675,266,-0.6,4.5,281,11.1,-15,0.95,162,2.8,193,3.4
Oklahoma,7/1/2025,3201,2022,63.2,2.4,1955,67,14.9,3.3,98,15.3,-31,0.68,39,2.2,61,3.4
Oregon,7/1/2025,3522,2218,63.0,2.0,2101,117,57.3,5.3,85,-22.0,32,1.38,44,2.2,73,3.6
Pennsylvania,7/1/2025,10626,6527,61.4,-1.4,6243,284,-5.7,4.4,245,-12.5,39,1.16,97,1.6,166,2.7
Rhode Island,7/1/2025,926,594,64.1,-0.1,569,25,20.9,4.2,27,12.5,-2,0.93,12,2.3,20,3.9
South Carolina,7/1/2025,4471,2603,58.2,0.4,2487,116,69.7,4.4,139,27.5,-23,0.83,55,2.3,94,3.9
South Dakota,7/1/2025,722,492,68.2,-1.0,482,10,-13.6,2.0,21,-8.7,-11,0.48,11,2.3,15,3.2
Tennessee,7/1/2025,5832,3531,60.6,-0.9,3408,123,6.7,3.5,170,21.4,-47,0.72,72,2.1,128,3.8
Texas,7/1/2025,24529,15898,64.8,0.9,15232,666,32.7,4.2,560,6.1,106,1.19,306,2.1,518,3.6
Utah,7/1/2025,2710,1838,67.8,-0.5,1773,65,59.7,3.5,74,-1.3,-9,0.88,40,2.3,65,3.7
Vermont,7/1/2025,545,349,64.0,-1.8,340,9,18.2,2.6,16,-5.9,-7,0.57,7,2.2,11,3.5
Virginia,7/1/2025,7051,4521,64.1,-1.5,4373,148,15.7,3.3,217,-1.4,-69,0.68,80,1.9,143,3.3
Washington,7/1/2025,6463,4051,62.7,-2.7,3866,185,23.7,4.6,137,-27.9,48,1.35,57,1.6,110,3.0
West Virginia,7/1/2025,1434,781,54.4,-0.5,748,33,-22.9,4.2,43,-14.0,-10,0.76,16,2.2,28,3.9
Wisconsin,7/1/2025,4843,3105,64.1,-2.0,3010,94,-1.4,3.0,137,-14.4,-43,0.69,61,2.0,92,3.0
Wyoming,7/1/2025,469,288,61.3,-4.5,279,9,-31.6,3.3,14,-22.2,-5,0.67,9,3.0,14,4.7
Alabama,6/1/2025,4128,2375,57.5,0.3,2307,68,-8.6,2.9,123,24.2,-55,0.55,54,2.4,73,3.3
Alaska,6/1/2025,557,365,65.5,1.1,348,17,-11.0,4.6,15,-34.8,2,1.12,11,3.3,20,5.9
Arizona,6/1/2025,6118,3798,62.1,0.1,3634,163,-3.2,4.3,142,-9.6,21,1.15,81,2.5,146,4.5
Arkansas,6/1/2025,2446,1432,58.5,0.6,1374,57,19.3,4.0,78,21.9,-21,0.74,30,2.2,48,3.5
California,6/1/2025,31770,19818,62.4,-0.6,18728,1091,26.8,5.5,629,-22.0,462,1.73,314,1.7,531,2.9
Colorado,6/1/2025,4851,3258,67.2,-1.5,3128,130,30.5,4.0,129,0.8,1,1.01,68,2.3,130,4.4
Connecticut,6/1/2025,3019,1936,64.1,-2.2,1861,75,0.6,3.9,77,14.9,-2,0.97,26,1.5,65,3.8
Delaware,6/1/2025,862,516,59.8,-1.2,492,24,39.2,4.7,25,13.6,-1,0.96,13,2.6,17,3.4
District of Columbia,6/1/2025,572,412,72.0,0.6,386,26,11.6,6.2,34,9.7,-8,0.75,12,1.6,18,2.3
Florida,6/1/2025,19222,11083,57.7,-1.7,10665,418,35.1,3.8,484,11.3,-66,0.86,243,2.4,354,3.5
Georgia,6/1/2025,8906,5408,60.7,-2.2,5229,180,-5.1,3.3,328,38.4,-148,0.55,115,2.3,164,3.3
Hawaii,6/1/2025,1134,687,60.6,-0.8,671,16,4.6,2.3,27,-10.0,-11,0.58,13,2.0,27,4.1
Idaho,6/1/2025,1590,1007,63.3,-0.9,970,36,41.5,3.6,41,5.1,-5,0.89,22,2.5,49,5.6
Illinois,6/1/2025,10257,6581,64.2,0.0,6297,284,14.4,4.3,298,15.1,-14,0.95,126,2.0,206,3.3
Indiana,6/1/2025,5495,3510,63.9,-0.3,3379,131,11.8,3.7,142,-9.0,-11,0.92,93,2.8,125,3.8
Iowa,6/1/2025,2563,1736,67.7,-1.4,1674,61,32.9,3.5,70,-7.9,-9,0.88,31,1.9,55,3.5
Kansas,6/1/2025,2317,1571,67.8,0.7,1513,59,26.0,3.7,73,7.4,-14,0.81,29,2.0,48,3.3
Kentucky,6/1/2025,3628,2114,58.3,-0.3,2016,98,15.0,4.6,117,24.5,-19,0.84,42,2.0,81,3.9
Louisiana,6/1/2025,3602,2086,57.9,-0.1,1996,90,-7.7,4.3,111,22.0,-21,0.81,45,2.2,72,3.6
Maine,6/1/2025,1184,708,59.8,-2.2,685,23,5.8,3.3,39,21.9,-16,0.60,14,2.1,25,3.8
Maryland,6/1/2025,5005,3234,64.6,-4.7,3102,132,14.7,4.1,142,-12.9,-10,0.93,48,1.7,85,3.0
Massachusetts,6/1/2025,5928,3948,66.6,0.3,3774,175,48.2,4.4,193,15.6,-18,0.91,58,1.6,99,2.7
Michigan,6/1/2025,8216,5031,61.2,-0.1,4778,253,35.9,5.0,226,4.1,27,1.12,106,2.3,173,3.8
Minnesota,6/1/2025,4643,3170,68.3,-1.7,3051,119,8.5,3.8,182,32.8,-63,0.65,55,1.8,97,3.2
Mississippi,6/1/2025,2322,1294,55.7,-0.3,1245,49,-32.5,3.8,68,33.3,-19,0.73,26,2.2,42,3.5
Missouri,6/1/2025,4978,3162,63.5,-0.5,3035,127,20.9,4.0,151,21.8,-24,0.84,65,2.2,90,3.0
Montana,6/1/2025,925,577,62.4,-1.3,559,19,-3.7,3.2,28,0.0,-9,0.67,15,2.8,28,5.3
Nebraska,6/1/2025,1568,1098,70.0,-0.1,1067,32,-0.1,2.9,47,-6.0,-15,0.68,22,2.1,33,3.1
Nevada,6/1/2025,2649,1662,62.7,-1.4,1575,87,27.3,5.2,69,-5.5,18,1.26,36,2.3,65,4.1
New Hampshire,6/1/2025,1185,775,65.4,-2.8,751,24,23.0,3.1,38,11.8,-14,0.64,13,1.8,27,3.8
New Jersey,6/1/2025,7711,4900,63.5,-0.9,4637,263,34.7,5.4,212,8.2,51,1.24,69,1.6,153,3.5
New Mexico,6/1/2025,1709,984,57.6,-0.2,945,39,-22.0,4.0,48,-5.9,-9,0.82,20,2.2,38,4.2
New York,6/1/2025,16369,9971,60.9,0.0,9543,427,3.6,4.3,588,36.7,-161,0.73,164,1.6,301,3.0
North Carolina,6/1/2025,8909,5291,59.4,-2.0,5088,203,6.9,3.8,285,21.3,-82,0.71,98,1.9,162,3.2
North Dakota,6/1/2025,618,430,69.5,0.2,419,11,22.4,2.6,22,-4.3,-11,0.50,11,2.4,19,4.2
Ohio,6/1/2025,9515,5948,62.5,-1.0,5675,272,1.8,4.6,289,14.2,-17,0.94,137,2.4,215,3.8
Oklahoma,6/1/2025,3198,2020,63.2,2.4,1956,65,11.3,3.2,110,29.4,-45,0.59,43,2.4,63,3.5
Oregon,6/1/2025,3520,2215,62.9,1.9,2100,116,55.8,5.2,87,-20.2,29,1.33,43,2.1,92,4.6
Pennsylvania,6/1/2025,10623,6521,61.4,-1.4,6242,279,-7.2,4.3,272,-2.9,7,1.03,112,1.8,192,3.1
Rhode Island,6/1/2025,926,594,64.2,0.0,569,26,22.3,4.3,28,16.7,-2,0.91,11,2.1,25,4.8
South Carolina,6/1/2025,4465,2597,58.2,0.3,2484,113,65.7,4.4,144,32.1,-31,0.78,60,2.5,98,4.1
South Dakota,6/1/2025,721,492,68.2,-1.0,482,10,-14.7,2.0,23,0.0,-13,0.43,11,2.3,16,3.4
Tennessee,6/1/2025,5826,3527,60.5,-0.9,3405,123,6.4,3.5,165,17.9,-42,0.74,70,2.1,119,3.5
Texas,6/1/2025,24497,15875,64.8,0.9,15217,658,31.1,4.1,650,23.1,8,1.01,301,2.1,443,3.1
Utah,6/1/2025,2706,1838,67.9,-0.4,1774,64,57.6,3.5,68,-9.3,-4,0.94,42,2.4,78,4.4
Vermont,6/1/2025,544,349,64.1,-1.7,340,9,18.6,2.6,18,5.9,-9,0.51,7,2.2,14,4.5
Virginia,6/1/2025,7045,4525,64.2,-1.4,4378,147,15.0,3.2,238,8.2,-91,0.62,100,2.3,188,4.4
Washington,6/1/2025,6456,4049,62.7,-2.7,3865,184,23.1,4.5,136,-28.4,48,1.35,62,1.7,120,3.3
West Virginia,6/1/2025,1434,780,54.4,-0.5,749,31,-25.4,4.0,47,-6.0,-16,0.67,18,2.5,29,4.0
Wisconsin,6/1/2025,4841,3109,64.2,-1.9,3014,95,-0.4,3.1,142,-11.3,-47,0.67,60,2.0,92,3.0
Wyoming,6/1/2025,469,288,61.5,-4.3,279,9,-32.2,3.2,14,-22.2,-5,0.66,8,2.7,17,5.7
Alabama,5/1/2025,4126,2375,57.6,0.3,2307,69,-7.5,2.9,114,15.2,-45,0.60,40,1.8,79,3.6
Alaska,5/1/2025,557,365,65.5,1.1,348,17,-11.1,4.6,19,-17.4,-2,0.88,10,3.0,17,5.0
Arizona,5/1/2025,6112,3794,62.1,0.1,3633,162,-4.0,4.3,161,2.5,1,1.01,76,2.3,123,3.8
Arkansas,5/1/2025,2445,1430,58.5,0.6,1374,57,17.6,4.0,74,15.6,-17,0.77,30,2.2,52,3.8
California,5/1/2025,31761,19810,62.4,-0.6,18726,1084,26.0,5.5,676,-16.1,408,1.60,369,2.0,579,3.2
Colorado,5/1/2025,4848,3261,67.3,-1.4,3128,133,33.3,4.1,145,13.3,-12,0.92,60,2.0,119,4.0
Connecticut,5/1/2025,3018,1938,64.2,-2.1,1864,74,-0.3,3.8,81,20.9,-7,0.92,32,1.9,56,3.3
Delaware,5/1/2025,861,515,59.9,-1.2,492,23,36.0,4.5,23,4.5,0,1.02,10,2.0,19,3.8
District of Columbia,5/1/2025,571,413,72.3,0.9,388,25,10.5,6.1,29,-6.5,-4,0.88,11,1.4,19,2.5
Florida,5/1/2025,19205,11097,57.8,-1.5,10685,413,33.5,3.7,426,-2.1,-13,0.97,243,2.4,404,4.0
Georgia,5/1/2025,8897,5408,60.8,-2.1,5228,180,-4.9,3.3,279,17.7,-99,0.65,88,1.8,170,3.4
Hawaii,5/1/2025,1134,687,60.6,-0.7,671,16,9.4,2.4,23,-23.3,-7,0.71,13,2.0,21,3.2
Idaho,5/1/2025,1588,1007,63.4,-0.8,970,36,41.5,3.6,49,25.6,-13,0.74,22,2.5,39,4.4
Illinois,5/1/2025,10253,6596,64.3,0.2,6304,292,17.6,4.4,277,6.9,15,1.05,118,1.9,228,3.7
Indiana,5/1/2025,5491,3508,63.9,-0.3,3379,129,10.6,3.7,139,-10.9,-10,0.93,86,2.6,143,4.4
Iowa,5/1/2025,2561,1736,67.8,-1.4,1674,62,34.0,3.6,67,-11.8,-5,0.92,32,2.0,54,3.4
Kansas,5/1/2025,2316,1569,67.8,0.7,1511,59,26.0,3.8,73,7.4,-14,0.81,31,2.1,57,3.9
Kentucky,5/1/2025,3626,2114,58.3,-0.3,2015,98,15.5,4.7,104,10.6,-6,0.95,41,2.0,80,3.9
Louisiana,5/1/2025,3601,2087,57.9,0.0,1997,90,-7.5,4.3,110,20.9,-20,0.82,43,2.2,81,4.1
Maine,5/1/2025,1183,708,59.9,-2.2,685,24,6.0,3.3,36,12.5,-12,0.65,14,2.1,25,3.8
Maryland,5/1/2025,5002,3234,64.7,-4.6,3106,128,11.3,4.0,136,-16.6,-8,0.94,45,1.6,102,3.6
Massachusetts,5/1/2025,5926,3950,66.7,0.3,3776,174,47.6,4.4,184,10.2,-10,0.95,60,1.6,115,3.1
Michigan,5/1/2025,8212,5042,61.4,0.1,4784,258,38.9,5.1,227,4.6,31,1.14,105,2.3,212,4.7
Minnesota,5/1/2025,4639,3168,68.3,-1.7,3051,117,6.9,3.7,179,30.7,-62,0.66,56,1.8,100,3.3
Mississippi,5/1/2025,2321,1294,55.8,-0.2,1244,50,-31.5,3.9,62,21.6,-12,0.81,26,2.2,46,3.8
Missouri,5/1/2025,4975,3162,63.6,-0.4,3035,127,21.0,4.0,142,14.5,-15,0.90,56,1.9,92,3.1
Montana,5/1/2025,925,577,62.4,-1.3,559,18,-5.4,3.2,28,0.0,-10,0.65,15,2.8,27,5.1
Nebraska,5/1/2025,1567,1097,70.0,-0.1,1065,32,0.4,2.9,45,-10.0,-13,0.71,23,2.2,36,3.4
Nevada,5/1/2025,2646,1661,62.8,-1.4,1574,87,27.6,5.2,68,-6.8,19,1.28,32,2.0,62,3.9
New Hampshire,5/1/2025,1184,775,65.4,-2.8,750,24,23.7,3.2,36,5.9,-12,0.68,15,2.1,26,3.7
New Jersey,5/1/2025,7707,4898,63.6,-0.9,4641,257,31.6,5.2,246,25.5,11,1.04,68,1.5,151,3.4
New Mexico,5/1/2025,1708,985,57.7,-0.1,946,40,-21.4,4.0,48,-5.9,-8,0.83,19,2.1,36,4.0
New York,5/1/2025,16366,9967,60.9,0.0,9550,416,0.9,4.2,497,15.6,-81,0.84,180,1.8,309,3.1
North Carolina,5/1/2025,8897,5290,59.5,-1.9,5088,202,6.3,3.8,295,25.5,-93,0.68,80,1.6,240,4.7
North Dakota,5/1/2025,618,430,69.5,0.2,419,11,22.0,2.6,22,-4.3,-11,0.50,11,2.4,18,4.0
Ohio,5/1/2025,9510,5955,62.6,-0.9,5676,279,4.1,4.7,259,2.4,20,1.08,143,2.5,190,3.3
Oklahoma,5/1/2025,3195,2018,63.2,2.4,1954,63,9.4,3.1,101,18.8,-38,0.63,39,2.2,66,3.7
Oregon,5/1/2025,3519,2213,62.9,1.9,2099,114,53.7,5.2,89,-18.3,25,1.29,48,2.4,75,3.7
Pennsylvania,5/1/2025,10620,6522,61.4,-1.4,6247,275,-8.6,4.2,291,3.9,-16,0.95,107,1.7,141,2.3
Rhode Island,5/1/2025,925,594,64.2,0.0,568,26,24.6,4.4,28,16.7,-2,0.93,11,2.1,20,3.9
South Carolina,5/1/2025,4458,2595,58.2,0.3,2484,111,62.6,4.3,125,14.7,-14,0.89,55,2.3,106,4.4
South Dakota,5/1/2025,721,491,68.2,-1.0,481,10,-15.0,2.0,21,-8.7,-11,0.47,11,2.3,18,3.8
Tennessee,5/1/2025,5821,3525,60.6,-0.9,3402,123,6.4,3.5,163,16.4,-40,0.75,72,2.1,120,3.5
Texas,5/1/2025,24465,15858,64.8,0.9,15206,652,29.8,4.1,593,12.3,59,1.10,297,2.1,463,3.2
Utah,5/1/2025,2703,1838,68.0,-0.3,1774,64,56.1,3.5,76,1.3,-12,0.84,49,2.8,68,3.8
Vermont,5/1/2025,544,350,64.2,-1.6,341,9,19.2,2.6,17,0.0,-8,0.54,7,2.2,12,3.8
Virginia,5/1/2025,7039,4530,64.4,-1.3,4382,148,15.7,3.3,188,-14.5,-40,0.79,70,1.6,138,3.2
Washington,5/1/2025,6449,4049,62.8,-2.6,3865,184,23.2,4.5,127,-33.2,57,1.45,65,1.8,113,3.1
West Virginia,5/1/2025,1434,780,54.4,-0.6,749,31,-27.0,4.0,47,-6.0,-16,0.66,16,2.2,34,4.7
Wisconsin,5/1/2025,4838,3116,64.4,-1.7,3018,97,1.6,3.1,134,-16.3,-37,0.73,58,1.9,103,3.4
Wyoming,5/1/2025,469,289,61.6,-4.2,280,9,-32.3,3.2,15,-16.7,-6,0.62,7,2.4,14,4.7
Alabama,4/1/2025,4123,2377,57.7,0.4,2308,70,-6.1,2.9,104,5.1,-34,0.67,47,2.1,77,3.5
Alaska,4/1/2025,556,365,65.6,1.1,348,17,-11.3,4.6,20,-13.0,-3,0.83,9,2.7,18,5.3
Arizona,4/1/2025,6106,3792,62.1,0.1,3631,161,-4.7,4.2,175,11.5,-14,0.92,73,2.2,120,3.7
Arkansas,4/1/2025,2443,1429,58.5,0.6,1373,56,16.3,3.9,73,14.1,-17,0.77,33,2.4,51,3.7
California,4/1/2025,31753,19792,62.3,-0.7,18715,1077,25.2,5.4,647,-19.7,430,1.66,373,2.1,484,2.7
Colorado,4/1/2025,4846,3265,67.4,-1.3,3129,136,36.3,4.2,138,7.8,-2,0.99,62,2.1,146,4.9
Connecticut,4/1/2025,3016,1940,64.3,-1.9,1867,73,-1.3,3.8,77,14.9,-4,0.95,37,2.2,54,3.2
Delaware,4/1/2025,860,515,59.9,-1.2,492,23,33.0,4.5,23,4.5,0,1.00,12,2.4,18,3.7
District of Columbia,4/1/2025,571,414,72.5,1.1,389,25,9.5,6.1,29,-6.5,-4,0.87,14,1.8,17,2.2
Florida,4/1/2025,19189,11112,57.9,-1.4,10704,408,31.9,3.7,398,-8.5,10,1.02,236,2.3,346,3.4
Georgia,4/1/2025,8888,5408,60.8,-2.1,5226,181,-4.3,3.3,271,14.3,-90,0.67,109,2.2,183,3.7
Hawaii,4/1/2025,1134,688,60.6,-0.7,671,17,13.2,2.5,25,-16.7,-8,0.68,13,2.0,21,3.2
Idaho,4/1/2025,1585,1007,63.5,-0.7,970,36,41.9,3.6,42,7.7,-6,0.87,22,2.5,38,4.3
Illinois,4/1/2025,10250,6611,64.5,0.3,6312,299,20.7,4.5,297,14.7,2,1.01,136,2.2,196,3.2
Indiana,4/1/2025,5487,3507,63.9,-0.2,3379,129,10.4,3.7,149,-4.5,-20,0.87,92,2.8,154,4.7
Iowa,4/1/2025,2560,1736,67.8,-1.3,1674,62,34.3,3.6,71,-6.6,-9,0.87,39,2.4,54,3.4
Kansas,4/1/2025,2314,1568,67.7,0.6,1509,59,26.1,3.8,76,11.8,-17,0.78,34,2.3,50,3.4
Kentucky,4/1/2025,3624,2113,58.3,-0.3,2014,99,16.5,4.7,100,6.4,-1,0.99,42,2.0,75,3.7
Louisiana,4/1/2025,3600,2087,58.0,0.0,1998,90,-7.6,4.3,93,2.2,-3,0.96,45,2.3,74,3.7
Maine,4/1/2025,1183,709,59.9,-2.1,685,24,6.3,3.3,29,-9.4,-5,0.81,15,2.3,25,3.8
Maryland,4/1/2025,5000,3233,64.7,-4.6,3109,124,7.5,3.8,128,-21.5,-4,0.97,55,1.9,91,3.2
Massachusetts,4/1/2025,5924,3951,66.7,0.4,3778,173,46.8,4.4,158,-5.4,15,1.10,60,1.6,120,3.2
Michigan,4/1/2025,8208,5053,61.6,0.2,4790,263,41.6,5.2,220,1.4,43,1.20,92,2.0,209,4.6
Minnesota,4/1/2025,4636,3167,68.3,-1.7,3052,115,5.0,3.6,183,33.6,-68,0.63,59,1.9,99,3.2
Mississippi,4/1/2025,2320,1295,55.8,-0.2,1244,51,-30.6,3.9,61,19.6,-10,0.83,25,2.1,41,3.4
Missouri,4/1/2025,4972,3162,63.6,-0.4,3035,127,20.9,4.0,150,21.0,-23,0.85,62,2.1,91,3.0
Montana,4/1/2025,924,577,62.4,-1.3,559,18,-7.1,3.1,28,0.0,-10,0.64,16,3.0,26,4.9
Nebraska,4/1/2025,1566,1096,70.0,-0.1,1064,32,0.6,2.9,50,0.0,-18,0.64,22,2.1,37,3.5
Nevada,4/1/2025,2643,1660,62.8,-1.4,1573,88,28.2,5.3,67,-8.2,21,1.31,34,2.2,60,3.8
New Hampshire,4/1/2025,1183,775,65.5,-2.7,750,25,24.1,3.2,31,-8.8,-6,0.79,15,2.1,26,3.7
New Jersey,4/1/2025,7703,4898,63.6,-0.9,4646,252,29.3,5.1,225,14.8,27,1.12,74,1.7,163,3.7
New Mexico,4/1/2025,1707,986,57.8,0.0,946,40,-20.7,4.1,49,-3.9,-9,0.82,19,2.1,31,3.4
New York,4/1/2025,16364,9966,60.9,0.0,9558,409,-0.9,4.1,441,2.6,-32,0.93,166,1.7,295,3.0
North Carolina,4/1/2025,8886,5290,59.5,-1.8,5089,201,6.0,3.8,259,10.2,-58,0.78,105,2.1,161,3.2
North Dakota,4/1/2025,617,429,69.6,0.3,418,11,21.7,2.6,25,8.7,-14,0.44,11,2.4,17,3.8
Ohio,4/1/2025,9506,5961,62.7,-0.8,5677,284,6.2,4.8,296,17.0,-12,0.96,134,2.4,196,3.4
Oklahoma,4/1/2025,3193,2016,63.1,2.4,1953,63,8.1,3.1,92,8.2,-29,0.68,43,2.4,63,3.5
Oregon,4/1/2025,3517,2211,62.9,1.9,2099,113,51.3,5.1,94,-13.8,19,1.20,45,2.2,64,3.2
Pennsylvania,4/1/2025,10617,6524,61.4,-1.4,6252,272,-9.5,4.2,279,-0.4,-7,0.98,92,1.5,168,2.7
Rhode Island,4/1/2025,925,595,64.3,0.1,568,26,26.5,4.4,24,0.0,2,1.10,11,2.1,19,3.7
South Carolina,4/1/2025,4451,2592,58.2,0.4,2483,109,59.8,4.2,116,6.4,-7,0.94,60,2.5,100,4.2
South Dakota,4/1/2025,720,491,68.2,-1.0,481,10,-15.2,2.0,23,0.0,-13,0.43,13,2.8,18,3.8
Tennessee,4/1/2025,5816,3522,60.6,-0.9,3399,123,6.5,3.5,166,18.6,-43,0.74,79,2.3,127,3.8
Texas,4/1/2025,24433,15846,64.9,1.0,15199,647,28.9,4.1,561,6.3,86,1.15,323,2.3,515,3.6
Utah,4/1/2025,2699,1838,68.1,-0.2,1775,63,54.7,3.4,79,5.3,-16,0.80,42,2.4,66,3.7
Vermont,4/1/2025,544,350,64.4,-1.5,341,9,19.6,2.6,14,-17.6,-5,0.66,7,2.2,13,4.1
Virginia,4/1/2025,7033,4535,64.5,-1.1,4387,148,16.1,3.3,208,-5.5,-60,0.71,93,2.2,137,3.2
Washington,4/1/2025,6442,4048,62.8,-2.6,3865,183,22.6,4.5,137,-27.9,46,1.34,58,1.6,110,3.0
West Virginia,4/1/2025,1434,780,54.4,-0.5,750,30,-28.0,3.9,38,-24.0,-8,0.80,20,2.8,25,3.5
Wisconsin,4/1/2025,4836,3122,64.6,-1.6,3023,99,3.7,3.2,148,-7.5,-49,0.67,63,2.1,102,3.3
Wyoming,4/1/2025,468,289,61.8,-4.0,280,9,-32.2,3.2,15,-16.7,-6,0.62,8,2.7,14,4.7
Alabama,3/1/2025,4121,2378,57.7,0.5,2307,71,-4.3,3.0,109,10.1,-38,0.65,51,2.3,82,3.7
Alaska,3/1/2025,556,364,65.5,1.1,348,17,-11.6,4.6,20,-13.0,-3,0.83,9,2.7,17,5.0
Arizona,3/1/2025,6100,3790,62.1,0.1,3630,160,-5.2,4.2,175,11.5,-15,0.91,76,2.3,116,3.6
Arkansas,3/1/2025,2441,1428,58.5,0.6,1372,55,15.2,3.9,78,21.9,-23,0.71,33,2.4,50,3.6
California,3/1/2025,31747,19784,62.3,-0.7,18713,1071,24.6,5.4,671,-16.7,400,1.60,300,1.7,513,2.9
Colorado,3/1/2025,4844,3269,67.5,-1.2,3131,139,38.9,4.2,160,25.0,-21,0.87,54,1.8,106,3.6
Connecticut,3/1/2025,3015,1942,64.4,-1.9,1870,73,-2.5,3.7,81,20.9,-8,0.90,30,1.7,49,2.9
Delaware,3/1/2025,859,515,59.9,-1.1,492,22,30.0,4.4,23,4.5,-1,0.97,11,2.2,18,3.7
District of Columbia,3/1/2025,571,415,72.7,1.2,390,25,8.1,6.0,30,-3.2,-5,0.83,12,1.6,17,2.2
Florida,3/1/2025,19175,11122,58.0,-1.3,10719,403,30.3,3.6,473,8.7,-70,0.85,267,2.7,486,4.8
Georgia,3/1/2025,8880,5409,60.9,-2.0,5227,182,-3.6,3.4,268,13.1,-86,0.68,104,2.1,154,3.1
Hawaii,3/1/2025,1134,688,60.7,-0.7,671,17,15.7,2.5,26,-13.3,-9,0.67,11,1.7,20,3.1
Idaho,3/1/2025,1583,1006,63.6,-0.6,970,37,42.6,3.6,43,10.3,-6,0.85,22,2.5,36,4.1
Illinois,3/1/2025,10247,6625,64.6,0.5,6319,306,23.2,4.6,287,10.8,19,1.06,118,1.9,200,3.2
Indiana,3/1/2025,5484,3507,64.0,-0.2,3377,130,11.6,3.7,153,-1.9,-23,0.85,86,2.6,127,3.9
Iowa,3/1/2025,2559,1735,67.8,-1.3,1673,62,33.9,3.6,75,-1.3,-13,0.82,30,1.9,55,3.5
Kansas,3/1/2025,2313,1566,67.7,0.6,1507,59,26.3,3.8,72,5.9,-13,0.82,31,2.1,51,3.5
Kentucky,3/1/2025,3622,2113,58.3,-0.3,2012,100,17.7,4.7,100,6.4,0,1.00,44,2.1,89,4.3
Louisiana,3/1/2025,3599,2087,58.0,0.0,1998,89,-7.8,4.3,103,13.2,-14,0.87,54,2.7,79,4.0
Maine,3/1/2025,1182,709,60.0,-2.1,685,24,6.6,3.3,34,6.3,-10,0.70,14,2.1,25,3.8
Maryland,3/1/2025,4998,3236,64.7,-4.5,3116,120,4.4,3.7,116,-28.8,4,1.04,52,1.8,90,3.2
Massachusetts,3/1/2025,5923,3953,66.7,0.4,3781,172,45.5,4.3,207,24.0,-35,0.83,57,1.5,113,3.0
Michigan,3/1/2025,8205,5063,61.7,0.4,4796,267,43.8,5.3,206,-5.1,61,1.30,97,2.1,164,3.6
Minnesota,3/1/2025,4633,3166,68.3,-1.6,3053,113,2.6,3.6,179,30.7,-66,0.63,58,1.9,94,3.1
Mississippi,3/1/2025,2320,1297,55.9,-0.1,1245,51,-30.2,3.9,62,21.6,-11,0.82,28,2.3,44,3.7
Missouri,3/1/2025,4970,3161,63.6,-0.4,3035,127,20.5,4.0,154,24.2,-27,0.82,64,2.1,90,3.0
Montana,3/1/2025,923,576,62.4,-1.3,558,18,-8.8,3.1,30,7.1,-12,0.59,15,2.9,26,5.0
Nebraska,3/1/2025,1565,1094,69.9,-0.2,1062,32,0.4,2.9,49,-2.0,-17,0.65,21,2.0,35,3.3
Nevada,3/1/2025,2640,1659,62.8,-1.3,1571,88,29.2,5.3,82,12.3,6,1.08,36,2.3,60,3.8
New Hampshire,3/1/2025,1183,775,65.5,-2.7,750,24,23.8,3.2,35,2.9,-11,0.70,15,2.1,24,3.4
New Jersey,3/1/2025,7699,4898,63.6,-0.8,4649,249,27.8,5.1,241,23.0,8,1.03,72,1.6,153,3.5
New Mexico,3/1/2025,1707,987,57.8,0.0,947,40,-20.2,4.1,54,5.9,-14,0.75,17,1.9,37,4.1
New York,3/1/2025,16363,9966,60.9,0.0,9560,406,-1.6,4.1,478,11.2,-72,0.85,165,1.7,295,3.0
North Carolina,3/1/2025,8875,5290,59.6,-1.8,5089,201,6.0,3.8,277,17.9,-76,0.73,104,2.1,151,3.0
North Dakota,3/1/2025,617,429,69.6,0.3,418,11,21.8,2.6,23,0.0,-12,0.48,12,2.7,17,3.8
Ohio,3/1/2025,9502,5967,62.8,-0.7,5678,288,7.7,4.8,284,12.3,4,1.01,118,2.1,193,3.4
Oklahoma,3/1/2025,3191,2014,63.1,2.4,1952,62,7.2,3.1,98,15.3,-36,0.63,40,2.2,64,3.6
Oregon,3/1/2025,3516,2210,62.8,1.9,2099,111,48.5,5.0,98,-10.1,13,1.13,46,2.3,69,3.4
Pennsylvania,3/1/2025,10616,6526,61.5,-1.3,6255,271,-10.0,4.2,279,-0.4,-8,0.97,103,1.7,159,2.6
Rhode Island,3/1/2025,925,595,64.3,0.1,568,27,27.6,4.5,28,16.7,-1,0.95,11,2.1,19,3.7
South Carolina,3/1/2025,4445,2590,58.3,0.4,2482,108,57.7,4.2,121,11.0,-13,0.89,60,2.5,101,4.2
South Dakota,3/1/2025,719,490,68.2,-1.0,481,10,-15.4,2.0,22,-4.3,-12,0.44,13,2.8,17,3.6
Tennessee,3/1/2025,5811,3518,60.5,-0.9,3395,123,6.8,3.5,154,10.0,-31,0.80,81,2.4,120,3.5
Texas,3/1/2025,24403,15834,64.9,1.0,15189,646,28.7,4.1,578,9.5,68,1.12,316,2.2,480,3.4
Utah,3/1/2025,2695,1838,68.2,-0.1,1776,62,53.3,3.4,86,14.7,-24,0.73,41,2.3,66,3.7
Vermont,3/1/2025,544,351,64.5,-1.3,342,9,19.4,2.6,17,0.0,-8,0.54,6,1.9,12,3.8
Virginia,3/1/2025,7028,4540,64.6,-1.0,4392,148,15.9,3.3,206,-6.4,-58,0.72,95,2.2,143,3.4
Washington,3/1/2025,6436,4047,62.9,-2.5,3866,181,21.3,4.5,138,-27.4,43,1.31,62,1.7,110,3.0
West Virginia,3/1/2025,1434,781,54.5,-0.5,751,30,-28.6,3.9,42,-16.0,-12,0.72,18,2.5,28,3.9
Wisconsin,3/1/2025,4834,3128,64.7,-1.4,3027,101,5.5,3.2,138,-13.8,-37,0.73,62,2.0,94,3.1
Wyoming,3/1/2025,468,290,61.9,-3.9,280,9,-31.9,3.2,17,-5.6,-8,0.55,7,2.4,13,4.4
Alabama,2/1/2025,4119,2379,57.8,0.5,2307,72,-2.9,3.0,126,27.3,-54,0.57,47,2.1,80,3.6
Alaska,2/1/2025,556,364,65.5,1.0,347,17,-11.9,4.6,21,-8.7,-4,0.79,11,3.2,16,4.7
Arizona,2/1/2025,6094,3787,62.1,0.1,3628,159,-5.7,4.2,240,52.9,-81,0.66,77,2.4,114,3.5
Arkansas,2/1/2025,2440,1426,58.5,0.6,1371,55,14.1,3.8,78,21.9,-23,0.70,31,2.2,51,3.7
California,2/1/2025,31742,19777,62.3,-0.7,18710,1067,24.0,5.4,696,-13.6,371,1.53,308,1.7,577,3.2
Colorado,2/1/2025,4842,3272,67.6,-1.1,3131,140,40.7,4.3,145,13.3,-5,0.97,70,2.4,95,3.2
Connecticut,2/1/2025,3014,1943,64.5,-1.8,1872,71,-4.0,3.7,91,35.8,-20,0.78,36,2.1,60,3.5
Delaware,2/1/2025,858,514,59.9,-1.1,492,22,26.9,4.3,19,-13.6,3,1.15,10,2.0,15,3.1
District of Columbia,2/1/2025,571,415,72.7,1.3,391,24,6.1,5.9,32,3.2,-8,0.76,12,1.6,19,2.5
Florida,2/1/2025,19161,11125,58.1,-1.3,10727,398,28.8,3.6,519,19.3,-121,0.77,260,2.6,381,3.8
Georgia,2/1/2025,8872,5412,61.0,-1.9,5228,184,-3.0,3.4,284,19.8,-100,0.65,98,2.0,175,3.5
Hawaii,2/1/2025,1134,688,60.7,-0.7,671,18,17.4,2.6,27,-10.0,-9,0.65,14,2.2,19,2.9
Idaho,2/1/2025,1581,1006,63.6,-0.5,969,37,43.3,3.7,46,17.9,-9,0.80,28,3.2,33,3.8
Illinois,2/1/2025,10245,6635,64.8,0.6,6324,311,25.3,4.7,277,6.9,34,1.12,117,1.9,172,2.8
Indiana,2/1/2025,5481,3507,64.0,-0.2,3374,133,13.8,3.8,150,-3.8,-17,0.89,81,2.5,125,3.8
Iowa,2/1/2025,2559,1733,67.7,-1.4,1671,62,33.4,3.5,76,0.0,-15,0.81,34,2.1,54,3.4
Kansas,2/1/2025,2312,1565,67.7,0.6,1505,59,26.6,3.8,75,10.3,-16,0.79,36,2.5,52,3.6
Kentucky,2/1/2025,3620,2112,58.3,-0.3,2011,101,18.9,4.8,134,42.6,-33,0.76,41,2.0,67,3.3
Louisiana,2/1/2025,3598,2087,58.0,0.0,1997,90,-7.7,4.3,111,22.0,-21,0.81,49,2.5,78,3.9
Maine,2/1/2025,1182,709,60.0,-2.1,685,24,6.5,3.3,35,9.4,-11,0.68,16,2.4,26,3.9
Maryland,2/1/2025,4996,3239,64.8,-4.4,3122,117,1.3,3.6,115,-29.4,2,1.01,49,1.7,83,2.9
Massachusetts,2/1/2025,5922,3952,66.7,0.4,3783,169,43.7,4.3,212,26.9,-43,0.80,56,1.5,111,3.0
Michigan,2/1/2025,8203,5070,61.8,0.5,4800,270,45.4,5.3,201,-7.4,69,1.34,88,1.9,167,3.7
Minnesota,2/1/2025,4630,3164,68.3,-1.6,3054,110,0.0,3.5,184,34.3,-74,0.60,60,2.0,105,3.5
Mississippi,2/1/2025,2319,1297,55.9,-0.1,1246,51,-30.2,3.9,61,19.6,-10,0.84,27,2.3,37,3.1
Missouri,2/1/2025,4968,3160,63.6,-0.4,3034,126,19.5,4.0,168,35.5,-42,0.75,60,2.0,97,3.3
Montana,2/1/2025,922,576,62.4,-1.3,559,17,-10.6,3.0,28,0.0,-11,0.62,17,3.2,21,4.0
Nebraska,2/1/2025,1564,1093,69.9,-0.2,1061,32,-0.3,2.9,47,-6.0,-15,0.68,19,1.8,31,2.9
Nevada,2/1/2025,2638,1657,62.8,-1.3,1569,89,30.2,5.4,73,0.0,16,1.22,39,2.5,52,3.3
New Hampshire,2/1/2025,1182,775,65.5,-2.7,750,24,22.4,3.1,35,2.9,-11,0.69,13,1.8,24,3.4
New Jersey,2/1/2025,7696,4898,63.6,-0.8,4652,246,26.1,5.0,189,-3.6,57,1.30,66,1.5,121,2.8
New Mexico,2/1/2025,1707,987,57.8,0.0,946,41,-19.6,4.1,53,3.9,-12,0.77,20,2.2,30,3.3
New York,2/1/2025,16363,9964,60.9,0.0,9558,406,-1.7,4.1,470,9.3,-64,0.86,154,1.5,290,2.9
North Carolina,2/1/2025,8865,5290,59.7,-1.7,5089,201,6.1,3.8,278,18.3,-77,0.72,106,2.1,163,3.2
North Dakota,2/1/2025,616,429,69.5,0.2,418,11,21.8,2.6,24,4.3,-13,0.46,11,2.5,16,3.6
Ohio,2/1/2025,9499,5970,62.9,-0.7,5680,290,8.4,4.9,288,13.8,2,1.01,125,2.2,202,3.6
Oklahoma,2/1/2025,3189,2012,63.1,2.3,1950,62,6.8,3.1,86,1.2,-24,0.72,43,2.4,62,3.5
Oregon,2/1/2025,3515,2208,62.8,1.8,2099,108,45.4,4.9,99,-9.2,9,1.09,46,2.3,59,2.9
Pennsylvania,2/1/2025,10614,6527,61.5,-1.3,6257,270,-10.4,4.1,285,1.8,-15,0.95,111,1.8,164,2.6
Rhode Island,2/1/2025,924,595,64.3,0.1,568,27,28.2,4.5,29,20.8,-2,0.92,12,2.3,20,3.9
South Carolina,2/1/2025,4439,2587,58.3,0.4,2480,107,56.6,4.1,132,21.1,-25,0.81,60,2.5,107,4.5
South Dakota,2/1/2025,719,490,68.2,-1.0,480,10,-15.8,2.0,20,-13.0,-10,0.49,10,2.1,15,3.2
Tennessee,2/1/2025,5807,3513,60.5,-0.9,3389,123,7.1,3.5,172,22.9,-49,0.72,109,3.2,147,4.4
Texas,2/1/2025,24374,15821,64.9,1.0,15173,647,28.9,4.1,608,15.2,39,1.06,298,2.1,574,4.0
Utah,2/1/2025,2692,1837,68.3,0.0,1775,62,52.0,3.4,87,16.0,-25,0.71,44,2.5,59,3.3
Vermont,2/1/2025,545,352,64.6,-1.2,343,9,18.7,2.6,21,23.5,-12,0.43,8,2.6,15,4.8
Virginia,2/1/2025,7023,4545,64.7,-0.9,4398,147,15.2,3.2,258,17.3,-111,0.57,79,1.9,159,3.7
Washington,2/1/2025,6430,4045,62.9,-2.5,3866,179,19.9,4.4,139,-26.8,40,1.29,59,1.6,94,2.6
West Virginia,2/1/2025,1434,782,54.5,-0.4,752,30,-28.8,3.8,48,-4.0,-18,0.63,21,2.9,28,3.9
Wisconsin,2/1/2025,4832,3133,64.8,-1.3,3031,102,6.6,3.3,155,-3.1,-53,0.66,60,2.0,100,3.3
Wyoming,2/1/2025,468,290,62.1,-3.8,281,9,-31.5,3.2,16,-11.1,-7,0.59,9,3.0,11,3.7
Alabama,1/1/2025,4117,2378,57.8,0.5,2306,73,-2.1,3.1,115,16.2,-42,0.63,50,2.3,78,3.5
Alaska,1/1/2025,556,363,65.4,1.0,347,17,-12.2,4.5,22,-4.3,-5,0.75,11,3.2,20,5.9
Arizona,1/1/2025,6089,3781,62.1,0.1,3624,157,-6.8,4.2,180,14.6,-23,0.87,59,1.8,127,3.9
Arkansas,1/1/2025,2439,1425,58.4,0.5,1370,54,12.4,3.8,80,25.0,-26,0.68,32,2.3,53,3.8
California,1/1/2025,31737,19764,62.3,-0.7,18702,1062,23.4,5.4,686,-14.9,376,1.55,326,1.8,536,3.0
Colorado,1/1/2025,4840,3273,67.6,-1.0,3132,141,41.5,4.3,127,-0.8,14,1.11,49,1.6,121,4.1
Connecticut,1/1/2025,3013,1943,64.5,-1.8,1873,70,-5.9,3.6,73,9.0,-3,0.96,27,1.6,53,3.1
Delaware,1/1/2025,858,514,59.9,-1.1,492,21,23.4,4.1,25,13.6,-4,0.85,13,2.6,18,3.7
District of Columbia,1/1/2025,571,415,72.8,1.3,392,24,3.5,5.7,33,6.5,-9,0.72,14,1.8,20,2.6
Florida,1/1/2025,19147,11122,58.1,-1.2,10729,393,27.1,3.5,464,6.7,-71,0.85,193,1.9,358,3.6
Georgia,1/1/2025,8864,5414,61.1,-1.8,5229,184,-2.5,3.4,289,21.9,-105,0.64,101,2.0,187,3.8
Hawaii,1/1/2025,1134,688,60.6,-0.7,670,18,18.6,2.6,26,-13.3,-8,0.68,12,1.9,23,3.6
Idaho,1/1/2025,1578,1005,63.7,-0.5,968,37,43.4,3.7,42,7.7,-5,0.88,22,2.5,40,4.6
Illinois,1/1/2025,10243,6642,64.8,0.7,6328,315,26.8,4.7,276,6.6,39,1.14,89,1.4,196,3.2
Indiana,1/1/2025,5479,3506,64.0,-0.2,3370,136,16.4,3.9,154,-1.3,-18,0.88,68,2.1,133,4.1
Iowa,1/1/2025,2558,1729,67.6,-1.6,1668,61,32.3,3.5,70,-7.9,-9,0.87,34,2.1,49,3.1
Kansas,1/1/2025,2311,1563,67.6,0.5,1504,59,26.4,3.8,72,5.9,-13,0.82,28,1.9,50,3.4
Kentucky,1/1/2025,3619,2111,58.3,-0.3,2009,102,19.7,4.8,136,44.7,-34,0.75,44,2.2,73,3.6
Louisiana,1/1/2025,3598,2086,58.0,0.0,1996,90,-7.2,4.3,105,15.4,-15,0.86,49,2.5,82,4.1
Maine,1/1/2025,1181,709,60.0,-2.0,685,23,5.9,3.3,34,6.3,-11,0.69,13,2.0,21,3.2
Maryland,1/1/2025,4994,3240,64.9,-4.4,3127,113,-1.7,3.5,130,-20.2,-17,0.87,58,2.0,88,3.1
Massachusetts,1/1/2025,5921,3949,66.7,0.4,3783,167,41.2,4.2,201,20.4,-35,0.83,45,1.2,107,2.9
Michigan,1/1/2025,8200,5074,61.9,0.5,4804,270,45.5,5.3,197,-9.2,73,1.37,86,1.9,161,3.6
Minnesota,1/1/2025,4628,3161,68.3,-1.7,3054,107,-2.7,3.4,165,20.4,-58,0.65,57,1.9,96,3.2
Mississippi,1/1/2025,2319,1297,55.9,-0.1,1246,50,-30.9,3.9,59,15.7,-9,0.86,28,2.3,41,3.4
Missouri,1/1/2025,4966,3157,63.6,-0.4,3033,124,17.6,3.9,169,36.3,-45,0.73,57,1.9,96,3.2
Montana,1/1/2025,922,576,62.5,-1.2,559,17,-12.4,2.9,29,3.6,-12,0.58,15,2.8,29,5.5
Nebraska,1/1/2025,1563,1091,69.8,-0.3,1059,31,-1.3,2.9,51,2.0,-20,0.62,19,1.8,36,3.4
Nevada,1/1/2025,2635,1655,62.8,-1.4,1566,89,30.8,5.4,75,2.7,14,1.19,36,2.3,78,4.9
New Hampshire,1/1/2025,1182,774,65.5,-2.7,751,24,19.5,3.0,36,5.9,-12,0.66,12,1.7,22,3.1
New Jersey,1/1/2025,7693,4897,63.7,-0.8,4655,242,23.9,4.9,186,-5.1,56,1.30,70,1.6,143,3.3
New Mexico,1/1/2025,1706,987,57.9,0.0,946,41,-19.2,4.1,54,5.9,-13,0.76,18,2.0,41,4.6
New York,1/1/2025,16363,9958,60.9,-0.1,9552,406,-1.7,4.1,503,17.0,-97,0.81,150,1.5,254,2.6
North Carolina,1/1/2025,8855,5290,59.7,-1.6,5090,201,5.7,3.8,270,14.9,-69,0.74,110,2.2,180,3.6
North Dakota,1/1/2025,616,428,69.5,0.2,417,11,21.2,2.6,24,4.3,-13,0.46,10,2.2,19,4.2
Ohio,1/1/2025,9496,5971,62.9,-0.6,5682,289,8.0,4.8,289,14.2,0,1.00,112,2.0,196,3.5
Oklahoma,1/1/2025,3187,2010,63.1,2.3,1948,62,6.4,3.1,98,15.3,-36,0.63,45,2.5,71,4.0
Oregon,1/1/2025,3514,2206,62.8,1.8,2101,105,41.7,4.8,101,-7.3,4,1.04,43,2.2,83,4.2
Pennsylvania,1/1/2025,10614,6528,61.5,-1.3,6261,267,-11.3,4.1,242,-13.6,25,1.10,91,1.5,170,2.8
Rhode Island,1/1/2025,924,595,64.4,0.2,568,27,27.9,4.5,27,12.5,0,0.99,10,1.9,18,3.5
South Carolina,1/1/2025,4434,2584,58.3,0.4,2477,107,56.7,4.1,134,22.9,-27,0.80,70,2.9,100,4.2
South Dakota,1/1/2025,718,489,68.1,-1.1,480,10,-16.8,2.0,23,0.0,-13,0.42,11,2.3,19,4.0
Tennessee,1/1/2025,5803,3505,60.4,-1.0,3381,124,7.4,3.5,145,3.6,-21,0.85,72,2.1,115,3.4
Texas,1/1/2025,24345,15803,64.9,1.0,15154,649,29.3,4.1,595,12.7,54,1.09,353,2.5,465,3.3
Utah,1/1/2025,2688,1836,68.3,0.0,1775,61,50.8,3.3,76,1.3,-15,0.81,39,2.2,85,4.8
Vermont,1/1/2025,545,352,64.7,-1.1,343,9,17.5,2.6,16,-5.9,-7,0.56,5,1.6,11,3.5
Virginia,1/1/2025,7018,4548,64.8,-0.8,4403,145,13.8,3.2,246,11.8,-101,0.59,89,2.1,141,3.3
Washington,1/1/2025,6425,4042,62.9,-2.5,3865,177,18.3,4.4,153,-19.5,24,1.16,70,1.9,122,3.3
West Virginia,1/1/2025,1434,782,54.6,-0.4,752,30,-28.8,3.8,42,-16.0,-12,0.72,17,2.4,28,3.9
Wisconsin,1/1/2025,4831,3138,65.0,-1.2,3036,102,6.4,3.3,144,-10.0,-42,0.71,54,1.8,104,3.4
Wyoming,1/1/2025,468,291,62.2,-3.6,281,9,-31.1,3.2,15,-16.7,-6,0.63,9,3.0,16,5.4
Alabama,12/1/2024,4114,2377,57.8,0.5,2304,73,-1.6,3.1,132,33.3,-59,0.55,52,2.3,80,3.6
Alaska,12/1/2024,555,363,65.3,0.9,346,16,-12.4,4.5,24,4.3,-8,0.69,13,3.8,18,5.3
Arizona,12/1/2024,6083,3775,62.1,0.1,3620,154,-8.4,4.1,199,26.8,-45,0.78,59,1.8,115,3.5
Arkansas,12/1/2024,2437,1423,58.4,0.5,1370,53,10.4,3.7,87,35.9,-34,0.61,31,2.2,51,3.7
California,12/1/2024,31729,19761,62.3,-0.7,18701,1060,23.2,5.4,749,-7.1,311,1.41,337,1.9,525,2.9
Colorado,12/1/2024,4838,3274,67.7,-1.0,3132,142,42.0,4.3,167,30.5,-25,0.85,75,2.5,108,3.6
Connecticut,12/1/2024,3012,1943,64.5,-1.8,1874,69,-7.9,3.5,78,16.4,-9,0.88,25,1.5,50,2.9
Delaware,12/1/2024,857,513,59.9,-1.2,492,21,20.1,4.0,29,31.8,-8,0.71,12,2.5,19,3.9
District of Columbia,12/1/2024,571,415,72.7,1.3,392,23,0.7,5.6,38,22.6,-15,0.61,14,1.8,19,2.4
Florida,12/1/2024,19132,11118,58.1,-1.2,10729,389,25.7,3.5,522,20.0,-133,0.74,243,2.4,354,3.5
Georgia,12/1/2024,8856,5417,61.2,-1.7,5232,185,-2.1,3.4,305,28.7,-120,0.61,115,2.3,187,3.8
Hawaii,12/1/2024,1134,687,60.6,-0.8,669,18,20.0,2.6,28,-6.7,-10,0.64,13,2.0,21,3.3
Idaho,12/1/2024,1576,1004,63.7,-0.5,968,37,43.1,3.7,45,15.4,-8,0.82,24,2.7,36,4.1
Illinois,12/1/2024,10240,6647,64.9,0.7,6330,317,27.9,4.8,277,6.9,40,1.15,100,1.6,208,3.4
Indiana,12/1/2024,5476,3504,64.0,-0.2,3365,139,19.1,4.0,166,6.4,-27,0.84,84,2.5,143,4.3
Iowa,12/1/2024,2557,1725,67.4,-1.7,1664,60,30.9,3.5,70,-7.9,-10,0.86,33,2.1,57,3.6
Kansas,12/1/2024,2310,1561,67.6,0.5,1502,59,25.8,3.8,75,10.3,-16,0.78,27,1.8,52,3.5
Kentucky,12/1/2024,3617,2110,58.3,-0.3,2008,103,20.4,4.9,149,58.5,-46,0.69,46,2.2,73,3.6
Louisiana,12/1/2024,3597,2086,58.0,0.0,1995,91,-6.2,4.4,114,25.3,-23,0.80,47,2.4,79,4.0
Maine,12/1/2024,1181,709,60.1,-2.0,686,23,4.7,3.3,33,3.1,-10,0.70,12,1.8,25,3.8
Maryland,12/1/2024,4992,3243,65.0,-4.3,3133,111,-4.0,3.4,165,1.2,-54,0.67,56,2.0,91,3.3
Massachusetts,12/1/2024,5920,3945,66.6,0.3,3781,163,38.7,4.1,191,14.4,-28,0.86,51,1.4,118,3.2
Michigan,12/1/2024,8197,5076,61.9,0.6,4808,268,44.3,5.3,210,-3.2,58,1.28,92,2.0,158,3.5
Minnesota,12/1/2024,4625,3157,68.3,-1.7,3053,104,-5.1,3.3,168,22.6,-64,0.62,58,1.9,97,3.2
Mississippi,12/1/2024,2318,1295,55.9,-0.1,1246,49,-32.4,3.8,71,39.2,-22,0.70,29,2.4,44,3.7
Missouri,12/1/2024,4964,3155,63.6,-0.4,3034,121,15.2,3.8,178,43.5,-57,0.68,63,2.0,107,3.5
Montana,12/1/2024,921,576,62.5,-1.1,559,17,-13.6,2.9,34,21.4,-17,0.49,16,3.0,26,4.8
Nebraska,12/1/2024,1562,1089,69.7,-0.4,1058,31,-2.6,2.9,52,4.0,-21,0.60,22,2.0,39,3.6
Nevada,12/1/2024,2633,1653,62.8,-1.4,1564,89,31.1,5.4,79,8.2,10,1.13,36,2.3,66,4.2
New Hampshire,12/1/2024,1181,774,65.5,-2.7,751,23,15.7,3.0,36,5.9,-13,0.63,11,1.5,25,3.5
New Jersey,12/1/2024,7690,4896,63.7,-0.8,4659,237,21.4,4.8,199,1.5,38,1.19,62,1.4,133,3.0
New Mexico,12/1/2024,1706,987,57.8,0.0,946,41,-18.8,4.2,56,9.8,-15,0.73,21,2.4,34,3.8
New York,12/1/2024,16362,9951,60.8,-0.1,9545,407,-1.5,4.1,467,8.6,-60,0.87,130,1.3,307,3.1
North Carolina,12/1/2024,8844,5291,59.8,-1.6,5092,199,5.0,3.8,325,38.3,-126,0.61,96,1.9,187,3.7
North Dakota,12/1/2024,616,428,69.5,0.2,417,11,20.1,2.5,25,8.7,-14,0.44,10,2.2,18,4.0
Ohio,12/1/2024,9493,5968,62.9,-0.6,5683,285,6.5,4.8,301,19.0,-16,0.95,123,2.2,181,3.2
Oklahoma,12/1/2024,3184,2007,63.0,2.2,1945,62,6.3,3.1,108,27.1,-46,0.57,44,2.4,66,3.7
Oregon,12/1/2024,3513,2204,62.8,1.8,2102,103,37.9,4.7,102,-6.4,1,1.01,45,2.3,73,3.7
Pennsylvania,12/1/2024,10612,6530,61.5,-1.3,6266,264,-12.4,4.0,313,11.8,-49,0.84,91,1.5,187,3.0
Rhode Island,12/1/2024,923,594,64.4,0.2,568,27,27.3,4.5,28,16.7,-1,0.95,9,1.7,20,3.9
South Carolina,12/1/2024,4427,2582,58.3,0.5,2474,108,58.3,4.2,156,43.1,-48,0.69,61,2.5,97,4.0
South Dakota,12/1/2024,718,489,68.1,-1.1,479,9,-18.2,1.9,24,4.3,-15,0.39,11,2.4,19,4.1
Tennessee,12/1/2024,5798,3496,60.3,-1.1,3372,124,7.6,3.5,163,16.4,-39,0.76,80,2.4,115,3.4
Texas,12/1/2024,24315,15784,64.9,1.0,15133,651,29.7,4.1,660,25.0,-9,0.99,263,1.8,455,3.2
Utah,12/1/2024,2685,1835,68.3,0.1,1774,61,50.1,3.3,87,16.0,-26,0.70,37,2.1,68,3.8
Vermont,12/1/2024,545,353,64.8,-1.0,344,9,16.1,2.5,15,-11.8,-6,0.59,6,1.9,12,3.8
Virginia,12/1/2024,7013,4551,64.9,-0.7,4408,143,12.1,3.1,286,30.0,-143,0.50,90,2.1,144,3.4
Washington,12/1/2024,6419,4040,62.9,-2.5,3865,175,17.2,4.3,163,-14.2,12,1.07,66,1.8,116,3.2
West Virginia,12/1/2024,1434,784,54.6,-0.3,753,30,-28.5,3.9,52,4.0,-22,0.58,20,2.8,30,4.2
Wisconsin,12/1/2024,4829,3142,65.1,-1.1,3041,101,5.2,3.2,140,-12.5,-39,0.72,56,1.8,104,3.4
Wyoming,12/1/2024,467,291,62.3,-3.5,282,10,-30.5,3.3,17,-5.6,-7,0.56,11,3.7,15,5.0
Alabama,11/1/2024,4112,2375,57.8,0.5,2302,73,-1.2,3.1,134,35.4,-61,0.55,52,2.3,77,3.5
Alaska,11/1/2024,555,362,65.2,0.8,346,17,-12.3,4.6,24,4.3,-7,0.69,13,3.8,18,5.3
Arizona,11/1/2024,6077,3768,62.0,0.0,3616,152,-10.1,4.0,172,9.6,-20,0.88,88,2.7,108,3.3
Arkansas,11/1/2024,2436,1421,58.4,0.5,1369,52,8.2,3.7,83,29.7,-31,0.63,33,2.4,54,3.9
California,11/1/2024,31720,19755,62.3,-0.7,18693,1061,23.4,5.4,626,-22.3,435,1.70,328,1.8,488,2.7
Colorado,11/1/2024,4835,3274,67.7,-1.0,3132,142,42.2,4.3,258,101.6,-116,0.55,77,2.6,130,4.3
Connecticut,11/1/2024,3011,1941,64.5,-1.8,1874,67,-9.5,3.5,74,10.4,-7,0.91,31,1.8,57,3.3
Delaware,11/1/2024,856,513,59.9,-1.1,492,20,17.7,4.0,29,31.8,-9,0.70,11,2.3,18,3.7
District of Columbia,11/1/2024,570,415,72.7,1.2,392,23,-1.4,5.5,37,19.4,-14,0.61,13,1.7,21,2.7
Florida,11/1/2024,19115,11116,58.2,-1.2,10729,387,25.0,3.5,494,13.6,-107,0.78,224,2.3,323,3.2
Georgia,11/1/2024,8847,5421,61.3,-1.6,5235,187,-1.4,3.4,298,25.7,-111,0.63,118,2.4,183,3.7
Hawaii,11/1/2024,1134,686,60.5,-0.9,668,18,22.1,2.7,27,-10.0,-9,0.68,12,1.9,19,3.0
Idaho,11/1/2024,1574,1004,63.8,-0.4,967,37,42.6,3.6,50,28.2,-13,0.73,24,2.7,46,5.2
Illinois,11/1/2024,10237,6651,65.0,0.8,6330,321,29.4,4.8,278,7.3,43,1.15,112,1.8,202,3.3
Indiana,11/1/2024,5472,3501,64.0,-0.2,3359,142,21.7,4.1,154,-1.3,-12,0.92,104,3.1,130,3.9
Iowa,11/1/2024,2556,1721,67.3,-1.8,1661,60,29.6,3.5,76,0.0,-16,0.79,34,2.1,50,3.1
Kansas,11/1/2024,2308,1560,67.6,0.5,1501,58,25.2,3.7,77,13.2,-19,0.76,29,2.0,48,3.3
Kentucky,11/1/2024,3615,2110,58.4,-0.2,2007,103,21.2,4.9,141,50.0,-38,0.73,50,2.4,73,3.6
Louisiana,11/1/2024,3596,2087,58.0,0.0,1995,92,-4.8,4.4,118,29.7,-26,0.78,53,2.7,90,4.6
Maine,11/1/2024,1180,709,60.1,-1.9,686,23,3.3,3.2,39,21.9,-16,0.59,13,2.0,29,4.4
Maryland,11/1/2024,4990,3246,65.1,-4.2,3137,109,-5.1,3.4,165,1.2,-56,0.66,55,2.0,101,3.6
Massachusetts,11/1/2024,5918,3940,66.6,0.3,3779,161,36.6,4.1,174,4.2,-13,0.93,49,1.3,100,2.7
Michigan,11/1/2024,8194,5076,61.9,0.6,4811,265,42.5,5.2,227,4.6,38,1.17,96,2.1,164,3.6
Minnesota,11/1/2024,4622,3154,68.2,-1.7,3051,103,-6.5,3.3,189,38.0,-86,0.54,63,2.1,115,3.8
Mississippi,11/1/2024,2317,1293,55.8,-0.2,1245,48,-34.6,3.7,75,47.1,-27,0.64,30,2.5,51,4.3
Missouri,11/1/2024,4961,3153,63.6,-0.4,3034,119,13.2,3.8,193,55.6,-74,0.62,65,2.1,92,3.0
Montana,11/1/2024,920,577,62.7,-1.0,560,17,-13.8,2.9,31,10.7,-14,0.54,16,3.0,24,4.5
Nebraska,11/1/2024,1560,1087,69.7,-0.4,1056,31,-3.6,2.8,54,8.0,-23,0.57,23,2.1,36,3.3
Nevada,11/1/2024,2630,1651,62.8,-1.4,1562,90,31.5,5.4,75,2.7,15,1.20,39,2.5,60,3.8
New Hampshire,11/1/2024,1180,774,65.5,-2.7,751,22,11.9,2.9,32,-5.9,-10,0.69,12,1.7,26,3.6
New Jersey,11/1/2024,7686,4897,63.7,-0.8,4664,233,19.5,4.8,200,2.0,33,1.17,62,1.4,139,3.2
New Mexico,11/1/2024,1705,986,57.8,0.0,945,41,-18.3,4.2,55,7.8,-14,0.75,19,2.1,32,3.6
New York,11/1/2024,16359,9947,60.8,-0.1,9538,409,-1.0,4.1,422,-1.9,-13,0.97,164,1.7,285,2.9
North Carolina,11/1/2024,8833,5293,59.9,-1.5,5095,198,4.4,3.7,275,17.0,-77,0.72,91,1.8,194,3.9
North Dakota,11/1/2024,615,427,69.5,0.1,416,11,19.1,2.5,25,8.7,-14,0.43,12,2.7,16,3.6
Ohio,11/1/2024,9489,5964,62.9,-0.7,5685,279,4.4,4.7,288,13.8,-9,0.97,135,2.4,182,3.2
Oklahoma,11/1/2024,3182,2005,63.0,2.2,1943,62,6.6,3.1,114,34.1,-52,0.54,53,3.0,85,4.7
Oregon,11/1/2024,3512,2203,62.7,1.7,2103,100,34.5,4.5,100,-8.3,0,1.00,49,2.5,68,3.4
Pennsylvania,11/1/2024,10610,6535,61.6,-1.2,6275,260,-13.6,4.0,225,-19.6,35,1.16,91,1.5,189,3.0
Rhode Island,11/1/2024,923,594,64.4,0.2,568,26,26.9,4.5,26,8.3,0,1.02,10,1.9,21,4.1
South Carolina,11/1/2024,4420,2581,58.4,0.5,2471,110,61.4,4.3,154,41.3,-44,0.72,62,2.6,102,4.3
South Dakota,11/1/2024,717,488,68.1,-1.1,479,9,-19.8,1.9,25,8.7,-16,0.37,11,2.3,17,3.6
Tennessee,11/1/2024,5793,3488,60.2,-1.2,3364,124,7.6,3.6,182,30.0,-58,0.68,94,2.8,132,3.9
Texas,11/1/2024,24283,15765,64.9,1.0,15110,654,30.4,4.2,591,11.9,63,1.11,265,1.9,544,3.8
Utah,11/1/2024,2681,1834,68.4,0.1,1773,61,50.3,3.3,91,21.3,-30,0.67,41,2.3,63,3.6
Vermont,11/1/2024,545,353,64.9,-1.0,345,9,14.8,2.5,15,-11.8,-6,0.59,6,1.9,12,3.8
Virginia,11/1/2024,7007,4553,65.0,-0.6,4412,141,10.4,3.1,276,25.5,-135,0.51,90,2.1,137,3.2
Washington,11/1/2024,6412,4038,63.0,-2.4,3863,175,17.1,4.3,157,-17.4,18,1.11,66,1.8,104,2.9
West Virginia,11/1/2024,1434,785,54.7,-0.2,754,31,-27.6,3.9,49,-2.0,-18,0.62,19,2.6,30,4.2
Wisconsin,11/1/2024,4827,3145,65.2,-1.0,3046,99,3.4,3.1,151,-5.6,-52,0.66,65,2.1,95,3.1
Wyoming,11/1/2024,467,292,62.5,-3.4,282,10,-30.0,3.3,17,-5.6,-7,0.56,11,3.7,12,4.0
Alabama,10/1/2024,4109,2373,57.7,0.5,2299,73,-1.2,3.1,115,16.2,-42,0.64,48,2.2,80,3.6
Alaska,10/1/2024,555,362,65.2,0.8,345,17,-12.0,4.6,24,4.3,-7,0.69,10,2.9,18,5.3
Arizona,10/1/2024,6070,3761,62.0,0.0,3612,149,-11.7,4.0,180,14.6,-31,0.83,65,2.0,122,3.7
Arkansas,10/1/2024,2434,1420,58.3,0.4,1369,51,6.1,3.6,97,51.6,-46,0.53,31,2.3,58,4.2
California,10/1/2024,31709,19749,62.3,-0.7,18683,1066,23.9,5.4,609,-24.4,457,1.75,274,1.5,539,3.0
Colorado,10/1/2024,4833,3274,67.8,-0.9,3132,142,42.2,4.3,159,24.2,-17,0.89,45,1.5,107,3.6
Connecticut,10/1/2024,3009,1940,64.5,-1.8,1874,66,-10.9,3.4,81,20.9,-15,0.82,32,1.9,59,3.5
Delaware,10/1/2024,855,512,59.9,-1.1,492,20,16.5,3.9,24,9.1,-4,0.84,12,2.5,21,4.3
District of Columbia,10/1/2024,570,414,72.6,1.2,392,22,-2.7,5.4,35,12.9,-13,0.64,13,1.7,22,2.8
Florida,10/1/2024,19097,11117,58.2,-1.1,10731,386,24.7,3.5,405,-6.9,-19,0.95,250,2.5,376,3.8
Georgia,10/1/2024,8837,5425,61.4,-1.5,5237,188,-0.4,3.5,220,-7.2,-32,0.86,98,2.0,202,4.1
Hawaii,10/1/2024,1134,685,60.4,-0.9,667,19,24.6,2.7,27,-10.0,-8,0.69,13,2.0,21,3.3
Idaho,10/1/2024,1571,1003,63.8,-0.3,966,36,42.2,3.6,47,20.5,-11,0.78,21,2.4,40,4.6
Illinois,10/1/2024,10233,6655,65.0,0.9,6328,327,31.7,4.9,288,11.2,39,1.13,92,1.5,204,3.3
Indiana,10/1/2024,5469,3497,64.0,-0.2,3353,144,23.6,4.1,144,-7.7,0,1.00,87,2.6,119,3.6
Iowa,10/1/2024,2555,1717,67.2,-1.9,1658,59,28.2,3.4,73,-3.9,-14,0.81,31,1.9,51,3.2
Kansas,10/1/2024,2307,1558,67.5,0.4,1500,58,24.5,3.7,74,8.8,-16,0.79,29,2.0,55,3.7
Kentucky,10/1/2024,3613,2109,58.4,-0.2,2005,104,21.8,4.9,120,27.7,-16,0.86,43,2.1,79,3.9
Louisiana,10/1/2024,3595,2089,58.1,0.1,1996,93,-3.7,4.5,97,6.6,-4,0.96,50,2.6,85,4.3
Maine,10/1/2024,1179,710,60.2,-1.9,687,23,1.8,3.2,36,12.5,-13,0.63,14,2.1,24,3.7
Maryland,10/1/2024,4987,3246,65.1,-4.2,3138,108,-6.0,3.3,139,-14.7,-31,0.78,66,2.4,105,3.8
Massachusetts,10/1/2024,5916,3938,66.6,0.2,3777,161,36.7,4.1,184,10.2,-23,0.88,51,1.4,113,3.0
Michigan,10/1/2024,8190,5075,62.0,0.6,4814,261,40.4,5.1,221,1.8,40,1.18,95,2.1,205,4.6
Minnesota,10/1/2024,4618,3151,68.2,-1.7,3048,102,-6.9,3.2,184,34.3,-82,0.56,63,2.1,103,3.4
Mississippi,10/1/2024,2316,1289,55.7,-0.3,1243,46,-36.9,3.6,54,5.9,-8,0.85,30,2.5,45,3.8
Missouri,10/1/2024,4958,3151,63.6,-0.4,3033,118,12.2,3.7,175,41.1,-57,0.67,58,1.9,101,3.3
Montana,10/1/2024,920,578,62.8,-0.9,561,17,-12.8,2.9,31,10.7,-14,0.54,13,2.4,35,6.5
Nebraska,10/1/2024,1559,1085,69.6,-0.5,1054,31,-4.3,2.8,53,6.0,-22,0.58,20,1.9,38,3.5
Nevada,10/1/2024,2627,1650,62.8,-1.4,1560,90,31.9,5.5,76,4.1,14,1.18,31,2.0,66,4.2
New Hampshire,10/1/2024,1180,773,65.5,-2.7,752,21,8.5,2.8,43,26.5,-22,0.50,12,1.7,28,3.9
New Jersey,10/1/2024,7681,4900,63.8,-0.7,4669,231,18.4,4.7,214,9.2,17,1.08,59,1.3,128,2.9
New Mexico,10/1/2024,1705,985,57.8,0.0,944,42,-17.8,4.2,55,7.8,-13,0.76,18,2.0,35,3.9
New York,10/1/2024,16356,9945,60.8,-0.1,9533,412,-0.2,4.1,508,18.1,-96,0.81,180,1.8,295,3.0
North Carolina,10/1/2024,8821,5295,60.0,-1.4,5098,197,3.9,3.7,257,9.4,-60,0.77,90,1.8,167,3.3
North Dakota,10/1/2024,615,427,69.5,0.1,416,11,18.6,2.5,25,8.7,-14,0.43,10,2.2,16,3.6
Ohio,10/1/2024,9484,5959,62.8,-0.7,5686,274,2.2,4.6,272,7.5,2,1.01,109,1.9,186,3.3
Oklahoma,10/1/2024,3179,2004,63.0,2.2,1941,62,7.4,3.1,90,5.9,-28,0.69,41,2.3,72,4.0
Oregon,10/1/2024,3510,2200,62.7,1.7,2102,98,31.4,4.4,106,-2.8,-8,0.92,39,2.0,74,3.7
Pennsylvania,10/1/2024,10607,6542,61.7,-1.1,6285,257,-14.6,3.9,289,3.2,-32,0.89,128,2.1,186,3.0
Rhode Island,10/1/2024,922,594,64.4,0.2,568,26,26.8,4.5,32,33.3,-6,0.83,13,2.5,22,4.3
South Carolina,10/1/2024,4413,2581,58.5,0.6,2468,113,65.4,4.4,122,11.9,-9,0.92,57,2.4,111,4.6
South Dakota,10/1/2024,716,487,68.1,-1.1,478,9,-20.9,1.9,24,4.3,-15,0.38,11,2.4,18,3.8
Tennessee,10/1/2024,5788,3481,60.1,-1.3,3357,124,7.3,3.6,161,15.0,-37,0.77,80,2.4,138,4.1
Texas,10/1/2024,24250,15746,64.9,1.1,15087,659,31.3,4.2,506,-4.2,153,1.30,294,2.1,515,3.6
Utah,10/1/2024,2677,1833,68.5,0.2,1771,62,51.3,3.4,90,20.0,-28,0.68,35,2.0,66,3.7
Vermont,10/1/2024,545,354,64.9,-0.9,345,9,13.5,2.5,17,0.0,-8,0.51,7,2.2,13,4.1
Virginia,10/1/2024,7001,4554,65.0,-0.6,4414,139,8.9,3.1,224,1.8,-85,0.62,92,2.2,165,3.9
Washington,10/1/2024,6405,4038,63.0,-2.4,3861,177,18.1,4.4,158,-16.8,19,1.12,57,1.6,114,3.1
West Virginia,10/1/2024,1434,786,54.9,-0.1,755,31,-26.5,3.9,40,-20.0,-9,0.78,18,2.5,30,4.2
Wisconsin,10/1/2024,4824,3147,65.2,-0.9,3049,97,1.5,3.1,150,-6.3,-53,0.65,53,1.7,97,3.2
Wyoming,10/1/2024,466,292,62.6,-3.2,282,10,-29.9,3.3,17,-5.6,-7,0.56,7,2.4,14,4.7
Alabama,9/1/2024,4106,2369,57.7,0.5,2297,73,-1.9,3.1,127,28.3,-54,0.57,46,2.1,83,3.7
Alaska,9/1/2024,555,362,65.2,0.7,345,17,-11.8,4.6,23,0.0,-6,0.72,12,3.5,18,5.3
Arizona,9/1/2024,6063,3755,61.9,-0.1,3609,146,-13.4,3.9,179,14.0,-33,0.82,72,2.2,114,3.5
Arkansas,9/1/2024,2432,1418,58.3,0.4,1368,50,4.3,3.5,79,23.4,-29,0.64,28,2.0,54,3.9
California,9/1/2024,31697,19740,62.3,-0.7,18672,1068,24.2,5.4,614,-23.8,454,1.74,285,1.6,514,2.8
Colorado,9/1/2024,4830,3274,67.8,-0.9,3133,141,41.7,4.3,150,17.2,-9,0.94,64,2.1,101,3.4
Connecticut,9/1/2024,3007,1938,64.4,-1.8,1873,65,-12.1,3.4,80,19.4,-15,0.82,29,1.7,61,3.6
Delaware,9/1/2024,854,512,59.9,-1.1,492,20,16.5,3.9,27,22.7,-7,0.74,10,2.0,19,3.9
District of Columbia,9/1/2024,570,414,72.6,1.1,391,22,-3.1,5.4,36,16.1,-14,0.62,13,1.7,20,2.6
Florida,9/1/2024,19077,11120,58.3,-1.0,10735,385,24.4,3.5,476,9.4,-91,0.81,269,2.7,430,4.3
Georgia,9/1/2024,8828,5429,61.5,-1.4,5239,190,0.5,3.5,330,39.2,-140,0.58,105,2.1,201,4.0
Hawaii,9/1/2024,1134,685,60.4,-1.0,666,19,26.5,2.8,26,-13.3,-7,0.73,12,1.9,17,2.7
Idaho,9/1/2024,1568,1002,63.9,-0.3,966,36,41.8,3.6,46,17.9,-10,0.79,26,3.0,39,4.5
Illinois,9/1/2024,10228,6658,65.1,0.9,6324,333,34.3,5.0,292,12.7,41,1.14,138,2.2,185,3.0
Indiana,9/1/2024,5464,3493,63.9,-0.3,3347,145,24.5,4.2,145,-7.1,0,1.00,78,2.4,113,3.4
Iowa,9/1/2024,2554,1714,67.1,-2.0,1656,58,26.3,3.4,79,3.9,-21,0.74,30,1.9,46,2.9
Kansas,9/1/2024,2305,1556,67.5,0.4,1498,58,23.6,3.7,72,5.9,-14,0.80,34,2.3,47,3.2
Kentucky,9/1/2024,3610,2107,58.4,-0.2,2003,104,22.1,4.9,133,41.5,-29,0.78,38,1.9,74,3.6
Louisiana,9/1/2024,3594,2090,58.2,0.2,1997,93,-3.7,4.5,110,20.9,-17,0.85,36,1.8,77,3.9
Maine,9/1/2024,1178,709,60.2,-1.8,687,22,0.0,3.1,36,12.5,-14,0.62,14,2.1,30,4.6
Maryland,9/1/2024,4984,3245,65.1,-4.2,3138,107,-6.9,3.3,174,6.7,-67,0.62,49,1.8,107,3.9
Massachusetts,9/1/2024,5914,3935,66.5,0.2,3774,161,36.7,4.1,192,15.0,-31,0.84,53,1.4,162,4.3
Michigan,9/1/2024,8185,5074,62.0,0.6,4817,256,38.1,5.1,209,-3.7,47,1.23,100,2.2,162,3.6
Minnesota,9/1/2024,4615,3148,68.2,-1.8,3045,102,-6.8,3.3,186,35.8,-84,0.55,69,2.3,88,2.9
Mississippi,9/1/2024,2315,1285,55.5,-0.5,1241,44,-39.3,3.4,65,27.5,-21,0.68,27,2.3,45,3.8
Missouri,9/1/2024,4955,3150,63.6,-0.4,3032,118,12.2,3.7,170,37.1,-52,0.69,67,2.2,94,3.1
Montana,9/1/2024,919,579,63.0,-0.7,561,17,-11.1,3.0,32,14.3,-15,0.54,15,2.8,24,4.5
Nebraska,9/1/2024,1558,1083,69.5,-0.6,1053,30,-4.8,2.8,53,6.0,-23,0.57,23,2.1,36,3.4
Nevada,9/1/2024,2623,1648,62.8,-1.3,1558,90,32.1,5.5,73,0.0,17,1.24,33,2.1,61,3.9
New Hampshire,9/1/2024,1179,773,65.6,-2.7,752,21,5.5,2.7,35,2.9,-14,0.60,12,1.7,27,3.8
New Jersey,9/1/2024,7676,4904,63.9,-0.6,4674,230,17.8,4.7,210,7.1,20,1.09,64,1.5,130,3.0
New Mexico,9/1/2024,1704,984,57.8,0.0,943,42,-17.4,4.2,50,-2.0,-8,0.84,17,1.9,30,3.4
New York,9/1/2024,16352,9945,60.8,-0.1,9530,415,0.7,4.2,487,13.3,-72,0.85,156,1.6,283,2.9
North Carolina,9/1/2024,8809,5297,60.1,-1.2,5101,196,3.4,3.7,256,8.9,-60,0.77,87,1.7,173,3.4
North Dakota,9/1/2024,614,427,69.5,0.2,416,11,18.1,2.5,24,4.3,-13,0.45,10,2.2,15,3.4
Ohio,9/1/2024,9479,5954,62.8,-0.7,5686,268,0.3,4.5,304,20.2,-36,0.88,115,2.0,182,3.2
Oklahoma,9/1/2024,3176,2002,63.0,2.2,1939,63,8.5,3.1,118,38.8,-55,0.53,44,2.5,79,4.4
Oregon,9/1/2024,3508,2198,62.6,1.7,2102,96,28.9,4.4,102,-6.4,-6,0.94,42,2.1,65,3.3
Pennsylvania,9/1/2024,10603,6551,61.8,-1.0,6297,254,-15.5,3.9,300,7.1,-46,0.85,124,2.0,193,3.1
Rhode Island,9/1/2024,922,594,64.5,0.3,568,26,26.7,4.4,27,12.5,-1,0.98,11,2.2,22,4.3
South Carolina,9/1/2024,4407,2580,58.5,0.7,2465,115,68.7,4.5,149,36.7,-34,0.77,55,2.3,97,4.1
South Dakota,9/1/2024,715,487,68.1,-1.1,478,9,-21.6,1.9,25,8.7,-16,0.36,11,2.4,17,3.7
Tennessee,9/1/2024,5782,3475,60.1,-1.3,3352,123,6.3,3.5,164,17.1,-41,0.75,76,2.3,125,3.7
Texas,9/1/2024,24216,15723,64.9,1.1,15062,661,31.7,4.2,659,24.8,2,1.00,297,2.1,495,3.5
Utah,9/1/2024,2673,1832,68.5,0.3,1770,62,52.4,3.4,88,17.3,-26,0.70,36,2.0,69,3.9
Vermont,9/1/2024,545,354,65.0,-0.9,345,9,12.2,2.4,16,-5.9,-7,0.54,7,2.2,13,4.1
Virginia,9/1/2024,6995,4553,65.1,-0.5,4416,137,7.5,3.0,268,21.8,-131,0.51,88,2.1,157,3.7
Washington,9/1/2024,6398,4039,63.1,-2.3,3860,179,19.8,4.4,155,-18.4,24,1.16,64,1.7,107,2.9
West Virginia,9/1/2024,1433,788,55.0,0.0,756,32,-25.3,4.0,46,-8.0,-14,0.68,17,2.4,29,4.0
Wisconsin,9/1/2024,4821,3147,65.3,-0.9,3051,96,-0.2,3.0,148,-7.5,-52,0.65,59,1.9,92,3.0
Wyoming,9/1/2024,466,292,62.7,-3.1,283,10,-30.3,3.3,16,-11.1,-6,0.60,7,2.4,12,4.1
Alabama,8/1/2024,4103,2365,57.6,0.4,2293,72,-3.2,3.0,130,31.3,-58,0.55,50,2.3,77,3.5
Alaska,8/1/2024,554,361,65.2,0.7,345,17,-12.0,4.6,23,0.0,-6,0.72,11,3.2,18,5.3
Arizona,8/1/2024,6055,3749,61.9,-0.1,3606,143,-15.4,3.8,177,12.7,-34,0.81,70,2.1,142,4.4
Arkansas,8/1/2024,2430,1417,58.3,0.4,1367,50,2.9,3.5,74,15.6,-24,0.67,33,2.4,45,3.3
California,8/1/2024,31685,19740,62.3,-0.7,18675,1065,23.8,5.4,640,-20.6,425,1.66,283,1.6,511,2.8
Colorado,8/1/2024,4826,3273,67.8,-0.8,3133,140,40.4,4.3,185,44.5,-45,0.76,78,2.6,111,3.7
Connecticut,8/1/2024,3006,1936,64.4,-1.9,1872,65,-13.3,3.3,78,16.4,-13,0.83,27,1.6,64,3.7
Delaware,8/1/2024,853,511,59.9,-1.1,491,20,16.9,3.9,27,22.7,-7,0.75,13,2.7,18,3.7
District of Columbia,8/1/2024,570,413,72.6,1.1,391,22,-3.3,5.4,41,32.3,-19,0.54,14,1.8,20,2.6
Florida,8/1/2024,19058,11125,58.4,-0.9,10741,384,24.1,3.4,514,18.2,-130,0.75,264,2.6,348,3.5
Georgia,8/1/2024,8819,5433,61.6,-1.3,5242,191,1.1,3.5,293,23.6,-102,0.65,119,2.4,185,3.7
Hawaii,8/1/2024,1133,684,60.4,-1.0,665,19,27.5,2.8,26,-13.3,-7,0.73,11,1.7,23,3.6
Idaho,8/1/2024,1566,1001,63.9,-0.3,964,36,41.2,3.6,44,12.8,-8,0.82,24,2.8,39,4.5
Illinois,8/1/2024,10224,6659,65.1,1.0,6320,339,36.5,5.1,338,30.5,1,1.00,105,1.7,242,3.9
Indiana,8/1/2024,5460,3487,63.9,-0.3,3341,145,24.3,4.2,141,-9.6,4,1.03,74,2.3,122,3.7
Iowa,8/1/2024,2552,1712,67.1,-2.1,1655,57,23.4,3.3,71,-6.6,-14,0.80,33,2.0,54,3.4
Kansas,8/1/2024,2303,1554,67.5,0.4,1497,57,22.3,3.7,63,-7.4,-6,0.91,29,2.0,47,3.2
Kentucky,8/1/2024,3608,2104,58.3,-0.3,2001,104,21.7,4.9,134,42.6,-30,0.77,50,2.5,73,3.6
Louisiana,8/1/2024,3592,2091,58.2,0.2,1999,92,-4.9,4.4,118,29.7,-26,0.78,56,2.9,67,3.4
Maine,8/1/2024,1178,709,60.2,-1.8,687,22,-2.0,3.1,33,3.1,-11,0.66,14,2.1,27,4.1
Maryland,8/1/2024,4981,3247,65.2,-4.1,3140,108,-6.6,3.3,173,6.1,-65,0.62,69,2.5,100,3.6
Massachusetts,8/1/2024,5911,3933,66.5,0.2,3772,161,36.6,4.1,177,6.0,-16,0.91,58,1.5,131,3.5
Michigan,8/1/2024,8181,5071,62.0,0.7,4820,252,35.4,5.0,213,-1.8,39,1.18,80,1.8,188,4.2
Minnesota,8/1/2024,4611,3144,68.2,-1.8,3042,102,-6.8,3.3,139,1.5,-37,0.74,49,1.6,101,3.4
Mississippi,8/1/2024,2314,1281,55.4,-0.6,1239,42,-41.9,3.3,74,45.1,-32,0.57,35,2.9,47,3.9
Missouri,8/1/2024,4952,3151,63.6,-0.4,3032,118,12.6,3.8,144,16.1,-26,0.82,67,2.2,103,3.4
Montana,8/1/2024,918,579,63.1,-0.6,562,17,-9.7,3.0,30,7.1,-13,0.58,15,2.8,27,5.0
Nebraska,8/1/2024,1556,1081,69.5,-0.6,1051,30,-5.6,2.8,42,-16.0,-12,0.72,22,2.1,37,3.5
Nevada,8/1/2024,2620,1646,62.8,-1.3,1556,90,31.9,5.5,71,-2.7,19,1.27,35,2.2,63,4.0
New Hampshire,8/1/2024,1178,772,65.6,-2.7,752,20,3.0,2.6,34,0.0,-14,0.60,13,1.8,27,3.8
New Jersey,8/1/2024,7671,4907,64.0,-0.5,4677,229,17.5,4.7,209,6.6,20,1.10,72,1.6,136,3.1
New Mexico,8/1/2024,1703,983,57.7,-0.1,942,42,-17.4,4.3,45,-11.8,-3,0.93,19,2.1,31,3.5
New York,8/1/2024,16348,9945,60.8,-0.1,9526,418,1.4,4.2,397,-7.7,21,1.05,133,1.3,294,3.0
North Carolina,8/1/2024,8796,5299,60.2,-1.1,5104,195,2.9,3.7,284,20.9,-89,0.69,110,2.2,172,3.4
North Dakota,8/1/2024,614,426,69.5,0.2,416,11,17.4,2.5,23,0.0,-12,0.46,10,2.3,18,4.1
Ohio,8/1/2024,9473,5948,62.8,-0.7,5684,264,-1.3,4.4,282,11.5,-18,0.94,117,2.1,179,3.2
Oklahoma,8/1/2024,3174,2001,63.0,2.3,1937,64,9.5,3.2,119,40.0,-55,0.53,43,2.4,77,4.3
Oregon,8/1/2024,3506,2195,62.6,1.6,2101,94,26.8,4.3,106,-2.8,-12,0.89,44,2.2,75,3.8
Pennsylvania,8/1/2024,10599,6561,61.9,-0.9,6309,252,-16.3,3.8,285,1.8,-33,0.88,129,2.1,210,3.4
Rhode Island,8/1/2024,921,594,64.5,0.3,568,26,26.3,4.4,25,4.2,1,1.05,10,2.0,21,4.1
South Carolina,8/1/2024,4400,2578,58.6,0.7,2462,116,69.6,4.5,146,33.9,-30,0.79,70,2.9,98,4.1
South Dakota,8/1/2024,715,486,68.1,-1.1,477,9,-22.1,1.9,23,0.0,-14,0.39,11,2.4,17,3.6
Tennessee,8/1/2024,5776,3469,60.1,-1.4,3348,121,4.7,3.5,166,18.6,-45,0.73,83,2.5,113,3.4
Texas,8/1/2024,24181,15696,64.9,1.0,15037,659,31.3,4.2,607,15.0,52,1.09,288,2.0,443,3.1
Utah,8/1/2024,2669,1831,68.6,0.3,1769,62,52.8,3.4,82,9.3,-20,0.76,41,2.3,71,4.0
Vermont,8/1/2024,544,354,65.0,-0.9,345,8,10.3,2.4,16,-5.9,-8,0.53,6,1.9,12,3.8
Virginia,8/1/2024,6988,4553,65.2,-0.5,4418,135,5.9,3.0,278,26.4,-143,0.49,105,2.5,145,3.4
Washington,8/1/2024,6391,4043,63.3,-2.2,3861,182,21.5,4.5,161,-15.3,21,1.13,62,1.7,108,2.9
West Virginia,8/1/2024,1433,789,55.1,0.1,757,32,-24.6,4.0,48,-4.0,-16,0.66,22,3.1,29,4.0
Wisconsin,8/1/2024,4818,3146,65.3,-0.8,3052,94,-1.4,3.0,145,-9.4,-51,0.65,57,1.9,98,3.2
Wyoming,8/1/2024,466,292,62.8,-3.0,283,9,-31.2,3.2,15,-16.7,-6,0.63,7,2.4,13,4.4
Alabama,7/1/2024,4100,2361,57.6,0.3,2290,70,-4.9,3.0,120,21.2,-50,0.59,49,2.2,78,3.5
Alaska,7/1/2024,554,361,65.2,0.7,344,16,-12.5,4.6,25,8.7,-9,0.66,10,3.0,19,5.6
Arizona,7/1/2024,6048,3744,61.9,-0.1,3605,139,-17.6,3.7,192,22.3,-53,0.72,71,2.2,126,3.9
Arkansas,7/1/2024,2428,1415,58.3,0.4,1366,49,1.9,3.5,78,21.9,-29,0.63,33,2.4,61,4.4
California,7/1/2024,31672,19725,62.3,-0.7,18669,1057,22.9,5.4,633,-21.5,424,1.67,276,1.5,420,2.3
Colorado,7/1/2024,4823,3271,67.8,-0.8,3133,138,38.2,4.2,193,50.8,-55,0.71,76,2.5,132,4.4
Connecticut,7/1/2024,3004,1934,64.4,-1.9,1871,64,-14.5,3.3,89,32.8,-25,0.71,33,1.9,60,3.5
Delaware,7/1/2024,852,511,60.0,-1.1,491,20,17.3,4.0,27,22.7,-7,0.75,12,2.5,20,4.1
District of Columbia,7/1/2024,569,413,72.6,1.1,391,22,-3.7,5.4,36,16.1,-14,0.61,12,1.6,20,2.6
Florida,7/1/2024,19038,11128,58.5,-0.9,10748,380,22.9,3.4,504,15.9,-124,0.75,205,2.1,369,3.7
Georgia,7/1/2024,8809,5434,61.7,-1.2,5243,191,1.2,3.5,272,14.8,-81,0.70,115,2.3,158,3.2
Hawaii,7/1/2024,1133,683,60.3,-1.0,664,19,27.6,2.8,28,-6.7,-9,0.68,12,1.9,21,3.3
Idaho,7/1/2024,1563,999,63.9,-0.3,963,36,40.6,3.6,47,20.5,-11,0.77,24,2.8,41,4.7
Illinois,7/1/2024,10220,6657,65.1,1.0,6316,342,37.7,5.1,342,32.0,0,1.00,131,2.1,216,3.5
Indiana,7/1/2024,5456,3480,63.8,-0.4,3336,144,23.5,4.1,142,-9.0,2,1.02,74,2.3,115,3.5
Iowa,7/1/2024,2551,1711,67.1,-2.1,1656,55,19.4,3.2,71,-6.6,-16,0.78,32,2.0,52,3.2
Kansas,7/1/2024,2301,1551,67.4,0.3,1495,56,20.5,3.6,70,2.9,-14,0.80,27,1.8,46,3.1
Kentucky,7/1/2024,3605,2101,58.3,-0.3,1998,103,20.9,4.9,139,47.9,-36,0.74,51,2.5,72,3.5
Louisiana,7/1/2024,3591,2090,58.2,0.2,2000,90,-7.0,4.3,103,13.2,-13,0.88,55,2.8,76,3.9
Maine,7/1/2024,1177,708,60.2,-1.8,687,21,-4.1,3.0,36,12.5,-15,0.59,13,2.0,25,3.8
Maryland,7/1/2024,4978,3245,65.2,-4.1,3139,106,-7.9,3.3,158,-3.1,-52,0.67,54,2.0,95,3.4
Massachusetts,7/1/2024,5909,3931,66.5,0.2,3771,160,35.7,4.1,213,27.5,-53,0.75,61,1.6,110,2.9
Michigan,7/1/2024,8176,5069,62.0,0.7,4823,246,32.3,4.8,212,-2.3,34,1.16,86,1.9,154,3.4
Minnesota,7/1/2024,4607,3141,68.2,-1.8,3039,102,-7.5,3.2,177,29.2,-75,0.57,53,1.8,87,2.9
Mississippi,7/1/2024,2313,1277,55.2,-0.8,1237,40,-44.7,3.2,66,29.4,-26,0.61,29,2.4,39,3.3
Missouri,7/1/2024,4949,3149,63.6,-0.4,3031,119,13.0,3.8,161,29.8,-42,0.74,68,2.2,97,3.2
Montana,7/1/2024,917,580,63.2,-0.5,562,18,-8.8,3.0,35,25.0,-17,0.50,16,3.0,29,5.4
Nebraska,7/1/2024,1555,1079,69.4,-0.7,1049,30,-6.6,2.8,49,-2.0,-19,0.61,21,2.0,38,3.6
Nevada,7/1/2024,2617,1644,62.8,-1.3,1554,90,31.5,5.5,74,1.4,16,1.21,35,2.2,64,4.0
New Hampshire,7/1/2024,1177,772,65.6,-2.7,752,20,0.8,2.6,38,11.8,-18,0.52,12,1.7,27,3.8
New Jersey,7/1/2024,7666,4909,64.0,-0.4,4680,229,17.2,4.7,228,16.3,1,1.00,82,1.9,141,3.2
New Mexico,7/1/2024,1702,983,57.7,-0.1,941,42,-18.0,4.2,52,2.0,-10,0.80,16,1.8,31,3.5
New York,7/1/2024,16343,9943,60.8,-0.1,9522,420,1.8,4.2,496,15.3,-76,0.85,170,1.7,296,3.0
North Carolina,7/1/2024,8784,5301,60.3,-1.0,5106,194,2.4,3.7,272,15.7,-78,0.71,98,2.0,172,3.4
North Dakota,7/1/2024,613,426,69.4,0.1,415,11,16.0,2.5,24,4.3,-13,0.44,9,2.0,17,3.8
Ohio,7/1/2024,9468,5941,62.8,-0.8,5680,261,-2.5,4.4,257,1.6,4,1.02,105,1.9,200,3.5
Oklahoma,7/1/2024,3171,1999,63.1,2.3,1935,64,10.3,3.2,100,17.6,-36,0.64,43,2.4,76,4.3
Oregon,7/1/2024,3504,2194,62.6,1.6,2101,93,25.2,4.2,109,0.0,-16,0.86,43,2.2,73,3.7
Pennsylvania,7/1/2024,10595,6571,62.0,-0.8,6321,250,-16.9,3.8,314,12.1,-64,0.80,94,1.5,173,2.8
Rhode Island,7/1/2024,921,595,64.6,0.4,568,26,25.0,4.4,28,16.7,-2,0.93,11,2.2,20,3.9
South Carolina,7/1/2024,4393,2574,58.6,0.7,2460,114,67.4,4.4,139,27.5,-25,0.82,73,3.1,103,4.3
South Dakota,7/1/2024,714,486,68.0,-1.2,477,9,-22.9,1.8,25,8.7,-16,0.36,11,2.4,18,3.8
Tennessee,7/1/2024,5770,3464,60.0,-1.4,3346,118,2.7,3.4,165,17.9,-47,0.72,80,2.4,121,3.6
Texas,7/1/2024,24147,15665,64.9,1.0,15011,654,30.3,4.2,638,20.8,16,1.03,350,2.5,466,3.3
Utah,7/1/2024,2665,1830,68.7,0.4,1768,62,52.2,3.4,92,22.7,-30,0.67,43,2.4,71,4.0
Vermont,7/1/2024,544,354,65.0,-0.8,346,8,7.8,2.3,18,5.9,-10,0.46,8,2.5,12,3.8
Virginia,7/1/2024,6982,4553,65.2,-0.4,4420,133,4.1,2.9,245,11.4,-112,0.54,82,1.9,140,3.3
Washington,7/1/2024,6383,4045,63.4,-2.0,3862,184,22.8,4.5,160,-15.8,24,1.15,65,1.8,113,3.1
West Virginia,7/1/2024,1433,790,55.2,0.2,758,32,-24.1,4.1,45,-10.0,-13,0.71,18,2.5,29,4.0
Wisconsin,7/1/2024,4815,3146,65.3,-0.8,3052,94,-1.9,3.0,154,-3.8,-60,0.61,57,1.9,95,3.1
Wyoming,7/1/2024,465,293,62.9,-2.9,283,9,-32.2,3.2,17,-5.6,-8,0.55,8,2.7,14,4.8
Alabama,6/1/2024,4096,2356,57.5,0.3,2287,69,-6.5,2.9,121,22.2,-52,0.57,55,2.5,85,3.9
Alaska,6/1/2024,554,361,65.1,0.7,344,16,-13.1,4.5,25,8.7,-9,0.65,12,3.6,18,5.3
Arizona,6/1/2024,6039,3738,61.9,-0.1,3603,135,-19.9,3.6,164,4.5,-29,0.82,79,2.4,123,3.8
Arkansas,6/1/2024,2425,1412,58.2,0.3,1364,49,1.0,3.4,83,29.7,-34,0.59,38,2.8,59,4.3
California,6/1/2024,31648,19703,62.3,-0.8,18658,1045,21.5,5.3,721,-10.5,324,1.45,342,1.9,527,2.9
Colorado,6/1/2024,4816,3269,67.9,-0.8,3133,135,35.5,4.1,178,39.1,-43,0.76,74,2.5,118,3.9
Connecticut,6/1/2024,3001,1932,64.4,-1.9,1870,63,-15.8,3.2,90,34.3,-27,0.70,33,1.9,57,3.3
Delaware,6/1/2024,851,511,60.0,-1.0,490,20,17.1,4.0,30,36.4,-10,0.67,12,2.4,21,4.3
District of Columbia,6/1/2024,569,413,72.7,1.2,391,22,-4.5,5.3,38,22.6,-16,0.58,13,1.7,22,2.8
Florida,6/1/2024,19010,11128,58.5,-0.8,10753,374,21.1,3.4,498,14.5,-124,0.75,206,2.1,372,3.7
Georgia,6/1/2024,8797,5433,61.8,-1.1,5243,190,0.4,3.5,270,13.9,-80,0.70,125,2.5,187,3.8
Hawaii,6/1/2024,1133,683,60.2,-1.1,663,19,27.1,2.8,28,-6.7,-9,0.68,13,2.0,20,3.1
Idaho,6/1/2024,1560,997,63.9,-0.3,962,36,39.8,3.6,47,20.5,-11,0.76,28,3.2,40,4.6
Illinois,6/1/2024,10212,6653,65.1,1.0,6311,342,37.9,5.1,366,41.3,-24,0.93,134,2.2,253,4.1
Indiana,6/1/2024,5451,3472,63.7,-0.5,3330,143,22.1,4.1,168,7.7,-25,0.85,73,2.2,121,3.7
Iowa,6/1/2024,2549,1709,67.1,-2.1,1656,53,14.9,3.1,75,-1.3,-22,0.71,32,2.0,54,3.4
Kansas,6/1/2024,2299,1548,67.3,0.2,1493,55,18.2,3.6,69,1.5,-14,0.80,35,2.4,50,3.4
Kentucky,6/1/2024,3602,2096,58.2,-0.4,1994,102,19.7,4.9,137,45.7,-35,0.74,56,2.7,81,4.0
Louisiana,6/1/2024,3589,2089,58.2,0.2,2001,88,-9.3,4.2,117,28.6,-29,0.75,52,2.6,78,4.0
Maine,6/1/2024,1176,707,60.2,-1.9,687,21,-6.3,2.9,40,25.0,-19,0.52,15,2.3,26,4.0
Maryland,6/1/2024,4974,3243,65.2,-4.1,3139,104,-10.0,3.2,163,0.0,-59,0.64,59,2.1,106,3.8
Massachusetts,6/1/2024,5903,3927,66.5,0.2,3769,158,33.8,4.0,214,28.1,-56,0.74,60,1.6,100,2.7
Michigan,6/1/2024,8171,5065,62.0,0.6,4826,239,28.5,4.7,213,-1.8,26,1.12,84,1.9,183,4.1
Minnesota,6/1/2024,4603,3138,68.2,-1.8,3038,100,-9.0,3.2,177,29.2,-77,0.56,62,2.1,110,3.6
Mississippi,6/1/2024,2312,1273,55.1,-0.9,1234,39,-47.3,3.0,69,35.3,-30,0.56,35,2.9,50,4.2
Missouri,6/1/2024,4945,3147,63.6,-0.4,3028,119,12.7,3.8,155,25.0,-36,0.76,76,2.5,103,3.4
Montana,6/1/2024,916,579,63.2,-0.4,562,18,-8.6,3.1,35,25.0,-17,0.50,18,3.4,27,5.1
Nebraska,6/1/2024,1553,1077,69.3,-0.8,1048,29,-8.1,2.7,49,-2.0,-20,0.60,24,2.2,38,3.6
Nevada,6/1/2024,2613,1642,62.8,-1.3,1552,89,30.8,5.4,75,2.7,14,1.19,38,2.4,64,4.0
New Hampshire,6/1/2024,1176,771,65.6,-2.7,751,20,-1.2,2.5,38,11.8,-18,0.51,17,2.4,25,3.5
New Jersey,6/1/2024,7657,4909,64.1,-0.4,4681,227,16.6,4.6,249,27.0,-22,0.91,77,1.8,145,3.3
New Mexico,6/1/2024,1701,982,57.7,-0.1,941,41,-19.1,4.2,57,11.8,-16,0.72,20,2.3,33,3.7
New York,6/1/2024,16326,9937,60.9,0.0,9517,420,1.8,4.2,476,10.7,-56,0.88,166,1.7,267,2.7
North Carolina,6/1/2024,8770,5301,60.5,-0.9,5108,193,1.9,3.6,285,21.3,-92,0.68,97,1.9,197,3.9
North Dakota,6/1/2024,612,425,69.4,0.1,415,10,13.9,2.4,26,13.0,-16,0.40,12,2.7,21,4.7
Ohio,6/1/2024,9462,5933,62.7,-0.8,5675,258,-3.6,4.3,251,-0.8,7,1.03,114,2.0,206,3.6
Oklahoma,6/1/2024,3167,1998,63.1,2.3,1934,64,10.8,3.2,111,30.6,-47,0.58,45,2.5,77,4.3
Oregon,6/1/2024,3502,2193,62.6,1.6,2100,92,24.1,4.2,110,0.9,-18,0.84,47,2.4,75,3.8
Pennsylvania,6/1/2024,10590,6581,62.1,-0.7,6333,249,-17.4,3.8,318,13.6,-69,0.78,113,1.8,175,2.8
Rhode Island,6/1/2024,920,595,64.7,0.5,569,26,22.9,4.3,31,29.2,-5,0.83,11,2.1,22,4.3
South Carolina,6/1/2024,4385,2567,58.5,0.7,2457,111,62.1,4.3,159,45.9,-48,0.70,67,2.8,108,4.5
South Dakota,6/1/2024,713,485,68.0,-1.2,476,9,-23.8,1.8,25,8.7,-16,0.35,13,2.8,20,4.3
Tennessee,6/1/2024,5763,3459,60.0,-1.4,3343,116,0.4,3.3,164,17.1,-48,0.71,91,2.7,157,4.7
Texas,6/1/2024,24101,15631,64.9,1.0,14984,647,28.9,4.1,762,44.3,-115,0.85,309,2.2,503,3.5
Utah,6/1/2024,2660,1828,68.7,0.4,1767,61,50.5,3.3,89,18.7,-28,0.69,48,2.7,73,4.2
Vermont,6/1/2024,544,354,65.0,-0.8,346,8,4.8,2.3,17,0.0,-9,0.47,8,2.5,11,3.5
Virginia,6/1/2024,6974,4553,65.3,-0.3,4422,131,2.3,2.9,250,13.6,-119,0.52,103,2.4,180,4.2
Washington,6/1/2024,6375,4046,63.5,-1.9,3862,184,23.4,4.6,165,-13.2,19,1.12,70,1.9,120,3.3
West Virginia,6/1/2024,1432,791,55.2,0.3,759,32,-23.7,4.1,51,2.0,-19,0.63,20,2.8,31,4.3
Wisconsin,6/1/2024,4812,3145,65.4,-0.8,3051,94,-2.0,3.0,164,2.5,-70,0.57,62,2.0,101,3.3
Wyoming,6/1/2024,465,293,62.9,-2.9,283,9,-33.4,3.1,17,-5.6,-8,0.54,9,3.1,14,4.8
Alabama,5/1/2024,4092,2353,57.5,0.3,2285,68,-7.6,2.9,124,25.3,-56,0.55,55,2.5,86,3.9
Alaska,5/1/2024,553,360,65.0,0.6,344,16,-13.7,4.5,24,4.3,-8,0.68,12,3.6,17,5.1
Arizona,5/1/2024,6030,3733,61.9,-0.1,3601,132,-22.0,3.5,185,17.8,-53,0.71,83,2.5,123,3.8
Arkansas,5/1/2024,2423,1409,58.2,0.3,1361,48,0.3,3.4,86,34.4,-38,0.56,34,2.5,59,4.3
California,5/1/2024,31625,19673,62.2,-0.8,18641,1032,20.0,5.2,596,-26.1,436,1.73,258,1.4,545,3.0
Colorado,5/1/2024,4810,3264,67.9,-0.8,3132,132,32.7,4.1,192,50.0,-60,0.69,95,3.2,111,3.7
Connecticut,5/1/2024,2998,1930,64.4,-1.9,1869,62,-16.9,3.2,90,34.3,-28,0.69,33,1.9,56,3.3
Delaware,5/1/2024,849,510,60.1,-1.0,490,20,16.3,3.9,28,27.3,-8,0.72,12,2.4,21,4.3
District of Columbia,5/1/2024,568,413,72.8,1.3,392,22,-5.5,5.2,37,19.4,-15,0.59,13,1.7,23,3.0
Florida,5/1/2024,18983,11122,58.6,-0.7,10754,368,19.1,3.3,508,16.8,-140,0.72,290,2.9,404,4.1
Georgia,5/1/2024,8785,5430,61.8,-1.1,5242,187,-1.0,3.4,273,15.2,-86,0.69,108,2.2,206,4.1
Hawaii,5/1/2024,1133,681,60.1,-1.2,662,19,26.6,2.8,26,-13.3,-7,0.73,12,1.9,19,3.0
Idaho,5/1/2024,1557,995,63.9,-0.3,959,36,38.5,3.6,53,35.9,-17,0.67,23,2.7,43,5.0
Illinois,5/1/2024,10204,6644,65.1,0.9,6303,340,37.2,5.1,320,23.6,20,1.06,135,2.2,236,3.8
Indiana,5/1/2024,5446,3463,63.6,-0.6,3323,140,20.1,4.1,137,-12.2,3,1.02,80,2.4,129,3.9
Iowa,5/1/2024,2547,1707,67.0,-2.1,1656,51,10.5,3.0,67,-11.8,-16,0.76,35,2.2,56,3.5
Kansas,5/1/2024,2297,1545,67.2,0.1,1491,54,15.4,3.5,72,5.9,-18,0.75,36,2.5,56,3.8
Kentucky,5/1/2024,3599,2091,58.1,-0.5,1990,101,18.1,4.8,133,41.5,-32,0.76,49,2.4,74,3.6
Louisiana,5/1/2024,3587,2087,58.2,0.2,2000,86,-10.8,4.1,122,34.1,-36,0.71,59,3.0,98,5.0
Maine,5/1/2024,1175,706,60.1,-2.0,686,20,-8.2,2.9,41,28.1,-21,0.50,16,2.4,25,3.8
Maryland,5/1/2024,4970,3241,65.2,-4.1,3140,101,-12.0,3.1,176,8.0,-75,0.58,59,2.1,108,3.9
Massachusetts,5/1/2024,5897,3920,66.5,0.2,3765,155,31.6,4.0,207,24.0,-52,0.75,42,1.1,96,2.6
Michigan,5/1/2024,8166,5059,62.0,0.6,4829,230,23.9,4.5,229,5.5,1,1.00,91,2.0,152,3.4
Minnesota,5/1/2024,4598,3134,68.2,-1.8,3036,98,-11.0,3.1,145,5.8,-47,0.67,65,2.1,102,3.4
Mississippi,5/1/2024,2310,1268,54.9,-1.1,1231,37,-49.4,2.9,69,35.3,-32,0.54,31,2.6,51,4.3
Missouri,5/1/2024,4941,3142,63.6,-0.4,3025,117,11.5,3.7,146,17.7,-29,0.80,73,2.4,105,3.4
Montana,5/1/2024,915,579,63.2,-0.5,561,18,-9.0,3.0,33,17.9,-15,0.53,18,3.4,26,4.9
Nebraska,5/1/2024,1552,1075,69.3,-0.8,1046,29,-9.8,2.7,46,-8.0,-17,0.62,24,2.3,37,3.5
Nevada,5/1/2024,2609,1638,62.8,-1.4,1550,89,29.7,5.4,75,2.7,14,1.18,38,2.4,62,3.9
New Hampshire,5/1/2024,1175,770,65.5,-2.7,751,19,-3.4,2.5,39,14.7,-20,0.49,15,2.1,25,3.5
New Jersey,5/1/2024,7648,4906,64.1,-0.3,4680,226,15.7,4.6,202,3.1,24,1.12,83,1.9,153,3.5
New Mexico,5/1/2024,1700,981,57.7,-0.1,941,40,-20.7,4.1,56,9.8,-16,0.72,23,2.6,34,3.8
New York,5/1/2024,16308,9927,60.9,0.0,9510,418,1.2,4.2,432,0.5,-14,0.97,174,1.8,225,2.3
North Carolina,5/1/2024,8756,5300,60.5,-0.8,5108,192,1.3,3.6,279,18.7,-87,0.69,103,2.1,204,4.1
North Dakota,5/1/2024,612,424,69.3,0.0,414,10,11.4,2.4,23,0.0,-13,0.44,13,2.9,17,3.9
Ohio,5/1/2024,9456,5922,62.6,-0.9,5668,254,-5.1,4.3,236,-6.7,18,1.08,142,2.5,211,3.7
Oklahoma,5/1/2024,3164,1997,63.1,2.3,1932,65,11.3,3.2,113,32.9,-48,0.57,44,2.5,85,4.8
Oregon,5/1/2024,3500,2191,62.6,1.6,2099,92,23.4,4.2,107,-1.8,-15,0.86,49,2.5,78,3.9
Pennsylvania,5/1/2024,10585,6589,62.3,-0.6,6342,247,-18.0,3.7,328,17.1,-81,0.75,111,1.8,170,2.8
Rhode Island,5/1/2024,919,595,64.7,0.5,569,25,20.1,4.2,28,16.7,-3,0.90,13,2.5,18,3.5
South Carolina,5/1/2024,4377,2559,58.5,0.6,2453,106,54.8,4.1,159,45.9,-53,0.66,66,2.8,117,4.9
South Dakota,5/1/2024,712,484,68.0,-1.2,475,9,-24.9,1.8,22,-4.3,-13,0.39,15,3.2,18,3.9
Tennessee,5/1/2024,5755,3451,60.0,-1.5,3338,113,-2.0,3.3,195,39.3,-82,0.58,92,2.8,152,4.6
Texas,5/1/2024,24055,15591,64.8,0.9,14951,640,27.4,4.1,754,42.8,-114,0.85,312,2.2,477,3.4
Utah,5/1/2024,2654,1825,68.8,0.5,1765,60,47.7,3.3,85,13.3,-25,0.71,44,2.5,69,3.9
Vermont,5/1/2024,544,354,65.0,-0.8,346,8,1.7,2.2,16,-5.9,-8,0.49,7,2.2,11,3.5
Virginia,5/1/2024,6967,4553,65.4,-0.3,4424,129,0.7,2.8,253,15.0,-124,0.51,96,2.3,166,3.9
Washington,5/1/2024,6367,4045,63.5,-1.9,3860,185,23.6,4.6,129,-32.1,56,1.43,69,1.9,111,3.0
West Virginia,5/1/2024,1432,792,55.3,0.3,760,32,-23.2,4.1,45,-10.0,-13,0.72,22,3.1,32,4.5
Wisconsin,5/1/2024,4808,3143,65.4,-0.8,3050,94,-2.2,3.0,161,0.6,-67,0.58,72,2.4,102,3.4
Wyoming,5/1/2024,465,293,63.0,-2.9,284,9,-34.6,3.1,17,-5.6,-8,0.53,9,3.1,14,4.8
Alabama,4/1/2024,4088,2350,57.5,0.2,2282,68,-8.3,2.9,121,22.2,-53,0.56,52,2.4,89,4.1
Alaska,4/1/2024,553,359,65.0,0.5,343,16,-14.2,4.5,25,8.7,-9,0.65,14,4.2,17,5.1
Arizona,4/1/2024,6021,3727,61.9,-0.1,3598,129,-23.6,3.5,147,-6.4,-18,0.88,67,2.1,109,3.4
Arkansas,4/1/2024,2421,1406,58.1,0.2,1358,48,-0.2,3.4,76,18.8,-28,0.63,34,2.5,58,4.2
California,4/1/2024,31602,19638,62.1,-0.9,18618,1020,18.6,5.2,711,-11.8,309,1.43,271,1.5,598,3.3
Colorado,4/1/2024,4803,3260,67.9,-0.8,3130,130,30.1,4.0,204,59.4,-74,0.64,66,2.2,110,3.7
Connecticut,4/1/2024,2995,1928,64.4,-1.9,1866,61,-17.5,3.2,88,31.3,-27,0.70,34,2.0,58,3.4
Delaware,4/1/2024,848,510,60.1,-0.9,490,20,14.9,3.9,29,31.8,-9,0.68,12,2.5,21,4.3
District of Columbia,4/1/2024,567,413,72.8,1.4,392,21,-6.7,5.2,36,16.1,-15,0.60,14,1.8,23,3.0
Florida,4/1/2024,18956,11113,58.6,-0.7,10752,362,17.0,3.3,524,20.5,-162,0.69,271,2.7,426,4.3
Georgia,4/1/2024,8772,5423,61.8,-1.1,5240,183,-3.1,3.4,256,8.0,-73,0.72,119,2.4,189,3.8
Hawaii,4/1/2024,1133,680,60.1,-1.3,661,19,26.3,2.8,27,-10.0,-8,0.70,13,2.0,19,3.0
Idaho,4/1/2024,1555,992,63.8,-0.4,957,35,36.7,3.5,47,20.5,-12,0.75,23,2.7,37,4.3
Illinois,4/1/2024,10196,6631,65.0,0.9,6294,336,35.5,5.1,380,46.7,-44,0.88,129,2.1,226,3.7
Indiana,4/1/2024,5441,3454,63.5,-0.7,3317,137,17.5,4.0,154,-1.3,-17,0.89,76,2.3,115,3.5
Iowa,4/1/2024,2545,1704,67.0,-2.2,1655,49,6.7,2.9,75,-1.3,-26,0.66,35,2.2,47,2.9
Kansas,4/1/2024,2296,1541,67.1,0.0,1489,52,11.7,3.4,81,19.1,-29,0.64,36,2.5,54,3.7
Kentucky,4/1/2024,3595,2086,58.0,-0.6,1987,99,16.3,4.8,122,29.8,-23,0.81,48,2.4,79,3.9
Louisiana,4/1/2024,3585,2085,58.2,0.2,1999,86,-11.6,4.1,117,28.6,-31,0.73,50,2.6,85,4.3
Maine,4/1/2024,1174,705,60.0,-2.0,685,20,-9.8,2.8,37,15.6,-17,0.54,18,2.7,26,4.0
Maryland,4/1/2024,4967,3237,65.2,-4.1,3138,98,-14.4,3.0,187,14.7,-89,0.53,61,2.2,102,3.7
Massachusetts,4/1/2024,5891,3911,66.4,0.1,3759,152,28.8,3.9,222,32.9,-70,0.68,61,1.6,122,3.3
Michigan,4/1/2024,8161,5052,61.9,0.6,4832,220,18.4,4.4,242,11.5,-22,0.91,93,2.1,158,3.5
Minnesota,4/1/2024,4594,3129,68.1,-1.9,3033,95,-13.4,3.0,169,23.4,-74,0.56,60,2.0,94,3.1
Mississippi,4/1/2024,2309,1264,54.7,-1.3,1228,36,-50.9,2.8,69,35.3,-33,0.52,29,2.4,46,3.9
Missouri,4/1/2024,4937,3136,63.5,-0.5,3021,115,9.3,3.7,158,27.4,-43,0.73,66,2.2,104,3.4
Montana,4/1/2024,915,577,63.1,-0.5,560,18,-9.4,3.0,33,17.9,-15,0.53,17,3.2,26,4.9
Nebraska,4/1/2024,1550,1073,69.2,-0.9,1045,28,-11.5,2.6,54,8.0,-26,0.52,22,2.1,38,3.6
Nevada,4/1/2024,2605,1635,62.8,-1.4,1547,87,28.2,5.4,77,5.5,10,1.14,36,2.3,64,4.1
New Hampshire,4/1/2024,1174,769,65.5,-2.7,750,19,-5.8,2.4,40,17.6,-21,0.47,16,2.3,27,3.8
New Jersey,4/1/2024,7639,4901,64.1,-0.3,4677,223,14.5,4.6,255,30.1,-32,0.88,86,2.0,183,4.2
New Mexico,4/1/2024,1699,979,57.7,-0.2,940,39,-22.7,4.0,57,11.8,-18,0.69,20,2.3,33,3.7
New York,4/1/2024,16291,9915,60.9,-0.1,9501,414,0.2,4.2,514,19.5,-100,0.80,186,1.9,270,2.7
North Carolina,4/1/2024,8742,5297,60.6,-0.8,5107,191,0.5,3.6,256,8.9,-65,0.74,116,2.3,169,3.4
North Dakota,4/1/2024,611,423,69.2,-0.1,413,10,8.3,2.3,25,8.7,-15,0.39,11,2.5,16,3.6
Ohio,4/1/2024,9450,5910,62.5,-1.0,5661,248,-7.2,4.2,289,14.2,-41,0.86,127,2.3,197,3.5
Oklahoma,4/1/2024,3161,1995,63.1,2.3,1930,65,11.8,3.3,110,29.4,-45,0.59,45,2.5,77,4.3
Oregon,4/1/2024,3498,2189,62.6,1.6,2097,91,22.9,4.2,105,-3.7,-14,0.87,40,2.0,72,3.6
Pennsylvania,4/1/2024,10581,6596,62.3,-0.5,6351,245,-18.5,3.7,310,10.7,-65,0.79,116,1.9,171,2.8
Rhode Island,4/1/2024,918,594,64.7,0.5,570,24,17.0,4.1,30,25.0,-6,0.81,12,2.3,21,4.1
South Carolina,4/1/2024,4369,2550,58.4,0.5,2450,100,46.5,3.9,159,45.9,-59,0.63,53,2.2,114,4.8
South Dakota,4/1/2024,711,483,68.0,-1.2,475,9,-26.2,1.8,26,13.0,-17,0.33,11,2.3,17,3.6
Tennessee,4/1/2024,5748,3443,59.9,-1.5,3333,111,-4.1,3.2,177,26.4,-66,0.62,90,2.7,134,4.0
Texas,4/1/2024,24010,15548,64.8,0.9,14916,632,25.8,4.1,775,46.8,-143,0.81,342,2.4,491,3.5
Utah,4/1/2024,2649,1822,68.8,0.5,1763,59,44.1,3.2,90,20.0,-31,0.65,43,2.5,65,3.7
Vermont,4/1/2024,544,354,65.0,-0.9,346,8,-1.3,2.1,17,0.0,-9,0.45,7,2.2,12,3.8
Virginia,4/1/2024,6959,4552,65.4,-0.2,4425,127,-0.6,2.8,255,15.9,-128,0.50,104,2.5,168,4.0
Washington,4/1/2024,6359,4041,63.5,-1.9,3856,185,23.6,4.6,164,-13.7,21,1.13,60,1.6,103,2.8
West Virginia,4/1/2024,1432,792,55.3,0.4,760,33,-22.8,4.1,44,-12.0,-11,0.74,22,3.1,31,4.3
Wisconsin,4/1/2024,4805,3142,65.4,-0.8,3049,93,-3.0,3.0,173,8.1,-80,0.54,69,2.3,93,3.1
Wyoming,4/1/2024,464,292,63.0,-2.8,284,9,-36.0,3.0,17,-5.6,-8,0.52,9,3.1,13,4.4
Alabama,3/1/2024,4085,2347,57.5,0.2,2280,68,-8.7,2.9,122,23.2,-54,0.55,50,2.3,90,4.1
Alaska,3/1/2024,553,359,64.9,0.5,343,16,-14.6,4.5,27,17.4,-11,0.60,14,4.2,20,6.0
Arizona,3/1/2024,6012,3722,61.9,-0.1,3594,127,-24.4,3.4,188,19.7,-61,0.68,79,2.4,121,3.7
Arkansas,3/1/2024,2418,1403,58.0,0.1,1356,48,-0.7,3.4,81,26.6,-33,0.59,37,2.7,61,4.5
California,3/1/2024,31579,19618,62.1,-0.9,18607,1010,17.5,5.2,855,6.1,155,1.18,326,1.8,524,2.9
Colorado,3/1/2024,4796,3256,67.9,-0.8,3129,128,27.8,3.9,204,59.4,-76,0.63,77,2.6,108,3.6
Connecticut,3/1/2024,2993,1925,64.3,-2.0,1864,61,-17.6,3.2,91,35.8,-30,0.67,33,1.9,61,3.6
Delaware,3/1/2024,847,510,60.2,-0.9,490,20,13.8,3.8,31,40.9,-11,0.63,13,2.7,23,4.7
District of Columbia,3/1/2024,567,413,72.9,1.5,392,21,-7.7,5.1,37,19.4,-16,0.57,14,1.8,25,3.2
Florida,3/1/2024,18929,11107,58.7,-0.6,10750,356,15.2,3.2,515,18.4,-159,0.69,295,3.0,431,4.4
Georgia,3/1/2024,8760,5417,61.8,-1.1,5238,179,-5.3,3.3,273,15.2,-94,0.66,111,2.3,205,4.2
Hawaii,3/1/2024,1132,679,60.0,-1.3,660,19,26.4,2.8,31,3.3,-12,0.61,14,2.2,21,3.3
Idaho,3/1/2024,1552,990,63.8,-0.4,955,35,34.7,3.5,49,25.6,-14,0.71,27,3.1,37,4.3
Illinois,3/1/2024,10188,6616,64.9,0.8,6286,330,33.1,5.0,381,47.1,-51,0.87,112,1.8,184,3.0
Indiana,3/1/2024,5436,3446,63.4,-0.8,3312,134,14.5,3.9,197,26.3,-63,0.68,81,2.5,116,3.5
Iowa,3/1/2024,2544,1702,66.9,-2.2,1654,48,3.8,2.8,83,9.2,-35,0.58,35,2.2,52,3.2
Kansas,3/1/2024,2294,1538,67.1,-0.1,1488,50,7.4,3.3,81,19.1,-31,0.62,32,2.2,50,3.4
Kentucky,3/1/2024,3592,2081,57.9,-0.7,1984,98,14.5,4.7,116,23.4,-18,0.84,52,2.6,86,4.2
Louisiana,3/1/2024,3583,2084,58.2,0.2,1998,86,-11.4,4.1,127,39.6,-41,0.68,52,2.7,94,4.8
Maine,3/1/2024,1174,703,59.9,-2.1,683,20,-10.9,2.8,38,18.8,-18,0.52,15,2.3,28,4.3
Maryland,3/1/2024,4963,3234,65.2,-4.1,3138,96,-16.2,3.0,199,22.1,-103,0.48,62,2.3,107,3.9
Massachusetts,3/1/2024,5886,3901,66.3,0.0,3752,149,26.4,3.8,233,39.5,-84,0.64,57,1.5,110,2.9
Michigan,3/1/2024,8157,5045,61.8,0.5,4835,210,12.9,4.2,238,9.7,-28,0.88,88,2.0,151,3.4
Minnesota,3/1/2024,4589,3123,68.0,-1.9,3031,92,-16.1,3.0,173,26.3,-81,0.53,63,2.1,98,3.3
Mississippi,3/1/2024,2308,1260,54.6,-1.4,1224,35,-51.8,2.8,72,41.2,-37,0.49,32,2.7,51,4.3
Missouri,3/1/2024,4934,3132,63.5,-0.5,3020,112,6.7,3.6,187,50.8,-75,0.60,73,2.4,107,3.6
Montana,3/1/2024,914,576,63.1,-0.6,559,18,-9.5,3.0,37,32.1,-19,0.47,19,3.6,26,4.9
Nebraska,3/1/2024,1549,1072,69.2,-0.9,1044,28,-13.1,2.6,59,18.0,-31,0.47,23,2.2,36,3.4
Nevada,3/1/2024,2601,1631,62.7,-1.5,1545,86,26.5,5.3,85,16.4,1,1.02,47,3.0,66,4.2
New Hampshire,3/1/2024,1174,768,65.4,-2.8,750,18,-8.2,2.4,40,17.6,-22,0.45,15,2.1,27,3.8
New Jersey,3/1/2024,7631,4895,64.2,-0.3,4674,221,13.3,4.5,203,3.6,18,1.09,63,1.4,153,3.5
New Mexico,3/1/2024,1698,978,57.6,-0.2,940,38,-24.6,3.9,60,17.6,-22,0.64,21,2.4,30,3.4
New York,3/1/2024,16275,9904,60.9,-0.1,9495,409,-0.8,4.1,509,18.4,-100,0.80,162,1.7,250,2.6
North Carolina,3/1/2024,8728,5295,60.7,-0.7,5106,189,-0.4,3.6,275,17.0,-86,0.69,105,2.1,231,4.6
North Dakota,3/1/2024,611,422,69.1,-0.2,413,10,5.3,2.3,28,21.7,-18,0.34,11,2.5,17,3.9
Ohio,3/1/2024,9445,5898,62.4,-1.1,5656,242,-9.7,4.1,289,14.2,-47,0.84,120,2.1,213,3.8
Oklahoma,3/1/2024,3157,1994,63.1,2.4,1928,65,12.3,3.3,122,43.5,-57,0.53,47,2.6,84,4.7
Oregon,3/1/2024,3496,2186,62.5,1.5,2095,91,22.4,4.2,108,-0.9,-17,0.84,52,2.6,73,3.7
Pennsylvania,3/1/2024,10577,6602,62.4,-0.4,6358,244,-18.9,3.7,353,26.1,-109,0.69,114,1.9,185,3.0
Rhode Island,3/1/2024,917,593,64.7,0.5,569,24,13.8,4.0,32,33.3,-8,0.74,11,2.1,22,4.3
South Carolina,3/1/2024,4360,2542,58.3,0.4,2447,95,38.6,3.7,161,47.7,-66,0.59,74,3.1,108,4.6
South Dakota,3/1/2024,710,483,67.9,-1.2,474,8,-27.4,1.7,30,30.4,-22,0.28,12,2.6,19,4.1
Tennessee,3/1/2024,5741,3436,59.9,-1.6,3327,109,-5.5,3.2,186,32.9,-77,0.59,86,2.6,170,5.1
Texas,3/1/2024,23964,15505,64.7,0.8,14882,623,24.1,4.0,808,53.0,-185,0.77,379,2.7,596,4.2
Utah,3/1/2024,2644,1819,68.8,0.5,1762,57,40.3,3.1,90,20.0,-33,0.63,48,2.8,64,3.7
Vermont,3/1/2024,544,353,65.0,-0.9,346,7,-3.9,2.1,17,0.0,-10,0.43,7,2.2,12,3.8
Virginia,3/1/2024,6952,4552,65.5,-0.1,4426,126,-1.3,2.8,279,26.8,-153,0.45,95,2.3,176,4.2
Washington,3/1/2024,6351,4038,63.6,-1.8,3854,185,23.5,4.6,178,-6.3,7,1.04,77,2.1,119,3.3
West Virginia,3/1/2024,1432,792,55.3,0.4,760,33,-22.3,4.1,43,-14.0,-10,0.76,18,2.5,35,4.9
Wisconsin,3/1/2024,4802,3140,65.4,-0.7,3048,92,-4.2,2.9,174,8.8,-82,0.53,67,2.2,95,3.1
Wyoming,3/1/2024,464,292,63.0,-2.8,284,9,-37.5,2.9,18,0.0,-9,0.48,10,3.4,13,4.4
Alabama,2/1/2024,4081,2344,57.4,0.2,2277,67,-9.0,2.9,129,30.3,-62,0.52,56,2.6,91,4.2
Alaska,2/1/2024,552,358,64.9,0.4,342,16,-14.7,4.5,25,8.7,-9,0.64,12,3.6,19,5.7
Arizona,2/1/2024,6003,3718,61.9,-0.1,3590,128,-24.0,3.4,156,-0.6,-28,0.82,77,2.4,127,3.9
Arkansas,2/1/2024,2416,1401,58.0,0.1,1353,48,-0.9,3.4,79,23.4,-31,0.60,35,2.6,58,4.3
California,2/1/2024,31557,19612,62.1,-0.9,18607,1005,16.9,5.1,770,-4.5,235,1.31,306,1.7,503,2.8
Colorado,2/1/2024,4790,3253,67.9,-0.8,3127,125,25.6,3.9,193,50.8,-68,0.65,90,3.0,112,3.8
Connecticut,2/1/2024,2990,1922,64.3,-2.0,1861,62,-16.9,3.2,90,34.3,-28,0.69,32,1.9,61,3.6
Delaware,2/1/2024,846,510,60.3,-0.8,490,20,13.4,3.8,31,40.9,-11,0.63,15,3.1,23,4.7
District of Columbia,2/1/2024,566,413,72.9,1.5,392,21,-8.3,5.1,42,35.5,-21,0.50,14,1.8,23,3.0
Florida,2/1/2024,18903,11102,58.7,-0.6,10750,352,13.8,3.2,526,20.9,-174,0.67,266,2.7,369,3.7
Georgia,2/1/2024,8748,5412,61.9,-1.0,5236,176,-7.1,3.2,283,19.4,-107,0.62,126,2.6,214,4.3
Hawaii,2/1/2024,1132,679,60.0,-1.4,660,19,27.0,2.8,27,-10.0,-8,0.70,12,1.9,18,2.8
Idaho,2/1/2024,1549,988,63.8,-0.4,954,34,32.9,3.5,52,33.3,-18,0.66,26,3.0,41,4.8
Illinois,2/1/2024,10181,6603,64.9,0.7,6279,324,30.6,4.9,362,39.8,-38,0.89,121,2.0,216,3.5
Indiana,2/1/2024,5432,3440,63.3,-0.8,3309,131,11.8,3.8,160,2.6,-29,0.82,72,2.2,116,3.5
Iowa,2/1/2024,2542,1701,66.9,-2.2,1654,47,2.7,2.8,91,19.7,-44,0.52,35,2.2,58,3.6
Kansas,2/1/2024,2292,1535,67.0,-0.1,1487,48,3.3,3.1,79,16.2,-31,0.61,31,2.1,50,3.5
Kentucky,2/1/2024,3589,2077,57.9,-0.7,1981,96,12.9,4.6,119,26.6,-23,0.81,55,2.7,90,4.5
Louisiana,2/1/2024,3582,2085,58.2,0.2,1998,86,-10.9,4.1,122,34.1,-36,0.71,54,2.8,91,4.7
Maine,2/1/2024,1173,702,59.8,-2.2,682,20,-11.3,2.8,45,40.6,-25,0.44,16,2.4,23,3.5
Maryland,2/1/2024,4960,3231,65.1,-4.1,3137,94,-18.5,2.9,226,38.7,-132,0.42,60,2.2,119,4.3
Massachusetts,2/1/2024,5881,3891,66.2,-0.2,3744,147,24.8,3.8,221,32.3,-74,0.67,55,1.5,100,2.7
Michigan,2/1/2024,8153,5040,61.8,0.5,4838,202,8.7,4.0,256,18.0,-54,0.79,84,1.9,150,3.4
Minnesota,2/1/2024,4585,3117,68.0,-2.0,3028,90,-18.4,2.9,182,32.8,-92,0.49,53,1.8,112,3.7
Mississippi,2/1/2024,2306,1257,54.5,-1.5,1222,35,-52.1,2.8,73,43.1,-38,0.48,34,2.9,52,4.4
Missouri,2/1/2024,4930,3129,63.5,-0.5,3019,110,4.4,3.5,194,56.5,-84,0.57,57,1.9,100,3.3
Montana,2/1/2024,913,576,63.0,-0.6,558,18,-9.0,3.1,35,25.0,-17,0.50,17,3.2,27,5.1
Nebraska,2/1/2024,1547,1070,69.2,-0.9,1043,27,-14.1,2.6,55,10.0,-28,0.50,24,2.3,38,3.6
Nevada,2/1/2024,2597,1628,62.7,-1.5,1543,85,25.2,5.2,86,17.8,-1,0.99,38,2.4,62,3.9
New Hampshire,2/1/2024,1173,767,65.4,-2.8,749,18,-10.0,2.3,41,20.6,-23,0.43,16,2.3,25,3.6
New Jersey,2/1/2024,7622,4890,64.2,-0.3,4670,220,12.8,4.5,214,9.2,6,1.03,70,1.6,148,3.4
New Mexico,2/1/2024,1697,977,57.6,-0.2,939,37,-26.1,3.8,52,2.0,-15,0.72,21,2.4,34,3.9
New York,2/1/2024,16258,9898,60.9,0.0,9490,408,-1.1,4.1,509,18.4,-101,0.80,154,1.6,276,2.8
North Carolina,2/1/2024,8714,5293,60.7,-0.6,5105,188,-1.1,3.5,289,23.0,-101,0.65,107,2.2,200,4.0
North Dakota,2/1/2024,610,421,69.1,-0.3,412,9,3.3,2.2,26,13.0,-17,0.36,11,2.5,18,4.1
Ohio,2/1/2024,9440,5886,62.4,-1.1,5651,236,-11.9,4.0,320,26.5,-84,0.74,111,2.0,193,3.4
Oklahoma,2/1/2024,3154,1993,63.2,2.4,1927,66,13.2,3.3,112,31.8,-46,0.59,45,2.5,80,4.5
Oregon,2/1/2024,3494,2184,62.5,1.5,2094,91,21.8,4.1,134,22.9,-43,0.68,52,2.6,84,4.3
Pennsylvania,2/1/2024,10573,6607,62.5,-0.3,6363,244,-19.0,3.7,360,28.6,-116,0.68,119,1.9,229,3.7
Rhode Island,2/1/2024,916,592,64.6,0.4,569,23,11.0,3.9,29,20.8,-6,0.80,11,2.1,19,3.7
South Carolina,2/1/2024,4352,2535,58.2,0.4,2444,90,32.4,3.6,163,49.5,-73,0.55,68,2.9,119,5.1
South Dakota,2/1/2024,710,482,68.0,-1.2,474,8,-27.8,1.7,28,21.7,-20,0.30,12,2.6,19,4.1
Tennessee,2/1/2024,5733,3431,59.8,-1.6,3323,108,-5.9,3.2,190,35.7,-82,0.57,82,2.5,141,4.3
Texas,2/1/2024,23919,15465,64.7,0.8,14849,615,22.6,4.0,786,48.9,-171,0.78,358,2.5,522,3.7
Utah,2/1/2024,2639,1816,68.8,0.6,1760,56,37.0,3.1,90,20.0,-34,0.62,50,2.9,65,3.7
Vermont,2/1/2024,544,353,64.9,-0.9,346,7,-5.5,2.1,17,0.0,-10,0.43,7,2.2,11,3.5
Virginia,2/1/2024,6944,4553,65.6,-0.1,4427,126,-1.3,2.8,270,22.7,-144,0.47,103,2.5,169,4.0
Washington,2/1/2024,6343,4037,63.6,-1.8,3853,185,23.5,4.6,170,-10.5,15,1.09,73,2.0,124,3.4
West Virginia,2/1/2024,1432,792,55.3,0.4,760,33,-21.9,4.2,53,6.0,-20,0.62,22,3.1,37,5.1
Wisconsin,2/1/2024,4799,3139,65.4,-0.7,3048,91,-5.3,2.9,168,5.0,-77,0.54,69,2.3,109,3.6
Wyoming,2/1/2024,464,292,63.0,-2.8,284,8,-38.7,2.9,18,0.0,-10,0.47,9,3.1,13,4.5
Alabama,1/1/2024,4078,2342,57.4,0.2,2275,67,-9.5,2.9,134,35.4,-67,0.50,56,2.6,101,4.6
Alaska,1/1/2024,552,358,64.9,0.4,342,16,-14.6,4.5,26,13.0,-10,0.62,12,3.6,17,5.1
Arizona,1/1/2024,5994,3716,62.0,0.0,3585,131,-22.4,3.5,167,6.4,-36,0.78,72,2.2,128,4.0
Arkansas,1/1/2024,2414,1399,57.9,0.0,1351,48,-0.4,3.4,85,32.8,-37,0.56,36,2.7,69,5.1
California,1/1/2024,31536,19611,62.2,-0.8,18607,1004,16.7,5.1,876,8.7,128,1.15,315,1.8,539,3.0
Colorado,1/1/2024,4784,3249,67.9,-0.7,3126,123,23.3,3.8,205,60.2,-82,0.60,66,2.2,124,4.2
Connecticut,1/1/2024,2988,1920,64.3,-2.0,1858,63,-15.9,3.3,89,32.8,-26,0.70,36,2.1,58,3.4
Delaware,1/1/2024,845,510,60.4,-0.7,490,20,14.2,3.9,29,31.8,-9,0.68,13,2.7,23,4.7
District of Columbia,1/1/2024,566,413,73.0,1.5,392,21,-8.5,5.1,37,19.4,-16,0.57,15,2.0,25,3.3
Florida,1/1/2024,18878,11100,58.8,-0.5,10751,349,13.0,3.1,524,20.5,-175,0.67,242,2.5,464,4.7
Georgia,1/1/2024,8737,5408,61.9,-1.0,5234,175,-7.8,3.2,287,21.1,-112,0.61,143,2.9,186,3.8
Hawaii,1/1/2024,1132,679,60.0,-1.3,660,19,28.3,2.8,30,0.0,-11,0.64,13,2.1,20,3.2
Idaho,1/1/2024,1547,986,63.7,-0.4,952,34,31.7,3.4,48,23.1,-14,0.70,21,2.5,34,4.0
Illinois,1/1/2024,10175,6593,64.8,0.6,6272,320,29.1,4.9,370,42.9,-50,0.87,138,2.3,222,3.6
Indiana,1/1/2024,5428,3435,63.3,-0.9,3307,128,9.6,3.7,165,5.8,-37,0.78,68,2.1,113,3.5
Iowa,1/1/2024,2541,1701,66.9,-2.2,1653,48,3.7,2.8,83,9.2,-35,0.58,34,2.1,46,2.9
Kansas,1/1/2024,2291,1533,66.9,-0.2,1486,47,0.4,3.1,79,16.2,-32,0.59,30,2.1,48,3.3
Kentucky,1/1/2024,3587,2073,57.8,-0.8,1978,95,11.6,4.6,115,22.3,-20,0.83,46,2.3,106,5.2
Louisiana,1/1/2024,3580,2086,58.3,0.3,1999,87,-10.4,4.2,123,35.2,-36,0.71,51,2.6,92,4.7
Maine,1/1/2024,1173,701,59.8,-2.3,681,20,-11.3,2.8,42,31.3,-22,0.47,16,2.4,23,3.5
Maryland,1/1/2024,4956,3225,65.1,-4.2,3135,91,-21.2,2.8,170,4.3,-79,0.53,60,2.2,142,5.2
Massachusetts,1/1/2024,5876,3881,66.1,-0.3,3737,145,22.8,3.7,239,43.1,-94,0.61,56,1.5,105,2.8
Michigan,1/1/2024,8149,5038,61.8,0.5,4839,199,7.0,3.9,269,24.0,-70,0.74,81,1.8,150,3.4
Minnesota,1/1/2024,4581,3113,67.9,-2.0,3025,88,-19.9,2.8,193,40.9,-105,0.46,63,2.1,105,3.5
Mississippi,1/1/2024,2305,1254,54.4,-1.6,1219,35,-51.7,2.8,74,45.1,-39,0.48,33,2.8,53,4.5
Missouri,1/1/2024,4927,3126,63.4,-0.5,3018,108,3.0,3.5,172,38.7,-64,0.63,68,2.3,89,3.0
Montana,1/1/2024,912,575,63.0,-0.6,557,18,-8.2,3.1,36,28.6,-18,0.49,17,3.2,26,5.0
Nebraska,1/1/2024,1546,1070,69.2,-0.9,1043,27,-14.4,2.5,60,20.0,-33,0.45,22,2.1,37,3.5
Nevada,1/1/2024,2593,1626,62.7,-1.5,1541,85,24.6,5.2,88,20.5,-3,0.97,39,2.5,73,4.6
New Hampshire,1/1/2024,1172,766,65.4,-2.9,749,18,-10.6,2.3,41,20.6,-23,0.43,15,2.1,25,3.5
New Jersey,1/1/2024,7614,4888,64.2,-0.3,4667,221,13.1,4.5,222,13.3,-1,0.99,77,1.8,149,3.4
New Mexico,1/1/2024,1696,975,57.5,-0.3,938,37,-26.9,3.8,58,13.7,-21,0.64,19,2.2,33,3.7
New York,1/1/2024,16243,9895,60.9,0.0,9485,410,-0.7,4.1,478,11.2,-68,0.86,164,1.7,289,3.0
North Carolina,1/1/2024,8701,5291,60.8,-0.6,5104,187,-1.2,3.5,270,14.9,-83,0.69,107,2.2,180,3.6
North Dakota,1/1/2024,610,421,69.0,-0.3,412,9,2.6,2.2,28,21.7,-19,0.33,11,2.5,18,4.1
Ohio,1/1/2024,9436,5878,62.3,-1.2,5646,232,-13.3,3.9,338,33.6,-106,0.69,113,2.0,185,3.3
Oklahoma,1/1/2024,3151,1992,63.2,2.4,1926,66,14.5,3.3,111,30.6,-45,0.60,41,2.3,83,4.7
Oregon,1/1/2024,3493,2182,62.5,1.5,2092,90,21.0,4.1,103,-5.5,-13,0.87,44,2.2,69,3.5
Pennsylvania,1/1/2024,10570,6610,62.5,-0.3,6365,245,-18.8,3.7,354,26.4,-109,0.69,128,2.1,170,2.8
Rhode Island,1/1/2024,916,591,64.6,0.4,569,23,8.1,3.8,31,29.2,-8,0.73,11,2.2,20,3.9
South Carolina,1/1/2024,4345,2529,58.2,0.4,2442,87,27.7,3.4,159,45.9,-72,0.55,64,2.7,108,4.6
South Dakota,1/1/2024,709,482,68.0,-1.2,474,8,-26.9,1.8,30,30.4,-22,0.28,11,2.3,18,3.8
Tennessee,1/1/2024,5727,3429,59.9,-1.5,3319,109,-5.1,3.2,186,32.9,-77,0.59,84,2.5,137,4.2
Texas,1/1/2024,23875,15429,64.6,0.7,14818,611,21.7,4.0,876,65.9,-265,0.70,383,2.7,591,4.2
Utah,1/1/2024,2634,1814,68.9,0.6,1759,55,34.7,3.0,90,20.0,-35,0.61,45,2.6,66,3.8
Vermont,1/1/2024,544,353,64.9,-1.0,346,7,-6.2,2.0,16,-5.9,-9,0.45,7,2.3,12,3.9
Virginia,1/1/2024,6938,4554,65.6,0.0,4427,127,-0.3,2.8,271,23.2,-144,0.47,97,2.3,165,3.9
Washington,1/1/2024,6336,4038,63.7,-1.7,3852,185,23.9,4.6,165,-13.2,20,1.12,65,1.8,109,3.0
West Virginia,1/1/2024,1432,792,55.3,0.4,759,33,-21.6,4.2,53,6.0,-20,0.62,21,2.9,34,4.7
Wisconsin,1/1/2024,4797,3138,65.4,-0.7,3048,91,-5.5,2.9,176,10.0,-85,0.51,59,2.0,96,3.2
Wyoming,1/1/2024,463,292,63.1,-2.7,284,8,-39.4,2.8,18,0.0,-10,0.46,9,3.1,13,4.4
Alabama,12/1/2023,4075,2338,57.4,0.1,2272,66,-10.8,2.8,120,21.2,-54,0.55,54,2.5,86,3.9
Alaska,12/1/2023,552,358,64.9,0.5,342,16,-14.5,4.5,28,21.7,-12,0.57,13,3.9,17,5.1
Arizona,12/1/2023,5986,3714,62.1,0.1,3580,134,-20.3,3.6,182,15.9,-48,0.74,77,2.4,112,3.5
Arkansas,12/1/2023,2412,1397,57.9,0.0,1349,48,0.2,3.5,81,26.6,-33,0.60,38,2.8,60,4.4
California,12/1/2023,31515,19612,62.2,-0.8,18612,1000,16.2,5.1,767,-4.8,233,1.30,316,1.8,470,2.6
Colorado,12/1/2023,4778,3247,68.0,-0.7,3126,120,20.4,3.7,246,92.2,-126,0.49,68,2.3,119,4.0
Connecticut,12/1/2023,2985,1918,64.3,-2.0,1855,63,-15.3,3.3,86,28.4,-23,0.73,29,1.7,53,3.1
Delaware,12/1/2023,843,510,60.5,-0.5,491,20,15.7,3.9,28,27.3,-8,0.71,12,2.5,20,4.1
District of Columbia,12/1/2023,565,412,72.9,1.5,391,21,-9.0,5.1,38,22.6,-17,0.55,14,1.8,24,3.1
Florida,12/1/2023,18853,11100,58.9,-0.4,10752,348,12.5,3.1,541,24.4,-193,0.64,283,2.9,407,4.1
Georgia,12/1/2023,8725,5406,62.0,-0.9,5232,175,-7.7,3.2,296,24.9,-121,0.59,122,2.5,212,4.3
Hawaii,12/1/2023,1132,680,60.1,-1.3,660,19,29.5,2.9,31,3.3,-12,0.63,13,2.1,19,3.0
Idaho,12/1/2023,1544,984,63.7,-0.4,951,34,30.9,3.4,51,30.8,-17,0.66,26,3.0,34,4.0
Illinois,12/1/2023,10168,6585,64.8,0.6,6266,319,28.4,4.8,397,53.3,-78,0.80,132,2.2,236,3.9
Indiana,12/1/2023,5424,3433,63.3,-0.9,3307,126,7.7,3.7,162,3.8,-36,0.78,80,2.5,120,3.7
Iowa,12/1/2023,2540,1702,67.0,-2.1,1654,49,6.2,2.9,88,15.8,-39,0.56,38,2.4,56,3.5
Kansas,12/1/2023,2289,1531,66.9,-0.2,1485,46,-1.8,3.0,88,29.4,-42,0.52,33,2.3,51,3.5
Kentucky,12/1/2023,3584,2069,57.7,-0.9,1975,94,10.2,4.5,115,22.3,-21,0.82,53,2.6,74,3.7
Louisiana,12/1/2023,3579,2086,58.3,0.3,2000,87,-10.7,4.2,113,24.2,-26,0.77,50,2.6,86,4.4
Maine,12/1/2023,1172,700,59.7,-2.3,680,20,-11.3,2.8,44,37.5,-24,0.45,18,2.8,24,3.7
Maryland,12/1/2023,4953,3221,65.0,-4.2,3133,88,-23.4,2.7,178,9.2,-90,0.50,55,2.0,118,4.3
Massachusetts,12/1/2023,5872,3873,66.0,-0.4,3730,144,22.1,3.7,220,31.7,-76,0.65,52,1.4,102,2.7
Michigan,12/1/2023,8146,5038,61.8,0.5,4839,199,7.1,4.0,276,27.2,-77,0.72,114,2.6,158,3.5
Minnesota,12/1/2023,4578,3110,67.9,-2.0,3023,87,-20.6,2.8,202,47.4,-115,0.43,74,2.5,111,3.7
Mississippi,12/1/2023,2304,1253,54.4,-1.6,1217,36,-50.6,2.9,78,52.9,-42,0.46,31,2.6,47,4.0
Missouri,12/1/2023,4924,3125,63.5,-0.5,3018,107,2.0,3.4,179,44.4,-72,0.60,70,2.3,99,3.3
Montana,12/1/2023,912,575,63.1,-0.6,557,18,-8.0,3.1,36,28.6,-18,0.49,17,3.2,24,4.6
Nebraska,12/1/2023,1545,1069,69.2,-0.9,1042,27,-14.8,2.5,61,22.0,-34,0.45,27,2.6,37,3.5
Nevada,12/1/2023,2589,1624,62.7,-1.5,1539,85,24.4,5.2,92,26.0,-7,0.92,39,2.5,59,3.8
New Hampshire,12/1/2023,1172,765,65.3,-2.9,748,18,-10.7,2.3,39,14.7,-21,0.45,15,2.1,27,3.8
New Jersey,12/1/2023,7606,4886,64.2,-0.2,4664,222,13.7,4.5,221,12.8,1,1.00,72,1.7,160,3.7
New Mexico,12/1/2023,1695,974,57.5,-0.4,937,37,-27.3,3.8,59,15.7,-22,0.62,21,2.4,30,3.4
New York,12/1/2023,16228,9894,61.0,0.1,9482,412,-0.2,4.2,464,7.9,-52,0.89,182,1.9,296,3.0
North Carolina,12/1/2023,8688,5291,60.9,-0.5,5104,187,-1.2,3.5,287,22.1,-100,0.65,98,2.0,181,3.6
North Dakota,12/1/2023,609,421,69.0,-0.3,411,9,2.2,2.2,29,26.1,-20,0.32,12,2.7,17,3.9
Ohio,12/1/2023,9432,5873,62.3,-1.2,5643,230,-14.1,3.9,329,30.0,-99,0.70,127,2.3,170,3.0
Oklahoma,12/1/2023,3148,1991,63.3,2.5,1924,67,15.8,3.4,111,30.6,-44,0.61,47,2.7,81,4.6
Oregon,12/1/2023,3491,2181,62.5,1.5,2092,89,19.6,4.1,108,-0.9,-19,0.82,48,2.4,67,3.4
Pennsylvania,12/1/2023,10567,6610,62.5,-0.3,6364,245,-18.5,3.7,367,31.1,-122,0.67,124,2.0,197,3.2
Rhode Island,12/1/2023,915,590,64.5,0.3,568,22,4.5,3.7,31,29.2,-9,0.70,11,2.2,21,4.1
South Carolina,12/1/2023,4337,2525,58.2,0.4,2441,84,23.0,3.3,167,53.2,-83,0.50,54,2.3,93,4.0
South Dakota,12/1/2023,708,482,68.0,-1.1,473,9,-25.4,1.8,30,30.4,-21,0.29,14,3.0,19,4.1
Tennessee,12/1/2023,5720,3427,59.9,-1.5,3316,111,-4.0,3.2,182,30.0,-71,0.61,73,2.2,112,3.4
Texas,12/1/2023,23832,15399,64.6,0.7,14791,609,21.3,4.0,850,61.0,-241,0.72,346,2.5,570,4.1
Utah,12/1/2023,2629,1813,69.0,0.7,1759,54,32.9,3.0,93,24.0,-39,0.58,46,2.6,65,3.7
Vermont,12/1/2023,544,353,64.8,-1.0,345,7,-6.4,2.0,17,0.0,-10,0.42,7,2.3,12,3.9
Virginia,12/1/2023,6931,4555,65.7,0.1,4427,128,0.6,2.8,259,17.7,-131,0.50,96,2.3,165,3.9
Washington,12/1/2023,6328,4039,63.8,-1.6,3853,185,24.0,4.6,179,-5.8,6,1.04,71,2.0,107,3.0
West Virginia,12/1/2023,1432,792,55.3,0.4,759,33,-21.5,4.2,55,10.0,-22,0.60,22,3.1,31,4.3
Wisconsin,12/1/2023,4794,3138,65.5,-0.7,3047,91,-4.8,2.9,206,28.8,-115,0.44,71,2.4,98,3.2
Wyoming,12/1/2023,463,292,63.2,-2.7,284,8,-39.6,2.8,20,11.1,-12,0.41,9,3.1,13,4.4
Alabama,11/1/2023,4072,2335,57.3,0.1,2270,64,-13.2,2.8,124,25.3,-60,0.52,60,2.8,82,3.8
Alaska,11/1/2023,552,358,65.0,0.5,342,16,-14.8,4.5,25,8.7,-9,0.64,11,3.3,17,5.1
Arizona,11/1/2023,5977,3712,62.1,0.1,3575,137,-18.6,3.7,181,15.3,-44,0.76,98,3.1,134,4.2
Arkansas,11/1/2023,2410,1396,57.9,0.0,1347,48,0.3,3.5,82,28.1,-34,0.59,38,2.8,54,4.0
California,11/1/2023,31492,19585,62.2,-0.8,18597,988,14.9,5.0,733,-9.1,255,1.35,325,1.8,551,3.1
Colorado,11/1/2023,4771,3244,68.0,-0.7,3127,117,17.0,3.6,234,82.8,-117,0.50,66,2.2,143,4.8
Connecticut,11/1/2023,2983,1917,64.3,-2.0,1854,63,-15.5,3.3,78,16.4,-15,0.81,30,1.8,60,3.5
Delaware,11/1/2023,842,511,60.7,-0.4,491,20,16.7,3.9,29,31.8,-9,0.69,12,2.5,19,3.9
District of Columbia,11/1/2023,564,411,72.9,1.4,390,21,-10.0,5.0,37,19.4,-16,0.56,14,1.8,22,2.9
Florida,11/1/2023,18826,11097,58.9,-0.4,10752,345,11.6,3.1,585,34.5,-240,0.59,285,2.9,406,4.1
Georgia,11/1/2023,8714,5404,62.0,-0.9,5229,175,-7.3,3.2,326,37.6,-151,0.54,143,2.9,215,4.4
Hawaii,11/1/2023,1131,680,60.1,-1.3,660,19,29.7,2.9,28,-6.7,-9,0.69,11,1.7,20,3.2
Idaho,11/1/2023,1542,983,63.7,-0.4,949,33,29.8,3.4,60,53.8,-27,0.56,22,2.6,46,5.4
Illinois,11/1/2023,10161,6577,64.7,0.6,6260,317,27.6,4.8,326,25.9,-9,0.97,136,2.2,218,3.6
Indiana,11/1/2023,5420,3431,63.3,-0.9,3307,123,5.7,3.6,155,-0.6,-32,0.80,84,2.6,134,4.1
Iowa,11/1/2023,2538,1705,67.2,-2.0,1654,50,8.9,2.9,79,3.9,-29,0.64,34,2.1,58,3.6
Kansas,11/1/2023,2288,1530,66.9,-0.2,1485,45,-3.6,2.9,74,8.8,-29,0.61,26,1.8,48,3.3
Kentucky,11/1/2023,3582,2065,57.7,-0.9,1973,92,8.4,4.5,116,23.4,-24,0.80,54,2.7,73,3.6
Louisiana,11/1/2023,3577,2085,58.3,0.3,2001,85,-12.6,4.1,130,42.9,-45,0.65,54,2.8,85,4.3
Maine,11/1/2023,1171,699,59.7,-2.4,680,20,-11.7,2.8,53,65.6,-33,0.37,17,2.6,32,4.9
Maryland,11/1/2023,4950,3213,64.9,-4.4,3129,84,-27.2,2.6,174,6.7,-90,0.48,65,2.4,98,3.6
Massachusetts,11/1/2023,5866,3863,65.9,-0.5,3722,141,19.5,3.6,230,37.7,-89,0.61,56,1.5,113,3.0
Michigan,11/1/2023,8142,5039,61.9,0.5,4838,201,8.0,4.0,240,10.6,-39,0.84,90,2.0,156,3.5
Minnesota,11/1/2023,4574,3109,68.0,-2.0,3022,87,-21.1,2.8,208,51.8,-121,0.42,75,2.5,149,5.0
Mississippi,11/1/2023,2303,1252,54.4,-1.6,1215,37,-49.4,3.0,83,62.7,-46,0.45,37,3.1,48,4.0
Missouri,11/1/2023,4921,3123,63.5,-0.5,3017,106,0.9,3.4,165,33.1,-59,0.64,66,2.2,105,3.5
Montana,11/1/2023,911,575,63.1,-0.6,557,18,-9.0,3.1,34,21.4,-16,0.52,15,2.9,26,5.0
Nebraska,11/1/2023,1543,1069,69.3,-0.8,1042,27,-15.6,2.5,56,12.0,-29,0.48,23,2.2,39,3.7
Nevada,11/1/2023,2586,1622,62.7,-1.5,1537,85,23.9,5.2,84,15.1,1,1.01,35,2.2,63,4.0
New Hampshire,11/1/2023,1171,764,65.3,-3.0,747,18,-10.9,2.3,40,17.6,-22,0.44,16,2.3,26,3.7
New Jersey,11/1/2023,7598,4885,64.3,-0.2,4662,222,13.9,4.5,203,3.6,19,1.09,86,2.0,149,3.4
New Mexico,11/1/2023,1693,972,57.4,-0.4,936,37,-27.7,3.8,54,5.9,-17,0.68,19,2.2,33,3.8
New York,11/1/2023,16212,9893,61.0,0.1,9481,412,-0.2,4.2,461,7.2,-49,0.89,169,1.7,283,2.9
North Carolina,11/1/2023,8674,5290,61.0,-0.4,5104,187,-1.5,3.5,298,26.8,-111,0.63,126,2.5,179,3.6
North Dakota,11/1/2023,609,420,69.0,-0.3,411,9,0.7,2.2,25,8.7,-16,0.37,10,2.3,18,4.1
Ohio,11/1/2023,9427,5868,62.3,-1.3,5641,228,-14.9,3.9,318,25.7,-90,0.72,129,2.3,196,3.5
Oklahoma,11/1/2023,3145,1989,63.3,2.5,1922,67,16.1,3.4,121,42.4,-54,0.56,65,3.7,94,5.3
Oregon,11/1/2023,3489,2179,62.4,1.4,2091,87,17.5,4.0,104,-4.6,-17,0.84,48,2.4,72,3.6
Pennsylvania,11/1/2023,10563,6605,62.5,-0.3,6361,245,-18.7,3.7,376,34.3,-131,0.65,128,2.1,190,3.1
Rhode Island,11/1/2023,914,588,64.4,0.1,567,21,-0.8,3.5,32,33.3,-11,0.65,13,2.6,21,4.2
South Carolina,11/1/2023,4329,2520,58.2,0.4,2440,80,17.7,3.2,169,55.0,-89,0.48,65,2.8,102,4.4
South Dakota,11/1/2023,707,482,68.1,-1.1,473,9,-23.9,1.8,25,8.7,-16,0.35,11,2.4,19,4.1
Tennessee,11/1/2023,5713,3425,59.9,-1.5,3313,111,-3.4,3.3,203,45.0,-92,0.55,99,3.0,131,4.0
Texas,11/1/2023,23788,15374,64.6,0.7,14766,607,21.0,4.0,747,41.5,-140,0.81,370,2.6,592,4.2
Utah,11/1/2023,2624,1811,69.0,0.7,1758,53,31.0,2.9,98,30.7,-45,0.54,44,2.5,71,4.1
Vermont,11/1/2023,544,352,64.7,-1.1,345,7,-6.9,2.0,18,5.9,-11,0.40,7,2.3,12,3.9
Virginia,11/1/2023,6923,4555,65.8,0.2,4427,128,0.3,2.8,251,14.1,-123,0.51,99,2.4,161,3.8
Washington,11/1/2023,6321,4038,63.9,-1.5,3854,184,23.2,4.6,156,-17.9,28,1.18,55,1.5,103,2.8
West Virginia,11/1/2023,1432,792,55.3,0.4,759,33,-22.1,4.1,53,6.0,-20,0.62,21,2.9,31,4.3
Wisconsin,11/1/2023,4791,3138,65.5,-0.6,3046,92,-3.6,2.9,190,18.8,-98,0.49,65,2.2,105,3.5
Wyoming,11/1/2023,463,293,63.3,-2.6,284,8,-39.6,2.8,17,-5.6,-9,0.49,8,2.7,13,4.4
Alabama,10/1/2023,4068,2330,57.3,0.1,2268,62,-16.2,2.7,141,42.4,-79,0.44,53,2.4,94,4.3
Alaska,10/1/2023,551,359,65.1,0.6,343,16,-15.5,4.4,28,21.7,-12,0.57,14,4.2,18,5.4
Arizona,10/1/2023,5968,3709,62.1,0.1,3570,139,-17.7,3.7,190,21.0,-51,0.73,88,2.7,131,4.1
Arkansas,10/1/2023,2408,1394,57.9,0.0,1346,48,-0.5,3.4,98,53.1,-50,0.49,36,2.7,64,4.7
California,10/1/2023,31468,19580,62.2,-0.8,18610,970,12.8,5.0,855,6.1,115,1.13,322,1.8,553,3.1
Colorado,10/1/2023,4765,3241,68.0,-0.6,3127,113,13.6,3.5,206,60.9,-93,0.55,54,1.8,98,3.3
Connecticut,10/1/2023,2980,1915,64.3,-2.0,1853,62,-16.4,3.2,93,38.8,-31,0.67,32,1.9,57,3.4
Delaware,10/1/2023,841,511,60.8,-0.2,491,20,17.2,4.0,32,45.5,-12,0.63,15,3.1,25,5.1
District of Columbia,10/1/2023,564,410,72.7,1.3,390,20,-11.5,5.0,46,48.4,-26,0.44,13,1.7,26,3.4
Florida,10/1/2023,18799,11092,59.0,-0.3,10751,342,10.5,3.1,594,36.6,-252,0.58,283,2.9,427,4.4
Georgia,10/1/2023,8701,5402,62.1,-0.8,5226,176,-7.0,3.3,348,46.8,-172,0.51,136,2.8,216,4.4
Hawaii,10/1/2023,1131,680,60.1,-1.2,661,19,29.2,2.8,34,13.3,-15,0.57,17,2.7,22,3.5
Idaho,10/1/2023,1539,981,63.7,-0.5,948,33,28.5,3.4,53,35.9,-20,0.62,30,3.5,39,4.6
Illinois,10/1/2023,10153,6568,64.7,0.5,6255,313,26.2,4.8,388,49.8,-75,0.81,122,2.0,184,3.0
Indiana,10/1/2023,5415,3429,63.3,-0.8,3308,121,3.8,3.5,161,3.2,-40,0.75,80,2.5,111,3.4
Iowa,10/1/2023,2537,1707,67.3,-1.9,1656,51,11.0,3.0,80,5.3,-29,0.64,32,2.0,51,3.2
Kansas,10/1/2023,2286,1529,66.9,-0.2,1485,44,-5.2,2.9,77,13.2,-33,0.58,32,2.2,47,3.3
Kentucky,10/1/2023,3579,2062,57.6,-1.0,1971,91,6.7,4.4,123,30.9,-32,0.74,57,2.8,104,5.1
Louisiana,10/1/2023,3575,2083,58.3,0.3,2001,82,-15.3,3.9,143,57.1,-61,0.57,65,3.3,112,5.7
Maine,10/1/2023,1171,699,59.7,-2.4,679,19,-12.6,2.8,41,28.1,-22,0.47,15,2.3,26,4.0
Maryland,10/1/2023,4946,3209,64.9,-4.4,3130,80,-30.8,2.5,179,9.8,-99,0.44,80,2.9,114,4.1
Massachusetts,10/1/2023,5861,3854,65.7,-0.6,3715,139,17.6,3.6,240,43.7,-101,0.58,60,1.6,122,3.3
Michigan,10/1/2023,8137,5039,61.9,0.6,4837,202,8.9,4.0,257,18.4,-55,0.79,93,2.1,142,3.2
Minnesota,10/1/2023,4570,3109,68.0,-1.9,3023,87,-21.2,2.8,195,42.3,-108,0.44,63,2.1,107,3.6
Mississippi,10/1/2023,2301,1251,54.4,-1.6,1213,38,-48.3,3.0,82,60.8,-44,0.46,33,2.8,52,4.4
Missouri,10/1/2023,4917,3121,63.5,-0.5,3017,105,-0.5,3.4,175,41.1,-70,0.60,67,2.2,106,3.6
Montana,10/1/2023,910,574,63.1,-0.6,557,17,-11.4,3.0,36,28.6,-19,0.48,18,3.4,25,4.8
Nebraska,10/1/2023,1542,1068,69.3,-0.8,1042,26,-17.1,2.5,59,18.0,-33,0.45,23,2.2,38,3.6
Nevada,10/1/2023,2582,1619,62.7,-1.4,1535,84,23.0,5.2,100,37.0,-16,0.84,36,2.3,61,3.9
New Hampshire,10/1/2023,1170,763,65.2,-3.0,746,18,-11.1,2.3,40,17.6,-22,0.44,14,2.0,27,3.9
New Jersey,10/1/2023,7589,4885,64.4,-0.1,4663,222,13.8,4.5,240,22.4,-18,0.93,84,1.9,172,4.0
New Mexico,10/1/2023,1692,971,57.4,-0.4,935,36,-28.1,3.7,55,7.8,-19,0.66,22,2.5,33,3.8
New York,10/1/2023,16195,9891,61.1,0.2,9482,409,-0.9,4.1,470,9.3,-61,0.87,149,1.5,274,2.8
North Carolina,10/1/2023,8660,5289,61.1,-0.3,5103,186,-2.0,3.5,314,33.6,-128,0.59,130,2.6,200,4.0
North Dakota,10/1/2023,608,420,69.0,-0.3,411,9,-1.7,2.1,28,21.7,-19,0.32,12,2.7,18,4.1
Ohio,10/1/2023,9422,5864,62.2,-1.3,5639,225,-16.1,3.8,350,38.3,-125,0.64,119,2.1,235,4.2
Oklahoma,10/1/2023,3142,1986,63.2,2.4,1919,67,15.2,3.4,114,34.1,-47,0.59,46,2.6,86,4.9
Oregon,10/1/2023,3488,2177,62.4,1.4,2091,86,15.2,3.9,118,8.3,-32,0.73,50,2.5,77,3.9
Pennsylvania,10/1/2023,10559,6597,62.5,-0.3,6355,242,-19.5,3.7,375,33.9,-133,0.65,121,2.0,208,3.4
Rhode Island,10/1/2023,913,586,64.2,0.0,567,19,-7.1,3.3,32,33.3,-13,0.61,11,2.2,22,4.3
South Carolina,10/1/2023,4321,2515,58.2,0.4,2439,77,12.2,3.0,168,54.1,-91,0.46,69,3.0,104,4.5
South Dakota,10/1/2023,707,481,68.1,-1.1,473,9,-23.1,1.8,27,17.4,-18,0.33,11,2.4,17,3.7
Tennessee,10/1/2023,5706,3422,60.0,-1.4,3311,111,-3.4,3.3,304,117.1,-193,0.37,87,2.6,155,4.7
Texas,10/1/2023,23742,15350,64.7,0.8,14743,607,20.9,4.0,788,49.2,-181,0.77,376,2.7,539,3.9
Utah,10/1/2023,2619,1809,69.1,0.8,1757,52,28.7,2.9,106,41.3,-54,0.49,44,2.5,71,4.1
Vermont,10/1/2023,544,352,64.6,-1.2,345,7,-7.7,2.0,19,11.8,-12,0.37,7,2.3,12,3.9
Virginia,10/1/2023,6916,4555,65.9,0.2,4429,126,-1.2,2.8,263,19.5,-137,0.48,102,2.4,174,4.2
Washington,10/1/2023,6313,4038,64.0,-1.5,3857,181,21.0,4.5,166,-12.6,15,1.09,75,2.1,111,3.1
West Virginia,10/1/2023,1432,792,55.3,0.4,759,32,-23.2,4.1,57,14.0,-25,0.57,20,2.8,33,4.6
Wisconsin,10/1/2023,4788,3138,65.5,-0.6,3044,94,-2.3,3.0,201,25.6,-107,0.47,69,2.3,97,3.2
Wyoming,10/1/2023,462,293,63.4,-2.4,285,8,-39.5,2.8,19,5.6,-11,0.44,9,3.1,13,4.5
Alabama,9/1/2023,4064,2327,57.2,0.0,2267,60,-19.2,2.6,140,41.4,-80,0.43,58,2.7,96,4.4
Alaska,9/1/2023,551,359,65.1,0.7,343,16,-16.5,4.4,26,13.0,-10,0.60,12,3.6,17,5.2
Arizona,9/1/2023,5958,3704,62.2,0.2,3565,139,-17.5,3.8,198,26.1,-59,0.70,86,2.7,132,4.1
Arkansas,9/1/2023,2405,1392,57.9,0.0,1345,47,-2.4,3.4,85,32.8,-38,0.55,37,2.7,59,4.4
California,9/1/2023,31441,19560,62.2,-0.8,18610,950,10.4,4.9,920,14.1,30,1.03,284,1.6,536,3.0
Colorado,9/1/2023,4758,3238,68.1,-0.6,3128,110,10.7,3.4,197,53.9,-87,0.56,74,2.5,88,3.0
Connecticut,9/1/2023,2977,1914,64.3,-2.0,1853,61,-17.8,3.2,89,32.8,-28,0.69,23,1.4,64,3.8
Delaware,9/1/2023,840,512,60.9,-0.1,492,20,16.9,3.9,30,36.4,-10,0.67,13,2.7,21,4.3
District of Columbia,9/1/2023,563,409,72.6,1.2,389,20,-13.2,4.9,34,9.7,-14,0.59,16,2.1,21,2.8
Florida,9/1/2023,18769,11083,59.0,-0.3,10747,336,8.8,3.0,606,39.3,-270,0.56,259,2.7,403,4.1
Georgia,9/1/2023,8689,5397,62.1,-0.8,5221,176,-6.9,3.3,325,37.1,-149,0.54,128,2.6,236,4.8
Hawaii,9/1/2023,1130,680,60.2,-1.2,661,19,28.2,2.8,33,10.0,-14,0.58,15,2.4,20,3.2
Idaho,9/1/2023,1536,979,63.7,-0.5,946,33,26.8,3.3,55,41.0,-22,0.59,30,3.5,36,4.2
Illinois,9/1/2023,10145,6556,64.6,0.5,6249,307,23.8,4.7,416,60.6,-109,0.74,116,1.9,221,3.6
Indiana,9/1/2023,5410,3427,63.4,-0.8,3308,119,2.3,3.5,171,9.6,-52,0.70,83,2.6,124,3.8
Iowa,9/1/2023,2535,1709,67.4,-1.7,1657,52,12.1,3.0,92,21.1,-40,0.56,40,2.5,56,3.5
Kansas,9/1/2023,2284,1528,66.9,-0.2,1485,44,-6.5,2.9,81,19.1,-37,0.54,36,2.5,51,3.5
Kentucky,9/1/2023,3575,2059,57.6,-1.0,1970,90,5.2,4.4,120,27.7,-30,0.75,54,2.7,92,4.6
Louisiana,9/1/2023,3573,2081,58.2,0.2,2002,79,-18.4,3.8,140,53.8,-61,0.57,67,3.4,102,5.2
Maine,9/1/2023,1170,698,59.6,-2.4,679,19,-13.9,2.7,42,31.3,-23,0.45,11,1.7,28,4.3
Maryland,9/1/2023,4942,3204,64.8,-4.5,3130,74,-36.0,2.3,183,12.3,-109,0.40,65,2.4,111,4.0
Massachusetts,9/1/2023,5855,3842,65.6,-0.7,3707,135,14.2,3.5,246,47.3,-111,0.55,44,1.2,128,3.5
Michigan,9/1/2023,8132,5038,62.0,0.6,4835,202,9.0,4.0,241,11.1,-39,0.84,89,2.0,154,3.5
Minnesota,9/1/2023,4565,3111,68.2,-1.8,3024,87,-21.0,2.8,193,40.9,-106,0.45,65,2.2,97,3.2
Mississippi,9/1/2023,2300,1251,54.4,-1.6,1212,38,-47.6,3.1,85,66.7,-47,0.45,34,2.9,51,4.3
Missouri,9/1/2023,4913,3119,63.5,-0.5,3016,103,-2.1,3.3,173,39.5,-70,0.60,72,2.4,95,3.2
Montana,9/1/2023,909,573,63.1,-0.6,557,17,-14.5,2.9,39,39.3,-22,0.42,17,3.3,24,4.6
Nebraska,9/1/2023,1540,1068,69.3,-0.8,1042,26,-19.0,2.4,64,28.0,-38,0.40,28,2.7,39,3.7
Nevada,9/1/2023,2577,1617,62.7,-1.4,1534,83,22.0,5.1,102,39.7,-19,0.82,41,2.7,60,3.9
New Hampshire,9/1/2023,1170,763,65.2,-3.0,745,18,-11.3,2.3,42,23.5,-24,0.42,12,1.7,29,4.2
New Jersey,9/1/2023,7580,4885,64.5,0.0,4664,221,13.4,4.5,218,11.2,3,1.01,64,1.5,173,4.0
New Mexico,9/1/2023,1691,970,57.4,-0.4,934,36,-28.8,3.7,64,25.5,-28,0.56,19,2.2,31,3.5
New York,9/1/2023,16177,9887,61.1,0.2,9483,404,-2.1,4.1,469,9.1,-65,0.86,135,1.4,288,3.0
North Carolina,9/1/2023,8645,5287,61.2,-0.2,5102,185,-2.6,3.5,335,42.6,-150,0.55,134,2.7,208,4.2
North Dakota,9/1/2023,608,419,68.9,-0.4,410,9,-4.5,2.1,29,26.1,-20,0.30,13,3.0,17,3.9
Ohio,9/1/2023,9416,5858,62.2,-1.3,5638,220,-17.8,3.8,355,40.3,-135,0.62,146,2.6,209,3.7
Oklahoma,9/1/2023,3138,1982,63.2,2.4,1917,66,13.0,3.3,117,37.6,-51,0.56,46,2.6,85,4.8
Oregon,9/1/2023,3485,2175,62.4,1.4,2091,84,13.2,3.9,118,8.3,-34,0.71,49,2.5,72,3.6
Pennsylvania,9/1/2023,10554,6586,62.4,-0.4,6347,239,-20.7,3.6,370,32.1,-131,0.65,113,1.9,193,3.2
Rhode Island,9/1/2023,912,584,64.1,-0.1,566,18,-13.9,3.1,31,29.2,-13,0.58,9,1.8,22,4.4
South Carolina,9/1/2023,4313,2510,58.2,0.3,2437,73,7.1,2.9,171,56.9,-98,0.43,69,3.0,109,4.7
South Dakota,9/1/2023,706,481,68.2,-1.0,472,9,-23.0,1.8,30,30.4,-21,0.30,12,2.6,18,3.9
Tennessee,9/1/2023,5698,3419,60.0,-1.4,3308,111,-3.9,3.2,215,53.6,-104,0.52,93,2.8,139,4.2
Texas,9/1/2023,23694,15326,64.7,0.8,14719,607,20.9,4.0,798,51.1,-191,0.76,440,3.2,641,4.6
Utah,9/1/2023,2613,1807,69.2,0.9,1756,51,26.1,2.8,125,66.7,-74,0.41,54,3.1,61,3.5
Vermont,9/1/2023,544,351,64.6,-1.3,344,7,-9.6,2.0,18,5.9,-11,0.39,7,2.3,14,4.5
Virginia,9/1/2023,6908,4553,65.9,0.3,4430,123,-3.8,2.7,261,18.6,-138,0.47,106,2.5,153,3.7
Washington,9/1/2023,6304,4035,64.0,-1.4,3859,176,17.9,4.4,183,-3.7,-7,0.96,75,2.1,106,2.9
West Virginia,9/1/2023,1432,791,55.3,0.3,759,32,-24.4,4.0,55,10.0,-23,0.58,22,3.1,34,4.8
Wisconsin,9/1/2023,4785,3137,65.6,-0.6,3043,94,-1.5,3.0,203,26.9,-109,0.46,71,2.4,110,3.7
Wyoming,9/1/2023,462,293,63.5,-2.3,285,8,-39.4,2.8,20,11.1,-12,0.41,10,3.4,13,4.5
Alabama,8/1/2023,4060,2323,57.2,0.0,2265,58,-21.8,2.5,131,32.3,-73,0.44,58,2.7,97,4.5
Alaska,8/1/2023,551,359,65.2,0.7,343,15,-17.8,4.3,24,4.3,-9,0.64,12,3.7,18,5.5
Arizona,8/1/2023,5948,3698,62.2,0.2,3560,138,-17.9,3.7,195,24.2,-57,0.71,92,2.9,130,4.1
Arkansas,8/1/2023,2403,1390,57.9,0.0,1345,46,-5.3,3.3,70,9.4,-24,0.65,34,2.5,52,3.9
California,8/1/2023,31414,19547,62.2,-0.8,18618,929,8.0,4.8,889,10.3,40,1.04,317,1.8,605,3.4
Colorado,8/1/2023,4750,3236,68.1,-0.5,3128,108,8.1,3.3,190,48.4,-82,0.57,64,2.2,97,3.3
Connecticut,8/1/2023,2974,1912,64.3,-2.0,1852,60,-19.4,3.1,92,37.3,-32,0.65,36,2.1,61,3.6
Delaware,8/1/2023,838,512,61.0,0.0,492,20,15.9,3.9,27,22.7,-7,0.74,14,2.9,21,4.3
District of Columbia,8/1/2023,562,407,72.4,1.0,388,20,-14.8,4.8,43,38.7,-23,0.45,18,2.3,25,3.3
Florida,8/1/2023,18739,11071,59.1,-0.2,10739,331,7.2,3.0,572,31.5,-241,0.58,271,2.8,399,4.1
Georgia,8/1/2023,8676,5391,62.1,-0.8,5216,175,-7.3,3.3,337,42.2,-162,0.52,143,2.9,240,4.9
Hawaii,8/1/2023,1130,680,60.2,-1.1,661,19,27.0,2.8,34,13.3,-15,0.56,13,2.1,20,3.2
Idaho,8/1/2023,1533,976,63.7,-0.5,944,32,24.7,3.3,54,38.5,-22,0.59,26,3.1,37,4.4
Illinois,8/1/2023,10136,6541,64.5,0.4,6242,299,20.6,4.6,363,40.2,-64,0.82,117,1.9,214,3.5
Indiana,8/1/2023,5405,3426,63.4,-0.8,3308,118,0.8,3.4,159,1.9,-41,0.74,84,2.6,126,3.9
Iowa,8/1/2023,2533,1710,67.5,-1.6,1658,52,12.2,3.0,81,6.6,-29,0.64,37,2.3,55,3.5
Kansas,8/1/2023,2282,1528,67.0,-0.1,1485,43,-7.6,2.8,75,10.3,-32,0.58,33,2.3,48,3.3
Kentucky,8/1/2023,3572,2058,57.6,-1.0,1969,88,3.7,4.3,114,21.3,-26,0.77,55,2.7,80,4.0
Louisiana,8/1/2023,3571,2078,58.2,0.2,2002,77,-21.1,3.7,137,50.5,-60,0.56,65,3.3,107,5.5
Maine,8/1/2023,1169,697,59.6,-2.4,678,19,-15.6,2.7,41,28.1,-22,0.46,13,2.0,24,3.7
Maryland,8/1/2023,4938,3204,64.9,-4.4,3133,70,-39.0,2.2,183,12.3,-113,0.38,63,2.3,112,4.1
Massachusetts,8/1/2023,5849,3831,65.5,-0.8,3699,132,12.1,3.4,230,37.7,-98,0.57,50,1.3,115,3.1
Michigan,8/1/2023,8126,5033,61.9,0.6,4833,200,7.5,4.0,217,0.0,-17,0.92,96,2.2,174,3.9
Minnesota,8/1/2023,4560,3113,68.3,-1.7,3026,87,-20.6,2.8,166,21.2,-79,0.53,70,2.3,94,3.1
Mississippi,8/1/2023,2298,1250,54.4,-1.6,1212,39,-47.0,3.1,85,66.7,-46,0.46,35,3.0,57,4.8
Missouri,8/1/2023,4909,3117,63.5,-0.5,3016,101,-4.0,3.2,161,29.8,-60,0.63,57,1.9,97,3.3
Montana,8/1/2023,909,573,63.0,-0.6,557,16,-17.8,2.8,32,14.3,-16,0.50,16,3.1,24,4.6
Nebraska,8/1/2023,1538,1067,69.4,-0.7,1042,25,-21.0,2.4,51,2.0,-26,0.49,23,2.2,35,3.3
Nevada,8/1/2023,2573,1614,62.7,-1.5,1531,82,20.7,5.1,84,15.1,-2,0.98,40,2.6,62,4.0
New Hampshire,8/1/2023,1169,762,65.2,-3.0,745,17,-12.2,2.3,43,26.5,-26,0.40,15,2.1,26,3.7
New Jersey,8/1/2023,7570,4886,64.5,0.1,4667,219,12.3,4.5,229,16.8,-10,0.96,87,2.0,134,3.1
New Mexico,8/1/2023,1689,969,57.4,-0.4,934,36,-29.6,3.7,54,5.9,-18,0.66,23,2.6,31,3.6
New York,8/1/2023,16158,9880,61.1,0.2,9483,397,-3.7,4.0,426,-0.9,-29,0.93,144,1.5,270,2.8
North Carolina,8/1/2023,8630,5283,61.2,-0.2,5100,184,-3.3,3.5,324,37.9,-140,0.57,129,2.6,184,3.7
North Dakota,8/1/2023,607,418,68.9,-0.4,410,8,-7.0,2.0,29,26.1,-21,0.29,12,2.7,18,4.1
Ohio,8/1/2023,9409,5852,62.2,-1.3,5638,214,-20.1,3.7,299,18.2,-85,0.72,136,2.4,192,3.4
Oklahoma,8/1/2023,3135,1977,63.1,2.3,1913,64,9.8,3.2,110,29.4,-46,0.58,52,3.0,86,4.9
Oregon,8/1/2023,3483,2172,62.4,1.4,2089,83,11.0,3.8,112,2.8,-29,0.74,53,2.7,73,3.7
Pennsylvania,8/1/2023,10548,6573,62.3,-0.5,6338,235,-22.0,3.6,339,21.1,-104,0.69,126,2.1,171,2.8
Rhode Island,8/1/2023,911,583,63.9,-0.3,566,17,-19.7,2.9,28,16.7,-11,0.60,10,2.0,18,3.6
South Carolina,8/1/2023,4304,2504,58.2,0.3,2433,70,3.3,2.8,175,60.6,-105,0.40,68,3.0,111,4.8
South Dakota,8/1/2023,705,481,68.2,-1.0,472,9,-23.3,1.8,24,4.3,-15,0.37,12,2.6,17,3.7
Tennessee,8/1/2023,5690,3414,60.0,-1.4,3304,110,-5.0,3.2,180,28.6,-70,0.61,84,2.5,141,4.3
Texas,8/1/2023,23646,15300,64.7,0.8,14693,607,21.0,4.0,794,50.4,-187,0.76,374,2.7,529,3.8
Utah,8/1/2023,2608,1805,69.2,0.9,1754,50,23.2,2.8,103,37.3,-53,0.49,53,3.1,70,4.1
Vermont,8/1/2023,544,350,64.5,-1.4,344,7,-12.5,1.9,17,0.0,-10,0.40,7,2.3,10,3.2
Virginia,8/1/2023,6900,4551,66.0,0.3,4431,119,-6.7,2.6,256,16.4,-137,0.47,109,2.6,174,4.2
Washington,8/1/2023,6295,4033,64.1,-1.4,3862,171,14.2,4.2,163,-14.2,8,1.05,70,1.9,104,2.9
West Virginia,8/1/2023,1431,791,55.2,0.3,759,31,-25.4,4.0,50,0.0,-19,0.63,21,3.0,33,4.7
Wisconsin,8/1/2023,4781,3135,65.6,-0.6,3041,94,-1.9,3.0,197,23.1,-103,0.48,69,2.3,99,3.3
Wyoming,8/1/2023,462,293,63.6,-2.2,285,8,-39.6,2.8,16,-11.1,-8,0.52,9,3.1,13,4.5
Alabama,7/1/2023,4056,2318,57.2,-0.1,2262,56,-24.1,2.4,136,37.4,-80,0.41,57,2.6,92,4.2
Alaska,7/1/2023,550,358,65.1,0.7,343,15,-19.3,4.2,29,26.1,-14,0.52,10,3.0,20,6.1
Arizona,7/1/2023,5938,3691,62.2,0.2,3554,137,-18.6,3.7,185,17.8,-48,0.74,91,2.8,131,4.1
Arkansas,7/1/2023,2400,1388,57.8,-0.1,1344,44,-8.8,3.2,87,35.9,-43,0.50,38,2.8,63,4.7
California,7/1/2023,31388,19532,62.2,-0.8,18621,911,5.9,4.7,902,11.9,9,1.01,366,2.1,617,3.5
Colorado,7/1/2023,4743,3233,68.2,-0.5,3128,106,6.0,3.3,191,49.2,-85,0.55,68,2.3,110,3.7
Connecticut,7/1/2023,2971,1910,64.3,-2.0,1851,59,-20.6,3.1,93,38.8,-34,0.63,35,2.1,57,3.3
Delaware,7/1/2023,837,511,61.1,0.1,492,20,14.6,3.9,32,45.5,-12,0.62,14,2.9,23,4.8
District of Columbia,7/1/2023,562,406,72.2,0.8,386,19,-16.0,4.8,42,35.5,-23,0.46,15,1.9,24,3.1
Florida,7/1/2023,18709,11052,59.1,-0.2,10729,324,4.7,2.9,613,40.9,-289,0.53,304,3.1,391,4.0
Georgia,7/1/2023,8664,5383,62.1,-0.8,5209,174,-8.0,3.2,326,37.6,-152,0.53,122,2.5,219,4.5
Hawaii,7/1/2023,1129,681,60.3,-1.1,662,19,26.0,2.8,31,3.3,-12,0.61,13,2.0,20,3.2
Idaho,7/1/2023,1530,974,63.6,-0.6,942,31,22.0,3.2,54,38.5,-23,0.58,24,2.8,36,4.2
Illinois,7/1/2023,10128,6526,64.4,0.3,6236,290,17.0,4.4,371,43.2,-81,0.78,143,2.3,236,3.8
Indiana,7/1/2023,5400,3425,63.4,-0.7,3308,116,-0.6,3.4,160,2.6,-44,0.73,89,2.8,111,3.4
Iowa,7/1/2023,2531,1710,67.6,-1.6,1659,51,11.3,3.0,84,10.5,-33,0.61,35,2.2,51,3.2
Kansas,7/1/2023,2279,1527,67.0,-0.1,1485,43,-8.4,2.8,81,19.1,-38,0.53,36,2.5,52,3.6
Kentucky,7/1/2023,3568,2056,57.6,-1.0,1969,87,2.1,4.2,119,26.6,-32,0.73,56,2.8,84,4.2
Louisiana,7/1/2023,3569,2077,58.2,0.2,2002,74,-23.4,3.6,141,54.9,-67,0.53,63,3.2,111,5.7
Maine,7/1/2023,1168,696,59.6,-2.5,677,18,-17.4,2.6,37,15.6,-19,0.50,11,1.7,26,4.0
Maryland,7/1/2023,4934,3199,64.8,-4.4,3135,64,-44.4,2.0,187,14.7,-123,0.34,58,2.1,104,3.8
Massachusetts,7/1/2023,5843,3819,65.4,-1.0,3691,128,8.8,3.4,266,59.3,-138,0.48,56,1.5,110,3.0
Michigan,7/1/2023,8121,5024,61.9,0.5,4830,195,4.8,3.9,243,12.0,-48,0.80,107,2.4,154,3.4
Minnesota,7/1/2023,4555,3114,68.4,-1.6,3026,88,-20.2,2.8,200,46.0,-112,0.44,68,2.3,102,3.4
Mississippi,7/1/2023,2296,1251,54.5,-1.5,1212,39,-46.6,3.1,83,62.7,-44,0.47,34,2.9,55,4.7
Missouri,7/1/2023,4905,3114,63.5,-0.5,3015,99,-6.1,3.2,163,31.5,-64,0.61,65,2.2,101,3.4
Montana,7/1/2023,908,572,63.0,-0.7,557,15,-20.7,2.7,38,35.7,-23,0.40,17,3.3,26,5.0
Nebraska,7/1/2023,1536,1066,69.4,-0.7,1042,25,-23.0,2.3,63,26.0,-38,0.39,23,2.2,40,3.8
Nevada,7/1/2023,2569,1610,62.7,-1.5,1529,81,19.3,5.1,89,21.9,-8,0.92,42,2.7,60,3.9
New Hampshire,7/1/2023,1168,762,65.2,-3.0,745,17,-13.5,2.2,40,17.6,-23,0.43,17,2.4,27,3.9
New Jersey,7/1/2023,7561,4885,64.6,0.1,4670,216,10.6,4.4,204,4.1,12,1.06,69,1.6,157,3.6
New Mexico,7/1/2023,1688,968,57.4,-0.4,933,35,-30.6,3.6,59,15.7,-24,0.60,18,2.0,32,3.6
New York,7/1/2023,16139,9870,61.2,0.2,9480,390,-5.4,4.0,453,5.3,-63,0.86,143,1.5,287,3.0
North Carolina,7/1/2023,8615,5278,61.3,-0.1,5096,182,-4.0,3.4,333,41.7,-151,0.55,142,2.9,209,4.2
North Dakota,7/1/2023,606,418,68.9,-0.4,410,8,-8.8,2.0,30,30.4,-22,0.28,12,2.7,19,4.3
Ohio,7/1/2023,9403,5845,62.2,-1.3,5638,208,-22.4,3.6,351,38.7,-143,0.59,128,2.3,199,3.5
Oklahoma,7/1/2023,3131,1971,63.0,2.2,1909,62,6.4,3.1,119,40.0,-57,0.52,56,3.2,81,4.6
Oregon,7/1/2023,3480,2168,62.3,1.3,2088,81,8.7,3.7,114,4.6,-33,0.71,48,2.4,74,3.7
Pennsylvania,7/1/2023,10543,6559,62.2,-0.6,6327,232,-23.0,3.5,359,28.2,-127,0.65,123,2.0,176,2.9
Rhode Island,7/1/2023,910,581,63.8,-0.4,565,16,-24.1,2.7,27,12.5,-11,0.59,10,2.0,20,4.0
South Carolina,7/1/2023,4296,2498,58.1,0.3,2429,69,1.4,2.8,161,47.7,-92,0.43,67,2.9,112,4.9
South Dakota,7/1/2023,704,480,68.3,-0.9,472,9,-23.7,1.8,29,26.1,-20,0.30,12,2.6,20,4.3
Tennessee,7/1/2023,5682,3408,60.0,-1.4,3299,108,-6.1,3.2,216,54.3,-108,0.50,86,2.6,142,4.3
Texas,7/1/2023,23599,15273,64.7,0.8,14665,608,21.2,4.0,765,44.9,-157,0.79,403,2.9,596,4.3
Utah,7/1/2023,2602,1801,69.2,0.9,1753,49,20.0,2.7,104,38.7,-55,0.47,43,2.5,65,3.8
Vermont,7/1/2023,544,350,64.4,-1.5,343,6,-15.6,1.9,19,11.8,-13,0.34,7,2.2,12,3.9
Virginia,7/1/2023,6891,4548,66.0,0.4,4432,116,-9.0,2.6,276,25.5,-160,0.42,109,2.6,186,4.5
Washington,7/1/2023,6287,4031,64.1,-1.3,3865,166,10.9,4.1,162,-14.7,4,1.02,63,1.7,105,2.9
West Virginia,7/1/2023,1431,790,55.2,0.2,759,31,-26.6,3.9,54,8.0,-23,0.57,21,3.0,34,4.8
Wisconsin,7/1/2023,4777,3133,65.6,-0.6,3041,92,-3.9,2.9,188,17.5,-96,0.49,69,2.3,103,3.4
Wyoming,7/1/2023,461,294,63.7,-2.1,285,8,-39.7,2.8,18,0.0,-10,0.46,9,3.1,13,4.5
Alabama,6/1/2023,4053,2314,57.1,-0.1,2259,55,-25.9,2.4,132,33.3,-77,0.42,70,3.2,101,4.7
Alaska,6/1/2023,550,358,65.1,0.7,343,15,-20.7,4.2,24,4.3,-9,0.62,12,3.7,19,5.8
Arizona,6/1/2023,5929,3683,62.1,0.1,3547,136,-19.3,3.7,189,20.4,-53,0.72,91,2.9,141,4.4
Arkansas,6/1/2023,2398,1385,57.8,-0.1,1343,42,-12.3,3.0,90,40.6,-48,0.47,46,3.4,64,4.7
California,6/1/2023,31371,19519,62.2,-0.8,18620,898,4.4,4.6,857,6.3,41,1.05,341,1.9,555,3.1
Colorado,6/1/2023,4737,3231,68.2,-0.5,3127,104,4.2,3.2,175,36.7,-71,0.59,71,2.4,115,3.9
Connecticut,6/1/2023,2969,1908,64.3,-2.0,1849,59,-21.2,3.1,84,25.4,-25,0.70,42,2.5,62,3.7
Delaware,6/1/2023,836,511,61.1,0.1,491,20,13.4,3.8,34,54.5,-14,0.58,16,3.3,24,5.0
District of Columbia,6/1/2023,561,404,72.0,0.6,385,19,-16.5,4.7,42,35.5,-23,0.46,17,2.2,25,3.3
Florida,6/1/2023,18669,11032,59.1,-0.2,10714,318,2.8,2.9,623,43.2,-305,0.51,296,3.0,405,4.2
Georgia,6/1/2023,8653,5374,62.1,-0.8,5201,173,-8.6,3.2,338,42.6,-165,0.51,150,3.1,223,4.6
Hawaii,6/1/2023,1129,681,60.3,-1.0,662,19,25.9,2.8,31,3.3,-12,0.61,13,2.1,20,3.2
Idaho,6/1/2023,1528,971,63.6,-0.6,941,31,19.2,3.1,54,38.5,-23,0.57,28,3.3,40,4.7
Illinois,6/1/2023,10123,6513,64.3,0.2,6231,282,13.6,4.3,409,57.9,-127,0.69,129,2.1,254,4.2
Indiana,6/1/2023,5395,3424,63.5,-0.7,3310,115,-1.7,3.4,174,11.5,-59,0.66,90,2.8,153,4.7
Iowa,6/1/2023,2529,1710,67.6,-1.5,1659,51,9.9,3.0,96,26.3,-45,0.53,37,2.3,61,3.8
Kansas,6/1/2023,2278,1527,67.0,-0.1,1484,43,-8.6,2.8,82,20.6,-39,0.52,35,2.4,57,4.0
Kentucky,6/1/2023,3565,2056,57.7,-0.9,1970,86,0.7,4.2,131,39.4,-45,0.65,67,3.3,89,4.4
Louisiana,6/1/2023,3568,2077,58.2,0.2,2004,73,-24.5,3.5,142,56.0,-69,0.52,70,3.6,106,5.4
Maine,6/1/2023,1167,694,59.5,-2.5,676,18,-19.1,2.6,40,25.0,-22,0.45,19,2.9,25,3.9
Maryland,6/1/2023,4931,3198,64.9,-4.4,3136,62,-46.1,1.9,193,18.4,-131,0.32,80,2.9,120,4.4
Massachusetts,6/1/2023,5838,3812,65.3,-1.0,3684,128,8.3,3.3,250,49.7,-122,0.51,66,1.8,127,3.4
Michigan,6/1/2023,8117,5012,61.7,0.4,4822,190,2.0,3.8,253,16.6,-63,0.75,99,2.2,170,3.8
Minnesota,6/1/2023,4552,3114,68.4,-1.6,3026,88,-20.2,2.8,213,55.5,-125,0.41,72,2.4,123,4.1
Mississippi,6/1/2023,2295,1251,54.5,-1.5,1212,39,-46.4,3.1,85,66.7,-46,0.46,41,3.5,54,4.6
Missouri,6/1/2023,4902,3110,63.4,-0.5,3014,96,-8.6,3.1,164,32.3,-68,0.59,75,2.5,112,3.8
Montana,6/1/2023,907,572,63.1,-0.6,557,15,-22.9,2.6,38,35.7,-23,0.39,18,3.5,27,5.2
Nebraska,6/1/2023,1535,1066,69.4,-0.7,1042,24,-25.1,2.2,63,26.0,-39,0.38,24,2.3,42,4.0
Nevada,6/1/2023,2565,1607,62.6,-1.5,1526,81,18.4,5.0,96,31.5,-15,0.84,42,2.7,60,3.9
New Hampshire,6/1/2023,1167,761,65.2,-3.0,744,17,-14.9,2.2,39,14.7,-22,0.43,16,2.3,29,4.2
New Jersey,6/1/2023,7553,4884,64.7,0.2,4672,212,8.5,4.3,207,5.6,5,1.02,79,1.8,171,4.0
New Mexico,6/1/2023,1687,967,57.3,-0.5,932,35,-31.3,3.6,56,9.8,-21,0.62,20,2.3,33,3.8
New York,6/1/2023,16129,9857,61.1,0.2,9472,385,-6.7,3.9,439,2.1,-54,0.88,183,1.9,271,2.8
North Carolina,6/1/2023,8601,5273,61.3,-0.1,5092,181,-4.6,3.4,402,71.1,-221,0.45,150,3.0,221,4.5
North Dakota,6/1/2023,606,418,69.0,-0.3,410,8,-9.7,2.0,32,39.1,-24,0.26,12,2.8,22,5.0
Ohio,6/1/2023,9397,5838,62.1,-1.4,5636,203,-24.3,3.5,370,46.2,-167,0.55,138,2.5,200,3.6
Oklahoma,6/1/2023,3128,1965,62.8,2.0,1905,60,3.2,3.0,123,44.7,-63,0.49,54,3.1,82,4.7
Oregon,6/1/2023,3479,2166,62.3,1.3,2086,79,6.5,3.7,119,9.2,-40,0.67,52,2.6,85,4.3
Pennsylvania,6/1/2023,10539,6548,62.1,-0.7,6316,231,-23.1,3.5,353,26.1,-122,0.66,121,2.0,195,3.2
Rhode Island,6/1/2023,910,580,63.7,-0.5,564,15,-25.9,2.7,30,25.0,-15,0.52,12,2.4,22,4.4
South Carolina,6/1/2023,4288,2492,58.1,0.3,2423,69,1.6,2.8,172,57.8,-103,0.40,75,3.3,118,5.1
South Dakota,6/1/2023,703,480,68.3,-0.9,471,9,-24.5,1.8,31,34.8,-22,0.28,11,2.4,21,4.6
Tennessee,6/1/2023,5674,3402,60.0,-1.5,3294,108,-6.5,3.2,218,55.7,-110,0.49,111,3.3,148,4.5
Texas,6/1/2023,23553,15245,64.7,0.8,14635,610,21.5,4.0,785,48.7,-175,0.78,450,3.2,604,4.4
Utah,6/1/2023,2597,1798,69.2,0.9,1750,48,17.0,2.6,104,38.7,-56,0.46,48,2.8,71,4.1
Vermont,6/1/2023,543,349,64.3,-1.6,343,6,-18.0,1.8,17,0.0,-11,0.37,8,2.6,12,3.9
Virginia,6/1/2023,6886,4547,66.0,0.4,4432,115,-9.9,2.5,283,28.6,-168,0.41,132,3.2,178,4.3
Washington,6/1/2023,6280,4028,64.1,-1.3,3866,162,8.3,4.0,167,-12.1,-5,0.97,76,2.1,136,3.8
West Virginia,6/1/2023,1431,789,55.1,0.2,759,30,-28.1,3.8,54,8.0,-24,0.56,23,3.2,36,5.1
Wisconsin,6/1/2023,4774,3129,65.5,-0.6,3040,89,-6.9,2.8,184,15.0,-95,0.48,73,2.4,125,4.2
Wyoming,6/1/2023,461,294,63.8,-2.1,285,8,-39.5,2.8,19,5.6,-11,0.44,9,3.1,14,4.8
Alabama,5/1/2023,4049,2310,57.0,-0.2,2256,54,-27.3,2.3,137,38.4,-83,0.39,50,2.3,87,4.0
Alaska,5/1/2023,549,358,65.1,0.6,343,15,-21.7,4.1,30,30.4,-15,0.49,12,3.7,18,5.5
Arizona,5/1/2023,5921,3674,62.1,0.1,3539,135,-20.0,3.7,255,62.4,-120,0.53,99,3.1,146,4.6
Arkansas,5/1/2023,2396,1383,57.7,-0.2,1342,41,-15.2,3.0,92,43.8,-51,0.44,37,2.7,61,4.5
California,5/1/2023,31355,19497,62.2,-0.8,18607,890,3.5,4.6,1039,28.9,-149,0.86,336,1.9,476,2.7
Colorado,5/1/2023,4731,3228,68.2,-0.4,3126,102,2.4,3.2,258,101.6,-156,0.40,77,2.6,127,4.3
Connecticut,5/1/2023,2966,1906,64.3,-2.0,1847,59,-21.0,3.1,97,44.8,-38,0.61,36,2.1,66,3.9
Delaware,5/1/2023,835,510,61.1,0.1,491,19,12.8,3.8,32,45.5,-13,0.61,14,2.9,22,4.6
District of Columbia,5/1/2023,560,403,71.9,0.4,384,19,-16.4,4.8,37,19.4,-18,0.52,12,1.6,24,3.1
Florida,5/1/2023,18630,11009,59.1,-0.2,10696,313,1.2,2.8,635,46.0,-322,0.49,272,2.8,398,4.1
Georgia,5/1/2023,8641,5364,62.1,-0.8,5192,172,-9.0,3.2,375,58.2,-203,0.46,135,2.8,233,4.8
Hawaii,5/1/2023,1129,681,60.3,-1.0,662,19,26.7,2.8,38,26.7,-19,0.50,13,2.1,19,3.0
Idaho,5/1/2023,1525,969,63.5,-0.6,939,30,16.6,3.1,71,82.1,-41,0.42,26,3.1,43,5.1
Illinois,5/1/2023,10118,6502,64.3,0.1,6226,276,11.2,4.2,393,51.7,-117,0.70,141,2.3,233,3.8
Indiana,5/1/2023,5391,3425,63.5,-0.6,3311,114,-2.5,3.3,185,18.6,-71,0.62,88,2.7,142,4.4
Iowa,5/1/2023,2528,1710,67.6,-1.5,1660,50,8.6,2.9,93,22.4,-43,0.54,37,2.3,63,4.0
Kansas,5/1/2023,2276,1527,67.1,0.0,1484,43,-8.0,2.8,92,35.3,-49,0.47,33,2.3,54,3.8
Kentucky,5/1/2023,3563,2055,57.7,-0.9,1970,85,-0.5,4.1,134,42.6,-49,0.63,57,2.8,81,4.0
Louisiana,5/1/2023,3567,2079,58.3,0.3,2006,73,-24.6,3.5,147,61.5,-74,0.50,58,3.0,90,4.6
Maine,5/1/2023,1166,693,59.4,-2.6,675,18,-20.6,2.5,48,50.0,-30,0.37,18,2.8,30,4.7
Maryland,5/1/2023,4929,3196,64.8,-4.4,3133,62,-45.9,1.9,206,26.4,-144,0.30,71,2.6,114,4.1
Massachusetts,5/1/2023,5833,3807,65.3,-1.1,3679,128,8.7,3.4,289,73.1,-161,0.44,63,1.7,132,3.6
Michigan,5/1/2023,8113,4998,61.6,0.3,4811,187,0.4,3.7,291,34.1,-104,0.64,79,1.8,153,3.4
Minnesota,5/1/2023,4549,3112,68.4,-1.6,3025,87,-20.6,2.8,180,31.4,-93,0.48,62,2.1,109,3.7
Mississippi,5/1/2023,2295,1251,54.5,-1.5,1212,39,-46.4,3.1,88,72.5,-49,0.45,36,3.1,55,4.7
Missouri,5/1/2023,4899,3105,63.4,-0.6,3012,93,-11.3,3.0,168,35.5,-75,0.56,68,2.3,97,3.3
Montana,5/1/2023,906,572,63.1,-0.6,557,15,-24.3,2.6,41,46.4,-26,0.36,17,3.3,23,4.4
Nebraska,5/1/2023,1534,1065,69.4,-0.7,1041,23,-27.1,2.2,63,26.0,-40,0.37,24,2.3,41,3.9
Nevada,5/1/2023,2562,1604,62.6,-1.6,1523,81,18.1,5.0,109,49.3,-28,0.74,40,2.6,58,3.8
New Hampshire,5/1/2023,1166,761,65.3,-3.0,744,17,-15.5,2.2,45,32.4,-28,0.37,16,2.3,42,6.0
New Jersey,5/1/2023,7545,4882,64.7,0.2,4675,207,6.3,4.2,237,20.9,-30,0.87,98,2.3,164,3.8
New Mexico,5/1/2023,1685,966,57.3,-0.5,931,35,-31.6,3.6,68,33.3,-33,0.51,20,2.3,32,3.7
New York,5/1/2023,16120,9843,61.1,0.1,9460,383,-7.1,3.9,439,2.1,-56,0.87,131,1.4,274,2.8
North Carolina,5/1/2023,8588,5268,61.3,0.0,5087,181,-4.8,3.4,364,54.9,-183,0.50,144,2.9,217,4.4
North Dakota,5/1/2023,605,418,69.0,-0.3,410,8,-9.5,2.0,27,17.4,-19,0.30,12,2.8,18,4.1
Ohio,5/1/2023,9392,5832,62.1,-1.4,5632,200,-25.2,3.4,352,39.1,-152,0.57,118,2.1,205,3.7
Oklahoma,5/1/2023,3124,1960,62.7,1.9,1901,58,0.8,3.0,126,48.2,-68,0.46,53,3.0,78,4.5
Oregon,5/1/2023,3477,2164,62.2,1.3,2086,78,4.8,3.6,138,26.6,-60,0.57,48,2.4,75,3.8
Pennsylvania,5/1/2023,10535,6540,62.1,-0.7,6306,234,-22.4,3.6,379,35.4,-145,0.62,117,1.9,198,3.3
Rhode Island,5/1/2023,909,579,63.7,-0.5,563,15,-26.1,2.7,30,25.0,-15,0.51,15,3.0,24,4.8
South Carolina,5/1/2023,4280,2487,58.1,0.3,2417,71,3.6,2.8,179,64.2,-108,0.39,70,3.1,112,4.9
South Dakota,5/1/2023,702,479,68.3,-0.9,471,9,-25.3,1.8,29,26.1,-20,0.30,11,2.4,19,4.1
Tennessee,5/1/2023,5667,3398,60.0,-1.5,3290,108,-6.2,3.2,233,66.4,-125,0.46,88,2.7,159,4.8
Texas,5/1/2023,23507,15217,64.7,0.9,14605,612,21.9,4.0,776,47.0,-164,0.79,334,2.4,617,4.5
Utah,5/1/2023,2592,1794,69.2,1.0,1748,47,14.7,2.6,117,56.0,-70,0.40,43,2.5,68,4.0
Vermont,5/1/2023,543,349,64.2,-1.7,342,6,-18.9,1.8,19,11.8,-13,0.33,7,2.3,14,4.5
Virginia,5/1/2023,6881,4546,66.1,0.4,4430,116,-9.1,2.6,266,20.9,-150,0.44,103,2.5,172,4.1
Washington,5/1/2023,6274,4026,64.2,-1.3,3866,160,6.9,4.0,180,-5.3,-20,0.89,72,2.0,111,3.1
West Virginia,5/1/2023,1431,788,55.1,0.1,758,30,-29.8,3.8,52,4.0,-22,0.57,21,3.0,32,4.5
Wisconsin,5/1/2023,4770,3124,65.5,-0.6,3038,86,-10.4,2.7,205,28.1,-119,0.42,72,2.4,117,3.9
Wyoming,5/1/2023,460,294,63.9,-2.0,286,8,-38.7,2.9,21,16.7,-13,0.40,9,3.1,12,4.1
Alabama,4/1/2023,4046,2306,57.0,-0.2,2253,53,-28.5,2.3,139,40.4,-86,0.38,62,2.9,91,4.2
Alaska,4/1/2023,549,357,65.0,0.6,342,15,-22.4,4.1,28,21.7,-13,0.52,11,3.4,20,6.2
Arizona,4/1/2023,5913,3665,62.0,0.0,3531,134,-20.7,3.7,217,38.2,-83,0.62,93,2.9,147,4.6
Arkansas,4/1/2023,2394,1381,57.7,-0.2,1341,40,-17.3,2.9,95,48.4,-55,0.42,41,3.0,60,4.4
California,4/1/2023,31342,19474,62.1,-0.9,18590,884,2.8,4.5,908,12.7,-24,0.97,342,1.9,553,3.1
Colorado,4/1/2023,4726,3224,68.2,-0.4,3124,100,0.3,3.1,236,84.4,-136,0.42,68,2.3,120,4.1
Connecticut,4/1/2023,2964,1904,64.2,-2.0,1845,59,-20.1,3.1,105,56.7,-46,0.57,38,2.2,61,3.6
Delaware,4/1/2023,833,509,61.1,0.0,489,19,13.0,3.8,33,50.0,-14,0.59,15,3.1,22,4.6
District of Columbia,4/1/2023,560,402,71.7,0.3,382,19,-15.9,4.8,41,32.3,-22,0.47,16,2.1,25,3.3
Florida,4/1/2023,18593,10981,59.1,-0.3,10673,307,-0.5,2.8,634,45.7,-327,0.49,278,2.9,359,3.7
Georgia,4/1/2023,8630,5354,62.0,-0.9,5182,172,-9.1,3.2,406,71.3,-234,0.42,163,3.3,242,4.9
Hawaii,4/1/2023,1129,681,60.3,-1.0,662,19,28.7,2.8,32,6.7,-13,0.60,13,2.1,21,3.3
Idaho,4/1/2023,1523,967,63.5,-0.7,938,29,14.2,3.0,57,46.2,-28,0.51,25,3.0,40,4.8
Illinois,4/1/2023,10113,6494,64.2,0.1,6221,274,10.3,4.2,374,44.4,-100,0.73,136,2.2,236,3.9
Indiana,4/1/2023,5387,3424,63.6,-0.6,3311,113,-3.1,3.3,168,7.7,-55,0.67,85,2.6,134,4.1
Iowa,4/1/2023,2526,1709,67.7,-1.5,1659,50,8.1,2.9,90,18.4,-40,0.55,38,2.4,56,3.5
Kansas,4/1/2023,2275,1527,67.1,0.0,1483,44,-6.7,2.9,83,22.1,-39,0.53,36,2.5,52,3.6
Kentucky,4/1/2023,3560,2055,57.7,-0.9,1971,84,-1.4,4.1,131,39.4,-47,0.64,65,3.2,85,4.2
Louisiana,4/1/2023,3567,2081,58.3,0.3,2007,73,-24.3,3.5,146,60.4,-73,0.50,66,3.4,92,4.7
Maine,4/1/2023,1165,691,59.3,-2.7,674,17,-21.8,2.5,46,43.8,-29,0.38,17,2.6,27,4.2
Maryland,4/1/2023,4927,3189,64.7,-4.5,3127,62,-46.5,1.9,202,23.9,-140,0.30,80,2.9,122,4.4
Massachusetts,4/1/2023,5829,3800,65.2,-1.1,3674,126,7.2,3.3,272,62.9,-146,0.46,66,1.8,121,3.3
Michigan,4/1/2023,8110,4982,61.4,0.1,4795,187,0.5,3.7,253,16.6,-66,0.74,92,2.1,162,3.6
Minnesota,4/1/2023,4546,3109,68.4,-1.6,3022,87,-20.9,2.8,183,33.6,-96,0.48,68,2.3,112,3.8
Mississippi,4/1/2023,2294,1251,54.5,-1.5,1211,39,-46.1,3.1,83,62.7,-44,0.47,34,2.9,47,4.0
Missouri,4/1/2023,4896,3099,63.3,-0.7,3008,91,-13.8,2.9,181,46.0,-90,0.50,72,2.4,104,3.5
Montana,4/1/2023,905,571,63.1,-0.5,557,14,-25.4,2.5,39,39.3,-25,0.37,17,3.3,28,5.4
Nebraska,4/1/2023,1532,1064,69.4,-0.7,1041,23,-28.3,2.1,59,18.0,-36,0.39,23,2.2,37,3.5
Nevada,4/1/2023,2559,1601,62.6,-1.6,1520,81,18.4,5.0,106,45.2,-25,0.76,38,2.5,68,4.5
New Hampshire,4/1/2023,1166,761,65.3,-2.9,745,17,-15.2,2.2,45,32.4,-28,0.37,19,2.7,29,4.2
New Jersey,4/1/2023,7538,4878,64.7,0.2,4676,203,4.0,4.2,226,15.3,-23,0.90,90,2.1,183,4.3
New Mexico,4/1/2023,1684,964,57.2,-0.6,929,35,-31.6,3.6,60,17.6,-25,0.58,20,2.3,35,4.0
New York,4/1/2023,16112,9826,61.0,0.1,9441,385,-6.8,3.9,406,-5.6,-21,0.95,160,1.7,308,3.2
North Carolina,4/1/2023,8575,5263,61.4,0.0,5082,181,-4.7,3.4,371,57.9,-190,0.49,129,2.6,176,3.6
North Dakota,4/1/2023,605,418,69.1,-0.2,409,8,-8.3,2.0,29,26.1,-21,0.29,12,2.7,18,4.1
Ohio,4/1/2023,9388,5826,62.1,-1.4,5625,201,-24.9,3.5,344,36.0,-143,0.58,133,2.4,207,3.7
Oklahoma,4/1/2023,3121,1954,62.6,1.8,1896,58,-0.7,2.9,123,44.7,-65,0.47,54,3.1,79,4.5
Oregon,4/1/2023,3476,2163,62.2,1.3,2086,78,4.2,3.6,118,8.3,-40,0.66,47,2.4,81,4.1
Pennsylvania,4/1/2023,10532,6533,62.0,-0.8,6295,238,-21.0,3.6,410,46.4,-172,0.58,120,2.0,175,2.9
Rhode Island,4/1/2023,909,578,63.6,-0.6,562,15,-25.8,2.7,32,33.3,-17,0.48,12,2.4,23,4.6
South Carolina,4/1/2023,4272,2482,58.1,0.2,2410,72,6.1,2.9,187,71.6,-115,0.39,76,3.3,112,4.9
South Dakota,4/1/2023,701,479,68.3,-0.9,470,9,-25.8,1.8,27,17.4,-18,0.32,12,2.6,19,4.1
Tennessee,4/1/2023,5660,3393,59.9,-1.5,3284,109,-5.3,3.2,232,65.7,-123,0.47,97,2.9,139,4.2
Texas,4/1/2023,23464,15186,64.7,0.8,14571,614,22.4,4.0,768,45.5,-154,0.80,374,2.7,602,4.3
Utah,4/1/2023,2586,1790,69.2,0.9,1744,46,13.2,2.6,105,40.0,-59,0.44,42,2.5,69,4.0
Vermont,4/1/2023,543,348,64.1,-1.7,342,6,-17.8,1.8,20,17.6,-14,0.32,7,2.3,13,4.2
Virginia,4/1/2023,6876,4544,66.1,0.5,4425,119,-6.9,2.6,334,51.8,-215,0.36,130,3.1,179,4.3
Washington,4/1/2023,6269,4022,64.2,-1.3,3863,159,6.6,4.0,176,-7.4,-17,0.91,74,2.1,115,3.2
West Virginia,4/1/2023,1431,787,55.0,0.1,758,29,-31.4,3.7,52,4.0,-23,0.56,23,3.2,33,4.7
Wisconsin,4/1/2023,4767,3118,65.4,-0.7,3036,83,-13.5,2.7,194,21.3,-111,0.43,68,2.3,99,3.3
Wyoming,4/1/2023,460,294,64.0,-1.9,286,9,-37.1,2.9,20,11.1,-11,0.43,8,2.8,16,5.5
Alabama,3/1/2023,4043,2300,56.9,-0.3,2248,53,-29.1,2.3,143,44.4,-90,0.37,78,3.6,103,4.8
Alaska,3/1/2023,549,356,64.9,0.5,342,15,-22.4,4.1,28,21.7,-13,0.52,12,3.7,20,6.2
Arizona,3/1/2023,5905,3655,61.9,-0.1,3521,133,-21.0,3.6,206,31.2,-73,0.65,94,3.0,139,4.4
Arkansas,3/1/2023,2392,1378,57.6,-0.3,1339,39,-18.0,2.9,92,43.8,-53,0.43,43,3.2,57,4.2
California,3/1/2023,31327,19449,62.1,-0.9,18570,879,2.2,4.5,937,16.3,-58,0.94,373,2.1,590,3.3
Colorado,3/1/2023,4720,3219,68.2,-0.5,3120,98,-1.5,3.1,269,110.2,-171,0.37,77,2.6,127,4.4
Connecticut,3/1/2023,2962,1903,64.3,-2.0,1843,61,-18.6,3.2,99,47.8,-38,0.61,37,2.2,57,3.4
Delaware,3/1/2023,832,508,61.0,0.0,488,20,14.2,3.9,34,54.5,-14,0.58,16,3.3,24,5.0
District of Columbia,3/1/2023,559,400,71.6,0.1,381,19,-15.6,4.8,39,25.8,-20,0.50,19,2.5,24,3.1
Florida,3/1/2023,18555,10950,59.0,-0.3,10643,307,-0.7,2.8,632,45.3,-325,0.49,276,2.9,368,3.8
Georgia,3/1/2023,8619,5344,62.0,-0.9,5171,172,-8.9,3.2,423,78.5,-251,0.41,208,4.3,243,5.0
Hawaii,3/1/2023,1129,681,60.3,-1.0,661,20,32.0,2.9,36,20.0,-16,0.55,14,2.2,23,3.6
Idaho,3/1/2023,1520,965,63.5,-0.7,936,29,12.5,3.0,55,41.0,-26,0.52,26,3.1,40,4.8
Illinois,3/1/2023,10108,6488,64.2,0.0,6212,276,11.1,4.2,394,52.1,-118,0.70,132,2.2,240,3.9
Indiana,3/1/2023,5384,3421,63.5,-0.6,3308,113,-3.3,3.3,178,14.1,-65,0.63,89,2.8,145,4.5
Iowa,3/1/2023,2525,1708,67.7,-1.5,1658,50,8.6,2.9,93,22.4,-43,0.54,39,2.5,59,3.7
Kansas,3/1/2023,2274,1526,67.1,0.0,1481,44,-4.8,2.9,83,22.1,-39,0.54,36,2.5,55,3.8
Kentucky,3/1/2023,3558,2053,57.7,-0.9,1970,83,-2.0,4.1,131,39.4,-48,0.64,68,3.4,108,5.4
Louisiana,3/1/2023,3566,2082,58.4,0.4,2007,74,-23.3,3.6,148,62.6,-74,0.50,70,3.6,104,5.3
Maine,3/1/2023,1164,690,59.3,-2.8,673,17,-22.4,2.5,48,50.0,-31,0.36,17,2.6,25,3.9
Maryland,3/1/2023,4924,3187,64.7,-4.6,3120,67,-42.0,2.1,188,15.3,-121,0.36,88,3.2,114,4.2
Massachusetts,3/1/2023,5825,3799,65.2,-1.1,3668,131,11.0,3.4,262,56.9,-131,0.50,65,1.8,120,3.2
Michigan,3/1/2023,8107,4965,61.2,-0.1,4775,190,2.2,3.8,260,19.8,-70,0.73,85,1.9,156,3.5
Minnesota,3/1/2023,4543,3104,68.3,-1.6,3018,87,-21.2,2.8,196,43.1,-109,0.44,67,2.3,103,3.5
Mississippi,3/1/2023,2293,1251,54.5,-1.5,1211,40,-45.2,3.2,80,56.9,-40,0.50,40,3.4,55,4.7
Missouri,3/1/2023,4893,3092,63.2,-0.8,3003,89,-15.7,2.9,196,58.1,-107,0.45,62,2.1,107,3.6
Montana,3/1/2023,904,570,63.1,-0.6,556,14,-26.2,2.5,38,35.7,-24,0.38,18,3.5,27,5.2
Nebraska,3/1/2023,1531,1062,69.4,-0.7,1040,23,-28.7,2.1,64,28.0,-41,0.36,21,2.0,50,4.8
Nevada,3/1/2023,2555,1598,62.5,-1.6,1516,82,19.5,5.1,102,39.7,-20,0.80,43,2.8,59,3.9
New Hampshire,3/1/2023,1165,761,65.3,-2.9,744,17,-13.7,2.2,48,41.2,-31,0.36,16,2.3,27,3.9
New Jersey,3/1/2023,7531,4872,64.7,0.2,4673,199,2.0,4.1,261,33.2,-62,0.76,84,2.0,142,3.3
New Mexico,3/1/2023,1683,961,57.1,-0.7,927,35,-31.6,3.6,58,13.7,-23,0.60,21,2.4,37,4.3
New York,3/1/2023,16104,9805,60.9,0.0,9417,388,-5.9,4.0,431,0.2,-43,0.90,162,1.7,307,3.2
North Carolina,3/1/2023,8562,5255,61.4,0.0,5073,182,-4.1,3.5,365,55.3,-183,0.50,141,2.9,212,4.3
North Dakota,3/1/2023,604,417,69.1,-0.2,409,8,-6.6,2.0,29,26.1,-21,0.29,11,2.5,20,4.6
Ohio,3/1/2023,9384,5818,62.0,-1.5,5613,205,-23.4,3.5,315,24.5,-110,0.65,127,2.3,197,3.5
Oklahoma,3/1/2023,3118,1948,62.5,1.7,1890,57,-1.2,2.9,124,45.9,-67,0.46,60,3.4,84,4.8
Oregon,3/1/2023,3474,2162,62.2,1.2,2083,78,5.4,3.6,120,10.1,-42,0.65,52,2.6,81,4.1
Pennsylvania,3/1/2023,10529,6525,62.0,-0.8,6282,243,-19.2,3.7,421,50.4,-178,0.58,95,1.6,173,2.9
Rhode Island,3/1/2023,908,577,63.5,-0.7,561,16,-24.4,2.7,36,50.0,-20,0.44,11,2.2,22,4.4
South Carolina,3/1/2023,4264,2475,58.0,0.2,2402,74,8.2,3.0,170,56.0,-96,0.43,75,3.3,112,4.9
South Dakota,3/1/2023,701,478,68.2,-1.0,469,9,-25.6,1.8,31,34.8,-22,0.28,12,2.6,22,4.8
Tennessee,3/1/2023,5654,3386,59.9,-1.5,3275,111,-3.8,3.3,240,71.4,-129,0.46,108,3.3,148,4.5
Texas,3/1/2023,23419,15148,64.7,0.8,14531,617,22.9,4.1,850,61.0,-233,0.73,428,3.1,590,4.3
Utah,3/1/2023,2581,1786,69.2,0.9,1740,46,12.5,2.6,107,42.7,-61,0.43,45,2.6,71,4.2
Vermont,3/1/2023,543,347,64.0,-1.8,341,7,-14.4,1.9,20,17.6,-13,0.33,7,2.3,12,3.9
Virginia,3/1/2023,6871,4539,66.1,0.4,4416,123,-3.8,2.7,327,48.6,-204,0.38,120,2.9,182,4.4
Washington,3/1/2023,6263,4017,64.1,-1.3,3856,161,7.5,4.0,179,-5.8,-18,0.90,74,2.1,115,3.2
West Virginia,3/1/2023,1431,786,54.9,0.0,758,28,-32.6,3.6,55,10.0,-27,0.52,24,3.4,34,4.8
Wisconsin,3/1/2023,4764,3111,65.3,-0.8,3030,81,-15.8,2.6,191,19.4,-110,0.42,68,2.3,111,3.7
Wyoming,3/1/2023,460,294,64.0,-1.8,285,9,-35.0,3.0,20,11.1,-11,0.45,9,3.1,14,4.8
Alabama,2/1/2023,4040,2294,56.8,-0.4,2242,52,-29.3,2.3,148,49.5,-96,0.35,60,2.8,98,4.6
Alaska,2/1/2023,549,356,64.9,0.4,341,15,-22.3,4.1,29,26.1,-14,0.50,12,3.7,22,6.8
Arizona,2/1/2023,5898,3644,61.8,-0.2,3511,133,-21.1,3.7,218,38.9,-85,0.61,88,2.8,145,4.6
Arkansas,2/1/2023,2390,1376,57.6,-0.3,1336,40,-17.5,2.9,96,50.0,-56,0.41,37,2.8,59,4.4
California,2/1/2023,31314,19425,62.0,-1.0,18554,871,1.3,4.5,972,20.6,-101,0.90,410,2.3,672,3.8
Colorado,2/1/2023,4715,3211,68.1,-0.5,3115,97,-3.1,3.0,268,109.4,-171,0.36,85,2.9,117,4.0
Connecticut,2/1/2023,2960,1903,64.3,-2.0,1841,62,-16.5,3.3,101,50.7,-39,0.61,34,2.0,59,3.5
Delaware,2/1/2023,831,506,61.0,-0.1,486,20,16.0,3.9,37,68.2,-17,0.54,16,3.3,25,5.2
District of Columbia,2/1/2023,559,399,71.4,-0.1,379,19,-16.0,4.8,46,48.4,-27,0.42,16,2.1,22,2.9
Florida,2/1/2023,18518,10915,58.9,-0.4,10608,306,-0.9,2.8,674,54.9,-368,0.45,264,2.7,406,4.2
Georgia,2/1/2023,8608,5332,61.9,-1.0,5160,173,-8.7,3.2,395,66.7,-222,0.44,164,3.4,240,4.9
Hawaii,2/1/2023,1129,680,60.3,-1.1,660,20,35.9,3.0,35,16.7,-15,0.58,14,2.2,22,3.5
Idaho,2/1/2023,1518,962,63.4,-0.8,934,29,11.4,3.0,67,71.8,-38,0.43,31,3.7,51,6.1
Illinois,2/1/2023,10103,6482,64.2,0.0,6202,280,12.9,4.3,436,68.3,-156,0.64,137,2.2,255,4.2
Indiana,2/1/2023,5380,3415,63.5,-0.7,3303,113,-3.6,3.3,198,26.9,-85,0.57,92,2.9,145,4.5
Iowa,2/1/2023,2523,1707,67.7,-1.5,1656,51,9.9,3.0,107,40.8,-56,0.47,40,2.5,69,4.4
Kansas,2/1/2023,2272,1524,67.1,0.0,1479,45,-3.3,3.0,89,30.9,-44,0.51,36,2.5,58,4.0
Kentucky,2/1/2023,3555,2051,57.7,-0.9,1967,83,-2.2,4.1,159,69.1,-76,0.52,67,3.3,97,4.8
Louisiana,2/1/2023,3565,2081,58.4,0.4,2006,75,-23.0,3.6,160,75.8,-85,0.47,67,3.4,100,5.1
Maine,2/1/2023,1163,688,59.2,-2.9,671,17,-22.2,2.5,41,28.1,-24,0.42,15,2.3,26,4.0
Maryland,2/1/2023,4922,3184,64.7,-4.6,3113,71,-38.4,2.2,216,32.5,-145,0.33,65,2.4,125,4.6
Massachusetts,2/1/2023,5821,3794,65.2,-1.1,3661,133,13.0,3.5,258,54.5,-125,0.52,52,1.4,151,4.1
Michigan,2/1/2023,8104,4947,61.0,-0.3,4753,194,4.3,3.9,279,28.6,-85,0.69,97,2.2,178,4.0
Minnesota,2/1/2023,4540,3098,68.2,-1.7,3012,86,-21.8,2.8,207,51.1,-121,0.42,71,2.4,106,3.6
Mississippi,2/1/2023,2292,1251,54.6,-1.5,1209,41,-43.7,3.3,86,68.6,-45,0.48,32,2.7,54,4.6
Missouri,2/1/2023,4890,3085,63.1,-0.9,2997,87,-17.1,2.8,201,62.1,-114,0.43,71,2.4,110,3.7
Montana,2/1/2023,903,569,63.0,-0.6,555,14,-26.9,2.5,43,53.6,-29,0.33,19,3.7,29,5.6
Nebraska,2/1/2023,1529,1061,69.4,-0.7,1038,23,-28.3,2.2,67,34.0,-44,0.34,24,2.3,39,3.7
Nevada,2/1/2023,2552,1594,62.5,-1.7,1512,82,20.7,5.2,105,43.8,-23,0.78,42,2.8,68,4.5
New Hampshire,2/1/2023,1165,761,65.4,-2.9,744,18,-11.1,2.3,50,47.1,-32,0.35,17,2.4,30,4.3
New Jersey,2/1/2023,7524,4863,64.6,0.2,4668,195,-0.1,4.0,258,31.6,-63,0.76,81,1.9,147,3.4
New Mexico,2/1/2023,1682,958,57.0,-0.9,924,35,-31.8,3.6,65,27.5,-30,0.53,24,2.8,38,4.4
New York,2/1/2023,16096,9782,60.8,-0.1,9391,392,-5.1,4.0,464,7.9,-72,0.84,168,1.7,298,3.1
North Carolina,2/1/2023,8549,5244,61.3,0.0,5060,184,-3.1,3.5,350,48.9,-166,0.53,134,2.7,203,4.1
North Dakota,2/1/2023,604,417,69.0,-0.3,408,9,-5.1,2.1,30,30.4,-21,0.29,11,2.5,19,4.4
Ohio,2/1/2023,9379,5809,61.9,-1.6,5598,211,-21.2,3.6,370,46.2,-159,0.57,139,2.5,234,4.2
Oklahoma,2/1/2023,3115,1941,62.3,1.5,1883,57,-1.3,3.0,131,54.1,-74,0.44,50,2.9,83,4.8
Oregon,2/1/2023,3473,2159,62.2,1.2,2079,81,8.2,3.7,169,55.0,-88,0.48,62,3.1,105,5.3
Pennsylvania,2/1/2023,10526,6516,61.9,-0.9,6268,248,-17.5,3.8,406,45.0,-158,0.61,121,2.0,190,3.1
Rhode Island,2/1/2023,908,576,63.5,-0.7,560,16,-23.0,2.8,31,29.2,-15,0.52,10,2.0,20,4.0
South Carolina,2/1/2023,4257,2467,58.0,0.1,2393,75,9.5,3.0,185,69.7,-110,0.40,77,3.4,119,5.2
South Dakota,2/1/2023,700,477,68.2,-1.0,469,9,-25.1,1.8,30,30.4,-21,0.29,12,2.6,21,4.6
Tennessee,2/1/2023,5647,3378,59.8,-1.6,3266,112,-2.4,3.3,268,91.4,-156,0.42,94,2.8,150,4.5
Texas,2/1/2023,23375,15102,64.6,0.7,14484,617,23.0,4.1,875,65.7,-258,0.71,390,2.8,605,4.4
Utah,2/1/2023,2576,1781,69.1,0.9,1735,46,12.1,2.6,110,46.7,-64,0.41,46,2.7,75,4.4
Vermont,2/1/2023,543,347,63.9,-1.9,340,7,-9.4,2.0,20,17.6,-13,0.35,7,2.3,13,4.2
Virginia,2/1/2023,6867,4530,66.0,0.3,4403,126,-1.0,2.8,345,56.8,-219,0.37,92,2.2,182,4.4
Washington,2/1/2023,6257,4012,64.1,-1.3,3849,163,8.8,4.1,210,10.5,-47,0.77,84,2.3,124,3.5
West Virginia,2/1/2023,1431,785,54.8,-0.1,757,28,-33.3,3.6,70,40.0,-42,0.40,23,3.3,36,5.1
Wisconsin,2/1/2023,4761,3103,65.2,-1.0,3023,80,-16.7,2.6,231,44.4,-151,0.35,71,2.4,119,4.0
Wyoming,2/1/2023,459,294,64.1,-1.8,285,9,-32.6,3.1,22,22.2,-13,0.42,10,3.5,15,5.2
Alabama,1/1/2023,4037,2288,56.7,-0.6,2236,53,-28.9,2.3,155,56.6,-102,0.34,69,3.2,110,5.1
Alaska,1/1/2023,548,355,64.8,0.3,340,15,-22.2,4.1,32,39.1,-17,0.46,14,4.3,19,5.9
Arizona,1/1/2023,5890,3634,61.7,-0.3,3500,134,-20.8,3.7,221,40.8,-87,0.60,95,3.0,134,4.3
Arkansas,1/1/2023,2388,1373,57.5,-0.4,1333,40,-16.2,2.9,98,53.1,-58,0.41,41,3.1,67,5.0
California,1/1/2023,31301,19397,62.0,-1.1,18538,859,-0.1,4.4,1217,51.0,-358,0.71,396,2.2,562,3.2
Colorado,1/1/2023,4709,3204,68.0,-0.6,3108,95,-4.4,3.0,268,109.4,-173,0.36,92,3.2,108,3.7
Connecticut,1/1/2023,2959,1903,64.3,-2.0,1839,64,-14.0,3.4,111,65.7,-47,0.58,35,2.1,60,3.6
Delaware,1/1/2023,830,505,60.9,-0.2,485,20,17.9,4.0,37,68.2,-17,0.55,15,3.1,25,5.2
District of Columbia,1/1/2023,558,397,71.2,-0.3,378,19,-17.4,4.8,44,41.9,-25,0.43,16,2.1,23,3.0
Florida,1/1/2023,18481,10879,58.9,-0.4,10572,307,-0.8,2.8,643,47.8,-336,0.48,308,3.2,361,3.8
Georgia,1/1/2023,8597,5320,61.9,-1.0,5148,173,-8.7,3.2,365,54.0,-192,0.47,153,3.1,241,5.0
Hawaii,1/1/2023,1129,680,60.2,-1.1,659,21,39.5,3.1,41,36.7,-20,0.51,17,2.7,22,3.5
Idaho,1/1/2023,1516,960,63.3,-0.9,931,28,10.9,3.0,71,82.1,-43,0.40,40,4.8,41,4.9
Illinois,1/1/2023,10099,6476,64.1,0.0,6191,286,15.1,4.4,449,73.4,-163,0.64,135,2.2,237,3.9
Indiana,1/1/2023,5377,3408,63.4,-0.8,3296,112,-4.2,3.3,209,34.0,-97,0.54,95,3.0,140,4.4
Iowa,1/1/2023,2522,1706,67.7,-1.5,1655,51,11.5,3.0,119,56.6,-68,0.43,40,2.5,64,4.0
Kansas,1/1/2023,2271,1522,67.0,-0.1,1476,46,-2.6,3.0,106,55.9,-60,0.43,39,2.7,62,4.3
Kentucky,1/1/2023,3553,2048,57.6,-1.0,1965,83,-2.2,4.1,145,54.3,-62,0.57,68,3.4,90,4.5
Louisiana,1/1/2023,3565,2077,58.3,0.3,2003,74,-23.7,3.6,160,75.8,-86,0.46,64,3.3,105,5.4
Maine,1/1/2023,1162,687,59.1,-2.9,669,18,-20.9,2.6,44,37.5,-26,0.40,18,2.8,27,4.2
Maryland,1/1/2023,4921,3181,64.6,-4.6,3106,74,-35.3,2.3,204,25.2,-130,0.36,76,2.8,114,4.2
Massachusetts,1/1/2023,5817,3787,65.1,-1.2,3654,133,12.9,3.5,270,61.7,-137,0.49,64,1.7,120,3.2
Michigan,1/1/2023,8102,4928,60.8,-0.5,4730,198,6.4,4.0,314,44.7,-116,0.63,115,2.6,175,4.0
Minnesota,1/1/2023,4538,3090,68.1,-1.9,3006,85,-22.8,2.7,230,67.9,-145,0.37,64,2.2,121,4.1
Mississippi,1/1/2023,2292,1250,54.6,-1.4,1208,43,-41.7,3.4,87,70.6,-44,0.49,36,3.1,56,4.8
Missouri,1/1/2023,4888,3077,63.0,-1.0,2991,86,-18.0,2.8,227,83.1,-141,0.38,72,2.4,126,4.3
Montana,1/1/2023,902,567,62.9,-0.8,553,14,-27.3,2.5,46,64.3,-32,0.31,20,3.9,27,5.3
Nebraska,1/1/2023,1528,1059,69.3,-0.8,1036,23,-27.1,2.2,75,50.0,-52,0.31,24,2.3,41,4.0
Nevada,1/1/2023,2549,1591,62.4,-1.8,1508,83,21.7,5.2,107,46.6,-24,0.78,47,3.1,66,4.4
New Hampshire,1/1/2023,1164,761,65.4,-2.8,743,18,-7.9,2.4,49,44.1,-31,0.37,16,2.3,30,4.3
New Jersey,1/1/2023,7517,4852,64.5,0.1,4662,190,-2.6,3.9,259,32.1,-69,0.73,84,2.0,153,3.6
New Mexico,1/1/2023,1681,955,56.8,-1.0,920,34,-32.0,3.6,65,27.5,-31,0.53,24,2.8,34,3.9
New York,1/1/2023,16089,9759,60.7,-0.3,9365,393,-4.6,4.0,468,8.8,-75,0.84,174,1.8,305,3.2
North Carolina,1/1/2023,8537,5232,61.3,-0.1,5045,186,-1.8,3.6,342,45.5,-156,0.55,136,2.8,247,5.1
North Dakota,1/1/2023,603,416,69.0,-0.3,407,9,-3.8,2.1,32,39.1,-23,0.27,13,3.0,18,4.2
Ohio,1/1/2023,9376,5797,61.8,-1.7,5580,218,-18.7,3.8,432,70.8,-214,0.50,146,2.6,202,3.6
Oklahoma,1/1/2023,3112,1933,62.1,1.3,1875,58,-0.8,3.0,124,45.9,-66,0.46,51,2.9,84,4.9
Oregon,1/1/2023,3472,2157,62.1,1.1,2073,84,12.4,3.9,147,34.9,-63,0.57,57,2.9,79,4.0
Pennsylvania,1/1/2023,10523,6506,61.8,-1.0,6254,252,-16.3,3.9,443,58.2,-191,0.57,124,2.1,179,3.0
Rhode Island,1/1/2023,907,576,63.4,-0.8,559,16,-21.4,2.9,36,50.0,-20,0.46,12,2.4,21,4.2
South Carolina,1/1/2023,4249,2458,57.9,0.0,2383,75,10.5,3.1,190,74.3,-115,0.40,79,3.5,130,5.7
South Dakota,1/1/2023,699,476,68.1,-1.1,468,9,-24.1,1.8,31,34.8,-22,0.28,14,3.1,19,4.2
Tennessee,1/1/2023,5640,3372,59.8,-1.6,3258,114,-1.3,3.4,252,80.0,-138,0.45,102,3.1,153,4.7
Texas,1/1/2023,23332,15048,64.5,0.6,14434,614,22.4,4.1,956,81.1,-342,0.64,423,3.1,594,4.3
Utah,1/1/2023,2571,1775,69.0,0.8,1730,45,11.7,2.6,129,72.0,-84,0.35,63,3.7,73,4.3
Vermont,1/1/2023,543,346,63.8,-2.1,339,7,-3.9,2.1,21,23.5,-14,0.35,8,2.6,13,4.3
Virginia,1/1/2023,6862,4517,65.8,0.2,4388,129,1.0,2.9,338,53.6,-209,0.38,112,2.7,178,4.3
Washington,1/1/2023,6252,4006,64.1,-1.4,3841,165,10.3,4.1,247,30.0,-82,0.67,89,2.5,122,3.4
West Virginia,1/1/2023,1431,784,54.8,-0.2,756,28,-33.5,3.6,65,30.0,-37,0.43,23,3.3,35,5.0
Wisconsin,1/1/2023,4758,3096,65.1,-1.1,3015,80,-16.2,2.6,253,58.1,-173,0.32,70,2.3,112,3.7
Wyoming,1/1/2023,459,294,64.1,-1.8,284,10,-30.2,3.3,25,38.9,-15,0.38,11,3.8,15,5.2
Alabama,12/1/2022,4035,2283,56.6,-0.6,2230,53,-27.9,2.3,152,53.5,-99,0.35,75,3.5,104,4.9
Alaska,12/1/2022,548,354,64.7,0.2,340,15,-22.2,4.1,30,30.4,-15,0.49,14,4.4,19,5.9
Arizona,12/1/2022,5883,3625,61.6,-0.4,3490,135,-20.0,3.7,230,46.5,-95,0.59,94,3.0,143,4.5
Arkansas,12/1/2022,2387,1371,57.4,-0.5,1329,41,-14.3,3.0,98,53.1,-57,0.42,43,3.2,65,4.8
California,12/1/2022,31288,19363,61.9,-1.1,18519,844,-1.9,4.4,1186,47.1,-342,0.71,423,2.4,591,3.3
Colorado,12/1/2022,4704,3196,67.9,-0.7,3101,95,-5.2,3.0,209,63.3,-114,0.45,100,3.5,120,4.1
Connecticut,12/1/2022,2957,1903,64.4,-1.9,1837,66,-11.2,3.5,194,189.6,-128,0.34,41,2.4,66,3.9
Delaware,12/1/2022,829,504,60.8,-0.2,483,21,19.6,4.1,37,68.2,-16,0.56,18,3.8,26,5.4
District of Columbia,12/1/2022,557,396,71.0,-0.4,377,18,-19.6,4.7,44,41.9,-26,0.42,15,2.0,25,3.3
Florida,12/1/2022,18445,10846,58.8,-0.5,10538,308,-0.4,2.8,707,62.5,-399,0.44,266,2.8,372,3.9
Georgia,12/1/2022,8587,5308,61.8,-1.1,5135,172,-8.9,3.2,416,75.5,-244,0.41,182,3.7,226,4.7
Hawaii,12/1/2022,1129,679,60.2,-1.2,658,21,42.7,3.1,33,10.0,-12,0.65,15,2.4,21,3.3
Idaho,12/1/2022,1514,957,63.3,-0.9,929,28,10.9,3.0,64,64.1,-36,0.44,28,3.3,42,5.0
Illinois,12/1/2022,10096,6471,64.1,-0.1,6180,291,17.2,4.5,397,53.3,-106,0.73,129,2.1,229,3.8
Indiana,12/1/2022,5374,3402,63.3,-0.9,3291,111,-5.1,3.3,214,37.2,-103,0.52,96,3.0,142,4.4
Iowa,12/1/2022,2521,1706,67.6,-1.5,1653,52,13.3,3.1,112,47.4,-60,0.47,42,2.7,66,4.2
Kansas,12/1/2022,2270,1519,66.9,-0.2,1474,46,-2.5,3.0,94,38.2,-48,0.48,36,2.5,54,3.8
Kentucky,12/1/2022,3551,2046,57.6,-1.0,1962,84,-2.0,4.1,158,68.1,-74,0.53,63,3.2,93,4.7
Louisiana,12/1/2022,3565,2073,58.2,0.2,2000,73,-24.5,3.5,162,78.0,-89,0.45,66,3.4,93,4.8
Maine,12/1/2022,1161,686,59.1,-3.0,668,18,-19.1,2.6,44,37.5,-26,0.41,16,2.5,28,4.4
Maryland,12/1/2022,4919,3178,64.6,-4.7,3099,79,-31.8,2.5,200,22.7,-121,0.39,86,3.2,117,4.3
Massachusetts,12/1/2022,5814,3783,65.1,-1.3,3648,135,14.4,3.6,243,45.5,-108,0.55,67,1.8,132,3.6
Michigan,12/1/2022,8100,4909,60.6,-0.7,4709,200,7.7,4.1,286,31.8,-86,0.70,95,2.2,167,3.8
Minnesota,12/1/2022,4536,3084,68.0,-2.0,3000,83,-24.2,2.7,197,43.8,-114,0.42,74,2.5,104,3.5
Mississippi,12/1/2022,2291,1251,54.6,-1.4,1207,44,-39.5,3.5,89,74.5,-45,0.50,40,3.4,56,4.8
Missouri,12/1/2022,4886,3071,62.8,-1.1,2985,86,-18.3,2.8,198,59.7,-112,0.43,69,2.3,105,3.6
Montana,12/1/2022,901,566,62.8,-0.9,552,14,-26.9,2.5,41,46.4,-27,0.34,20,3.9,28,5.4
Nebraska,12/1/2022,1527,1058,69.3,-0.8,1034,24,-25.3,2.2,64,28.0,-40,0.37,24,2.3,41,4.0
Nevada,12/1/2022,2546,1587,62.3,-1.8,1504,84,22.4,5.3,96,31.5,-12,0.87,49,3.3,66,4.4
New Hampshire,12/1/2022,1164,762,65.4,-2.8,743,19,-4.5,2.5,52,52.9,-33,0.36,16,2.3,28,4.0
New Jersey,12/1/2022,7511,4841,64.5,0.0,4656,184,-5.5,3.8,237,20.9,-53,0.78,84,2.0,151,3.5
New Mexico,12/1/2022,1680,952,56.6,-1.2,917,34,-32.4,3.6,67,31.4,-33,0.51,22,2.6,35,4.1
New York,12/1/2022,16082,9736,60.5,-0.4,9342,394,-4.5,4.0,475,10.5,-81,0.83,163,1.7,279,2.9
North Carolina,12/1/2022,8525,5220,61.2,-0.1,5031,189,-0.1,3.6,357,51.9,-168,0.53,143,2.9,233,4.8
North Dakota,12/1/2022,603,415,68.9,-0.4,406,9,-2.5,2.1,32,39.1,-23,0.28,12,2.8,21,4.8
Ohio,12/1/2022,9373,5786,61.7,-1.8,5561,225,-16.1,3.9,366,44.7,-141,0.61,133,2.4,215,3.9
Oklahoma,12/1/2022,3109,1925,61.9,1.1,1867,58,0.2,3.0,130,52.9,-72,0.45,58,3.4,83,4.8
Oregon,12/1/2022,3471,2156,62.1,1.1,2069,87,16.9,4.0,140,28.4,-53,0.62,59,3.0,79,4.0
Pennsylvania,12/1/2022,10522,6497,61.7,-1.1,6241,255,-15.2,3.9,435,55.4,-180,0.59,115,1.9,182,3.0
Rhode Island,12/1/2022,907,575,63.4,-0.8,558,17,-18.4,3.0,34,41.7,-17,0.50,11,2.2,19,3.8
South Carolina,12/1/2022,4242,2449,57.7,-0.1,2373,76,11.8,3.1,181,66.1,-105,0.42,73,3.2,110,4.9
South Dakota,12/1/2022,699,476,68.1,-1.1,467,9,-22.6,1.9,28,21.7,-19,0.32,13,2.9,19,4.2
Tennessee,12/1/2022,5634,3369,59.8,-1.6,3254,115,-0.4,3.4,262,87.1,-147,0.44,113,3.4,160,4.9
Texas,12/1/2022,23290,14990,64.4,0.5,14383,607,21.0,4.1,888,68.2,-281,0.68,431,3.2,602,4.4
Utah,12/1/2022,2566,1769,68.9,0.7,1724,45,11.0,2.6,116,54.7,-71,0.39,51,3.0,71,4.2
Vermont,12/1/2022,543,345,63.6,-2.2,337,8,1.1,2.2,23,35.3,-15,0.34,7,2.3,13,4.2
Virginia,12/1/2022,6858,4500,65.6,0.0,4370,130,2.1,2.9,328,49.1,-198,0.40,115,2.8,181,4.4
Washington,12/1/2022,6247,3999,64.0,-1.4,3833,167,11.5,4.2,205,7.9,-38,0.81,87,2.4,126,3.5
West Virginia,12/1/2022,1432,783,54.7,-0.3,754,28,-33.0,3.6,63,26.0,-35,0.45,24,3.4,34,4.8
Wisconsin,12/1/2022,4756,3090,65.0,-1.2,3008,82,-14.5,2.7,268,67.5,-186,0.31,66,2.2,109,3.6
Wyoming,12/1/2022,458,294,64.1,-1.8,284,10,-28.1,3.4,21,16.7,-11,0.47,11,3.8,15,5.2
Alabama,11/1/2022,4032,2279,56.5,-0.7,2225,55,-26.2,2.4,154,55.6,-99,0.35,70,3.3,110,5.2
Alaska,11/1/2022,548,354,64.6,0.1,339,15,-22.5,4.1,28,21.7,-13,0.52,14,4.4,19,6.0
Arizona,11/1/2022,5875,3617,61.6,-0.4,3481,137,-19.0,3.8,233,48.4,-96,0.59,102,3.2,146,4.6
Arkansas,11/1/2022,2385,1369,57.4,-0.5,1326,42,-12.1,3.1,99,54.7,-57,0.43,39,2.9,60,4.5
California,11/1/2022,31274,19324,61.8,-1.2,18499,824,-4.2,4.3,1182,46.7,-358,0.70,356,2.0,599,3.4
Colorado,11/1/2022,4699,3188,67.9,-0.8,3095,94,-6.2,2.9,247,93.0,-153,0.38,64,2.2,136,4.7
Connecticut,11/1/2022,2955,1904,64.4,-1.8,1836,68,-8.4,3.6,109,62.7,-41,0.63,32,1.9,56,3.3
Delaware,11/1/2022,828,502,60.7,-0.3,482,21,20.8,4.1,38,72.7,-17,0.55,19,4.0,26,5.5
District of Columbia,11/1/2022,557,395,71.0,-0.5,377,18,-22.3,4.5,40,29.0,-22,0.45,18,2.4,23,3.0
Florida,11/1/2022,18407,10817,58.8,-0.5,10507,310,0.3,2.9,554,27.4,-244,0.56,274,2.9,373,3.9
Georgia,11/1/2022,8576,5296,61.7,-1.2,5124,172,-9.2,3.2,397,67.5,-225,0.43,166,3.4,246,5.1
Hawaii,11/1/2022,1129,679,60.1,-1.2,657,22,45.5,3.2,35,16.7,-13,0.62,13,2.1,23,3.7
Idaho,11/1/2022,1511,956,63.2,-0.9,927,29,11.3,3.0,62,59.0,-33,0.46,25,3.0,41,4.9
Illinois,11/1/2022,10091,6468,64.1,-0.1,6173,294,18.6,4.5,364,40.5,-70,0.81,133,2.2,237,3.9
Indiana,11/1/2022,5371,3397,63.2,-0.9,3287,110,-6.1,3.2,202,29.5,-92,0.54,84,2.6,133,4.1
Iowa,11/1/2022,2520,1705,67.7,-1.5,1652,53,14.8,3.1,118,55.3,-65,0.45,44,2.8,64,4.0
Kansas,11/1/2022,2269,1516,66.8,-0.3,1471,45,-3.0,3.0,93,36.8,-48,0.49,38,2.7,57,4.0
Kentucky,11/1/2022,3549,2044,57.6,-1.0,1960,84,-1.7,4.1,136,44.7,-52,0.62,59,3.0,90,4.5
Louisiana,11/1/2022,3565,2070,58.1,0.1,1997,73,-24.7,3.5,161,76.9,-88,0.45,61,3.1,94,4.8
Maine,11/1/2022,1160,684,59.0,-3.0,666,18,-17.7,2.7,44,37.5,-26,0.41,16,2.5,25,3.9
Maryland,11/1/2022,4917,3178,64.6,-4.6,3094,84,-27.0,2.6,198,21.5,-114,0.42,79,2.9,126,4.6
Massachusetts,11/1/2022,5810,3780,65.1,-1.3,3644,137,16.1,3.6,259,55.1,-122,0.53,68,1.8,136,3.7
Michigan,11/1/2022,8097,4892,60.4,-0.9,4692,200,7.7,4.1,276,27.2,-76,0.72,104,2.4,164,3.7
Minnesota,11/1/2022,4534,3078,67.9,-2.1,2997,81,-26.0,2.6,191,39.4,-110,0.43,74,2.5,101,3.4
Mississippi,11/1/2022,2291,1252,54.6,-1.4,1206,46,-37.6,3.6,84,64.7,-38,0.54,40,3.4,55,4.7
Missouri,11/1/2022,4884,3065,62.8,-1.2,2980,86,-18.5,2.8,199,60.5,-113,0.43,73,2.5,101,3.4
Montana,11/1/2022,901,565,62.7,-1.0,550,14,-25.9,2.5,43,53.6,-29,0.33,19,3.7,29,5.6
Nebraska,11/1/2022,1526,1057,69.3,-0.8,1033,24,-23.3,2.3,59,18.0,-35,0.41,23,2.2,39,3.8
Nevada,11/1/2022,2543,1584,62.3,-1.9,1500,84,22.6,5.3,105,43.8,-21,0.80,47,3.1,69,4.6
New Hampshire,11/1/2022,1163,762,65.5,-2.7,742,19,-1.8,2.5,58,70.6,-39,0.33,18,2.6,29,4.2
New Jersey,11/1/2022,7504,4829,64.4,-0.1,4651,178,-9.0,3.7,258,31.6,-80,0.69,88,2.1,149,3.5
New Mexico,11/1/2022,1679,949,56.5,-1.3,915,34,-33.0,3.6,66,29.4,-32,0.51,21,2.4,38,4.4
New York,11/1/2022,16074,9715,60.4,-0.5,9322,393,-4.9,4.0,537,24.9,-144,0.73,168,1.8,275,2.9
North Carolina,11/1/2022,8512,5210,61.2,-0.2,5018,193,1.5,3.7,389,65.5,-196,0.50,150,3.1,240,4.9
North Dakota,11/1/2022,602,414,68.8,-0.5,405,9,-1.4,2.2,29,26.1,-20,0.31,11,2.5,18,4.2
Ohio,11/1/2022,9369,5777,61.7,-1.8,5545,231,-13.6,4.0,357,41.1,-126,0.65,134,2.4,222,4.0
Oklahoma,11/1/2022,3106,1918,61.8,1.0,1859,59,1.5,3.1,124,45.9,-65,0.47,50,2.9,79,4.6
Oregon,11/1/2022,3470,2156,62.1,1.1,2066,90,20.6,4.2,147,34.9,-57,0.61,53,2.7,94,4.8
Pennsylvania,11/1/2022,10519,6488,61.7,-1.1,6230,258,-14.3,4.0,406,45.0,-148,0.64,115,1.9,174,2.9
Rhode Island,11/1/2022,907,575,63.5,-0.7,558,18,-14.5,3.1,36,50.0,-18,0.50,12,2.4,20,4.0
South Carolina,11/1/2022,4234,2441,57.7,-0.2,2364,77,12.9,3.2,174,59.6,-97,0.44,70,3.1,107,4.7
South Dakota,11/1/2022,698,475,68.1,-1.1,466,9,-20.9,1.9,26,13.0,-17,0.35,12,2.6,19,4.2
Tennessee,11/1/2022,5628,3367,59.8,-1.6,3252,115,-0.1,3.4,250,78.6,-135,0.46,123,3.8,167,5.1
Texas,11/1/2022,23246,14931,64.2,0.4,14334,597,19.0,4.0,928,75.8,-331,0.64,413,3.0,566,4.1
Utah,11/1/2022,2561,1763,68.9,0.6,1719,45,9.7,2.5,112,49.3,-67,0.40,47,2.8,73,4.3
Vermont,11/1/2022,542,344,63.5,-2.3,336,8,4.7,2.3,23,35.3,-15,0.35,7,2.3,13,4.3
Virginia,11/1/2022,6854,4483,65.4,-0.2,4353,130,1.8,2.9,354,60.9,-224,0.37,124,3.0,165,4.0
Washington,11/1/2022,6242,3993,64.0,-1.4,3825,168,12.2,4.2,213,12.1,-45,0.79,74,2.1,133,3.7
West Virginia,11/1/2022,1432,781,54.6,-0.4,753,29,-31.8,3.7,66,32.0,-37,0.44,24,3.4,38,5.4
Wisconsin,11/1/2022,4753,3086,64.9,-1.2,3002,84,-12.1,2.7,239,49.4,-155,0.35,71,2.4,106,3.5
Wyoming,11/1/2022,458,293,64.1,-1.8,283,10,-26.5,3.4,22,22.2,-12,0.46,10,3.5,15,5.2
Alabama,10/1/2022,4029,2278,56.5,-0.7,2222,56,-24.4,2.5,153,54.5,-97,0.37,69,3.2,110,5.2
Alaska,10/1/2022,547,353,64.5,0.0,339,14,-23.4,4.1,28,21.7,-14,0.52,13,4.1,20,6.3
Arizona,10/1/2022,5867,3611,61.5,-0.5,3473,138,-18.2,3.8,235,49.7,-97,0.59,95,3.0,147,4.7
Arkansas,10/1/2022,2383,1367,57.4,-0.5,1324,43,-10.3,3.2,99,54.7,-56,0.44,41,3.1,59,4.4
California,10/1/2022,31259,19279,61.7,-1.3,18481,798,-7.3,4.1,1166,44.7,-368,0.68,381,2.1,582,3.3
Colorado,10/1/2022,4693,3182,67.8,-0.9,3090,91,-8.4,2.9,208,62.5,-117,0.44,79,2.7,122,4.2
Connecticut,10/1/2022,2953,1906,64.5,-1.7,1836,70,-6.3,3.7,132,97.0,-62,0.53,37,2.2,58,3.5
Delaware,10/1/2022,826,501,60.7,-0.4,480,21,20.9,4.2,36,63.6,-15,0.58,17,3.6,25,5.3
District of Columbia,10/1/2022,556,395,71.1,-0.4,378,17,-25.3,4.3,43,38.7,-26,0.40,19,2.5,22,2.9
Florida,10/1/2022,18369,10792,58.7,-0.6,10482,310,0.3,2.9,638,46.7,-328,0.49,263,2.8,404,4.2
Georgia,10/1/2022,8565,5286,61.7,-1.2,5115,171,-9.8,3.2,409,72.6,-238,0.42,188,3.9,254,5.2
Hawaii,10/1/2022,1129,678,60.1,-1.2,656,22,47.4,3.3,35,16.7,-13,0.63,14,2.2,24,3.8
Idaho,10/1/2022,1509,955,63.3,-0.9,926,29,11.3,3.0,61,56.4,-32,0.47,27,3.2,46,5.5
Illinois,10/1/2022,10087,6467,64.1,0.0,6172,295,18.9,4.6,432,66.8,-137,0.68,172,2.8,265,4.4
Indiana,10/1/2022,5367,3395,63.2,-0.9,3286,108,-7.2,3.2,205,31.4,-97,0.53,88,2.7,140,4.4
Iowa,10/1/2022,2519,1705,67.7,-1.5,1652,53,14.9,3.1,118,55.3,-65,0.45,44,2.8,57,3.6
Kansas,10/1/2022,2268,1514,66.8,-0.4,1469,45,-4.1,3.0,99,45.6,-54,0.45,38,2.7,55,3.9
Kentucky,10/1/2022,3546,2044,57.6,-1.0,1960,84,-1.7,4.1,157,67.0,-73,0.53,67,3.4,101,5.1
Louisiana,10/1/2022,3564,2068,58.0,0.0,1995,73,-24.5,3.5,144,58.2,-71,0.51,63,3.2,91,4.7
Maine,10/1/2022,1159,683,58.9,-3.1,665,18,-17.8,2.7,46,43.8,-28,0.40,16,2.5,25,3.9
Maryland,10/1/2022,4915,3177,64.6,-4.6,3088,89,-22.9,2.8,208,27.6,-119,0.43,77,2.8,106,3.9
Massachusetts,10/1/2022,5806,3781,65.1,-1.2,3642,138,17.2,3.7,277,65.9,-139,0.50,74,2.0,129,3.5
Michigan,10/1/2022,8094,4877,60.2,-1.1,4679,198,6.5,4.1,326,50.2,-128,0.61,107,2.4,170,3.9
Minnesota,10/1/2022,4531,3074,67.8,-2.1,2995,79,-28.3,2.6,215,56.9,-136,0.37,80,2.7,106,3.6
Mississippi,10/1/2022,2290,1253,54.7,-1.3,1207,47,-36.3,3.7,91,78.4,-44,0.51,39,3.3,55,4.7
Missouri,10/1/2022,4881,3060,62.7,-1.3,2976,84,-19.8,2.8,212,71.0,-128,0.40,69,2.3,110,3.7
Montana,10/1/2022,900,564,62.7,-1.0,549,15,-24.4,2.6,40,42.9,-25,0.37,19,3.7,29,5.6
Nebraska,10/1/2022,1525,1057,69.3,-0.8,1032,25,-22.1,2.3,68,36.0,-43,0.36,25,2.4,40,3.9
Nevada,10/1/2022,2540,1581,62.3,-1.9,1498,83,22.3,5.3,95,30.1,-12,0.88,47,3.1,75,5.0
New Hampshire,10/1/2022,1163,762,65.6,-2.7,743,20,-0.8,2.6,54,58.8,-34,0.36,19,2.8,31,4.5
New Jersey,10/1/2022,7497,4817,64.2,-0.2,4648,169,-13.6,3.5,246,25.5,-77,0.69,93,2.2,147,3.5
New Mexico,10/1/2022,1678,946,56.4,-1.4,913,33,-34.2,3.5,66,29.4,-33,0.51,22,2.6,38,4.4
New York,10/1/2022,16066,9694,60.3,-0.6,9307,388,-6.1,4.0,528,22.8,-140,0.73,174,1.8,294,3.1
North Carolina,10/1/2022,8499,5203,61.2,-0.2,5008,195,2.7,3.7,356,51.5,-161,0.55,144,3.0,224,4.6
North Dakota,10/1/2022,602,413,68.7,-0.6,404,9,-1.3,2.2,31,34.8,-22,0.29,11,2.6,19,4.4
Ohio,10/1/2022,9365,5770,61.6,-1.9,5534,236,-11.9,4.1,397,56.9,-161,0.59,138,2.5,198,3.6
Oklahoma,10/1/2022,3103,1912,61.6,0.8,1853,59,2.5,3.1,129,51.8,-70,0.46,58,3.4,85,4.9
Oregon,10/1/2022,3469,2157,62.2,1.2,2066,91,21.7,4.2,138,26.6,-47,0.66,56,2.9,93,4.7
Pennsylvania,10/1/2022,10517,6482,61.6,-1.2,6222,261,-13.4,4.0,375,33.9,-114,0.70,118,2.0,180,3.0
Rhode Island,10/1/2022,906,576,63.6,-0.6,557,19,-10.8,3.2,34,41.7,-15,0.55,13,2.6,20,4.0
South Carolina,10/1/2022,4226,2434,57.6,-0.3,2356,77,13.6,3.2,169,55.0,-92,0.46,76,3.4,113,5.0
South Dakota,10/1/2022,697,474,68.1,-1.1,465,9,-19.4,2.0,30,30.4,-21,0.31,13,2.9,20,4.4
Tennessee,10/1/2022,5621,3368,59.9,-1.5,3254,115,-0.5,3.4,264,88.6,-149,0.43,117,3.6,162,4.9
Texas,10/1/2022,23201,14877,64.1,0.2,14293,584,16.4,3.9,1007,90.7,-423,0.58,362,2.7,583,4.3
Utah,10/1/2022,2556,1758,68.8,0.5,1714,44,8.0,2.5,117,56.0,-73,0.38,52,3.1,78,4.6
Vermont,10/1/2022,542,344,63.4,-2.5,336,8,6.6,2.4,22,29.4,-14,0.37,8,2.6,12,3.9
Virginia,10/1/2022,6849,4465,65.2,-0.4,4337,128,-0.1,2.9,342,55.5,-214,0.37,114,2.8,164,4.0
Washington,10/1/2022,6236,3987,63.9,-1.5,3820,167,11.9,4.2,220,15.8,-53,0.76,90,2.5,134,3.8
West Virginia,10/1/2022,1432,781,54.5,-0.4,751,29,-30.3,3.8,60,20.0,-31,0.49,24,3.4,35,5.0
Wisconsin,10/1/2022,4750,3084,64.9,-1.2,2998,86,-10.1,2.8,202,26.3,-116,0.43,79,2.6,112,3.7
Wyoming,10/1/2022,458,293,64.1,-1.7,283,10,-25.5,3.5,22,22.2,-12,0.46,10,3.5,15,5.2
Alabama,9/1/2022,4025,2278,56.6,-0.6,2221,57,-22.7,2.5,140,41.4,-83,0.41,78,3.7,95,4.5
Alaska,9/1/2022,547,353,64.4,0.0,338,14,-24.9,4.0,41,78.3,-27,0.34,18,5.6,26,8.1
Arizona,9/1/2022,5858,3605,61.5,-0.5,3467,138,-18.0,3.8,225,43.3,-87,0.61,105,3.4,152,4.9
Arkansas,9/1/2022,2381,1366,57.4,-0.5,1322,44,-9.1,3.2,98,53.1,-54,0.45,42,3.1,64,4.8
California,9/1/2022,31242,19240,61.6,-1.4,18476,764,-11.2,4.0,1149,42.6,-385,0.67,431,2.4,691,3.9
Colorado,9/1/2022,4688,3176,67.7,-0.9,3088,88,-12.0,2.8,206,60.9,-118,0.43,70,2.4,127,4.4
Connecticut,9/1/2022,2951,1908,64.7,-1.6,1837,71,-5.1,3.7,112,67.2,-41,0.63,36,2.2,57,3.4
Delaware,9/1/2022,825,500,60.7,-0.4,480,21,20.1,4.1,36,63.6,-15,0.57,16,3.4,26,5.5
District of Columbia,9/1/2022,556,396,71.3,-0.2,380,17,-28.1,4.2,39,25.8,-22,0.42,17,2.2,25,3.3
Florida,9/1/2022,18329,10766,58.7,-0.6,10460,306,-1.0,2.8,615,41.4,-309,0.50,293,3.1,404,4.2
Georgia,9/1/2022,8554,5279,61.7,-1.2,5110,169,-10.8,3.2,384,62.0,-215,0.44,179,3.7,270,5.6
Hawaii,9/1/2022,1128,678,60.1,-1.2,656,22,48.7,3.3,38,26.7,-16,0.59,15,2.4,24,3.9
Idaho,9/1/2022,1506,954,63.3,-0.9,925,28,10.7,3.0,56,43.6,-28,0.51,29,3.5,46,5.5
Illinois,9/1/2022,10082,6470,64.2,0.0,6176,294,18.4,4.5,396,52.9,-102,0.74,139,2.3,261,4.3
Indiana,9/1/2022,5363,3395,63.3,-0.9,3288,107,-8.6,3.1,187,19.9,-80,0.57,89,2.8,142,4.4
Iowa,9/1/2022,2517,1704,67.7,-1.5,1652,52,13.1,3.1,106,39.5,-54,0.49,41,2.6,62,3.9
Kansas,9/1/2022,2266,1512,66.7,-0.4,1468,44,-5.7,2.9,94,38.2,-50,0.47,33,2.3,54,3.8
Kentucky,9/1/2022,3544,2044,57.7,-0.9,1961,83,-2.0,4.1,162,72.3,-79,0.52,67,3.4,106,5.4
Louisiana,9/1/2022,3563,2068,58.0,0.0,1995,73,-24.4,3.5,134,47.3,-61,0.55,64,3.3,98,5.0
Maine,9/1/2022,1158,682,58.9,-3.1,664,18,-19.7,2.6,42,31.3,-24,0.42,15,2.3,26,4.1
Maryland,9/1/2022,4912,3175,64.6,-4.6,3085,90,-22.0,2.8,189,16.0,-99,0.47,75,2.8,111,4.1
Massachusetts,9/1/2022,5801,3781,65.2,-1.2,3643,137,16.4,3.6,247,47.9,-110,0.56,77,2.1,113,3.1
Michigan,9/1/2022,8091,4866,60.1,-1.2,4670,195,5.1,4.0,262,20.7,-67,0.75,93,2.1,171,3.9
Minnesota,9/1/2022,4528,3071,67.8,-2.1,2995,76,-31.1,2.5,207,51.1,-131,0.37,72,2.4,113,3.8
Mississippi,9/1/2022,2289,1256,54.9,-1.1,1209,47,-35.6,3.7,84,64.7,-37,0.56,42,3.6,59,5.0
Missouri,9/1/2022,4878,3055,62.6,-1.4,2973,82,-22.5,2.7,177,42.7,-95,0.46,72,2.5,130,4.4
Montana,9/1/2022,899,563,62.7,-1.0,548,15,-22.8,2.7,38,35.7,-23,0.39,20,3.9,31,6.0
Nebraska,9/1/2022,1523,1057,69.4,-0.7,1032,25,-22.3,2.3,62,24.0,-37,0.40,24,2.3,38,3.7
Nevada,9/1/2022,2536,1580,62.3,-1.9,1497,83,21.4,5.2,95,30.1,-12,0.87,44,2.9,75,5.0
New Hampshire,9/1/2022,1162,762,65.6,-2.6,743,19,-1.5,2.6,43,26.5,-24,0.45,18,2.6,26,3.8
New Jersey,9/1/2022,7489,4805,64.2,-0.3,4647,158,-19.0,3.3,242,23.5,-84,0.65,108,2.5,136,3.2
New Mexico,9/1/2022,1677,943,56.3,-1.5,911,33,-35.8,3.4,64,25.5,-31,0.51,25,2.9,41,4.8
New York,9/1/2022,16057,9676,60.3,-0.7,9297,379,-8.2,3.9,496,15.3,-117,0.76,168,1.8,304,3.2
North Carolina,9/1/2022,8485,5199,61.3,-0.1,5003,196,3.1,3.8,344,46.4,-148,0.57,141,2.9,228,4.7
North Dakota,9/1/2022,601,413,68.7,-0.6,404,9,-2.6,2.1,27,17.4,-18,0.33,11,2.6,19,4.4
Ohio,9/1/2022,9360,5767,61.6,-1.9,5530,237,-11.3,4.1,367,45.1,-130,0.65,147,2.6,225,4.1
Oklahoma,9/1/2022,3099,1907,61.5,0.8,1848,60,2.7,3.1,127,49.4,-67,0.47,59,3.4,86,5.0
Oregon,9/1/2022,3467,2158,62.2,1.2,2068,89,19.9,4.1,130,19.3,-41,0.69,58,3.0,111,5.7
Pennsylvania,9/1/2022,10513,6481,61.6,-1.2,6217,263,-12.5,4.1,372,32.9,-109,0.71,150,2.5,213,3.5
Rhode Island,9/1/2022,906,576,63.7,-0.5,557,19,-8.7,3.3,35,45.8,-16,0.54,13,2.6,23,4.6
South Carolina,9/1/2022,4218,2428,57.6,-0.3,2351,78,13.8,3.2,164,50.5,-86,0.47,71,3.1,104,4.6
South Dakota,9/1/2022,696,474,68.1,-1.1,465,9,-18.8,2.0,29,26.1,-20,0.32,10,2.2,21,4.6
Tennessee,9/1/2022,5614,3372,60.1,-1.4,3258,114,-1.3,3.4,233,66.4,-119,0.49,113,3.5,166,5.1
Texas,9/1/2022,23155,14831,64.1,0.2,14263,569,13.3,3.8,909,72.2,-340,0.63,458,3.4,612,4.5
Utah,9/1/2022,2550,1754,68.8,0.5,1711,43,5.9,2.5,110,46.7,-67,0.39,51,3.0,82,4.8
Vermont,9/1/2022,542,343,63.3,-2.5,335,8,7.1,2.4,19,11.8,-11,0.43,9,2.9,12,3.9
Virginia,9/1/2022,6843,4449,65.0,-0.6,4325,124,-3.2,2.8,315,43.2,-191,0.39,104,2.5,165,4.0
Washington,9/1/2022,6230,3983,63.9,-1.5,3818,165,10.7,4.2,201,5.8,-36,0.82,80,2.2,123,3.5
West Virginia,9/1/2022,1432,780,54.5,-0.5,750,30,-28.9,3.8,56,12.0,-26,0.54,23,3.3,34,4.9
Wisconsin,9/1/2022,4747,3084,65.0,-1.2,2996,87,-8.9,2.8,188,17.5,-101,0.46,75,2.5,110,3.7
Wyoming,9/1/2022,457,293,64.1,-1.7,283,10,-25.1,3.5,21,16.7,-11,0.49,12,4.2,15,5.2
Alabama,8/1/2022,4022,2279,56.7,-0.6,2221,58,-21.5,2.6,169,70.7,-111,0.34,61,2.9,103,4.9
Alaska,8/1/2022,547,352,64.4,0.0,338,14,-27.0,3.9,29,26.1,-15,0.47,13,4.1,19,5.9
Arizona,8/1/2022,5850,3601,61.6,-0.4,3463,138,-18.3,3.8,245,56.1,-107,0.56,108,3.5,160,5.1
Arkansas,8/1/2022,2379,1365,57.4,-0.5,1321,44,-8.6,3.2,104,62.5,-60,0.42,41,3.1,65,4.9
California,8/1/2022,31224,19212,61.5,-1.5,18487,725,-15.7,3.8,1375,70.6,-650,0.53,415,2.3,602,3.4
Colorado,8/1/2022,4682,3170,67.7,-0.9,3088,83,-17.0,2.6,224,75.0,-141,0.37,77,2.7,112,3.9
Connecticut,8/1/2022,2948,1911,64.8,-1.5,1841,71,-5.0,3.7,114,70.1,-43,0.62,36,2.2,75,4.5
Delaware,8/1/2022,824,500,60.7,-0.4,479,20,18.5,4.1,41,86.4,-21,0.50,15,3.2,28,5.9
District of Columbia,8/1/2022,555,397,71.6,0.1,381,16,-30.6,4.0,54,74.2,-38,0.30,16,2.1,24,3.1
Florida,8/1/2022,18288,10744,58.7,-0.6,10440,304,-1.7,2.8,653,50.1,-349,0.47,279,2.9,392,4.1
Georgia,8/1/2022,8543,5275,61.7,-1.2,5109,166,-12.1,3.2,478,101.7,-312,0.35,188,3.9,268,5.5
Hawaii,8/1/2022,1128,678,60.1,-1.2,656,22,49.6,3.3,47,56.7,-25,0.48,12,1.9,24,3.9
Idaho,8/1/2022,1504,953,63.4,-0.8,925,28,9.4,2.9,70,79.5,-42,0.40,26,3.1,40,4.8
Illinois,8/1/2022,10076,6474,64.2,0.1,6183,291,17.3,4.5,452,74.5,-161,0.64,137,2.3,259,4.3
Indiana,8/1/2022,5359,3395,63.4,-0.8,3290,105,-9.8,3.1,244,56.4,-139,0.43,88,2.7,135,4.2
Iowa,8/1/2022,2515,1703,67.7,-1.5,1652,51,9.7,3.0,103,35.5,-52,0.49,40,2.5,63,4.0
Kansas,8/1/2022,2264,1511,66.7,-0.4,1468,43,-7.5,2.9,116,70.6,-73,0.37,45,3.2,78,5.5
Kentucky,8/1/2022,3541,2046,57.8,-0.8,1963,83,-2.4,4.1,167,77.7,-84,0.50,59,3.0,98,5.0
Louisiana,8/1/2022,3562,2070,58.1,0.1,1996,74,-23.3,3.6,161,76.9,-87,0.46,66,3.4,94,4.8
Maine,8/1/2022,1157,681,58.9,-3.2,664,17,-23.4,2.5,45,40.6,-28,0.38,15,2.3,28,4.4
Maryland,8/1/2022,4910,3181,64.8,-4.5,3085,96,-16.3,3.0,223,36.8,-127,0.43,67,2.5,117,4.3
Massachusetts,8/1/2022,5796,3785,65.3,-1.0,3646,140,18.4,3.7,273,63.5,-133,0.51,93,2.5,124,3.4
Michigan,8/1/2022,8087,4860,60.1,-1.2,4666,194,4.5,4.0,317,46.1,-123,0.61,103,2.3,175,4.0
Minnesota,8/1/2022,4525,3070,67.9,-2.1,2998,73,-34.0,2.4,219,59.9,-146,0.33,68,2.3,115,3.9
Mississippi,8/1/2022,2288,1259,55.0,-1.0,1212,47,-35.5,3.7,95,86.3,-48,0.50,42,3.6,59,5.0
Missouri,8/1/2022,4875,3052,62.6,-1.4,2974,78,-26.0,2.5,205,65.3,-127,0.38,98,3.3,108,3.7
Montana,8/1/2022,898,563,62.7,-1.0,548,15,-21.4,2.7,48,71.4,-33,0.32,16,3.1,28,5.5
Nebraska,8/1/2022,1522,1057,69.4,-0.7,1032,24,-23.7,2.3,70,40.0,-46,0.35,25,2.4,41,4.0
Nevada,8/1/2022,2533,1578,62.3,-1.9,1496,82,20.5,5.2,107,46.6,-25,0.77,45,3.0,68,4.5
New Hampshire,8/1/2022,1161,763,65.7,-2.6,743,19,-3.2,2.5,52,52.9,-33,0.37,18,2.6,31,4.5
New Jersey,8/1/2022,7481,4795,64.1,-0.4,4648,147,-24.6,3.1,254,29.6,-107,0.58,90,2.1,151,3.6
New Mexico,8/1/2022,1675,941,56.2,-1.6,910,32,-37.7,3.4,80,56.9,-48,0.39,22,2.6,39,4.6
New York,8/1/2022,16047,9658,60.2,-0.7,9291,366,-11.2,3.8,558,29.8,-192,0.66,172,1.8,310,3.2
North Carolina,8/1/2022,8471,5197,61.3,0.0,5002,195,3.0,3.8,401,70.6,-206,0.49,145,3.0,244,5.0
North Dakota,8/1/2022,600,413,68.7,-0.6,404,9,-4.6,2.1,30,30.4,-21,0.29,11,2.6,20,4.7
Ohio,8/1/2022,9355,5768,61.7,-1.8,5532,236,-11.9,4.1,398,57.3,-162,0.59,121,2.2,233,4.2
Oklahoma,8/1/2022,3096,1904,61.5,0.7,1845,59,2.1,3.1,131,54.1,-72,0.45,49,2.9,83,4.8
Oregon,8/1/2022,3465,2158,62.3,1.3,2072,86,15.9,4.0,146,33.9,-60,0.59,48,2.4,80,4.1
Pennsylvania,8/1/2022,10508,6483,61.7,-1.1,6216,267,-11.4,4.1,417,48.9,-150,0.64,128,2.1,184,3.1
Rhode Island,8/1/2022,905,577,63.8,-0.4,558,19,-7.3,3.4,37,54.2,-18,0.52,13,2.6,21,4.2
South Carolina,8/1/2022,4210,2425,57.6,-0.3,2347,78,13.6,3.2,178,63.3,-100,0.44,74,3.3,110,4.9
South Dakota,8/1/2022,695,474,68.2,-1.0,465,9,-19.2,2.0,30,30.4,-21,0.31,12,2.6,21,4.6
Tennessee,8/1/2022,5606,3378,60.3,-1.2,3265,113,-1.9,3.3,277,97.9,-164,0.41,115,3.5,172,5.3
Texas,8/1/2022,23109,14792,64.0,0.1,14242,551,9.7,3.7,1034,95.8,-483,0.53,383,2.8,653,4.8
Utah,8/1/2022,2545,1751,68.8,0.5,1709,42,4.0,2.4,118,57.3,-76,0.36,43,2.5,67,4.0
Vermont,8/1/2022,542,343,63.3,-2.6,335,8,6.4,2.4,22,29.4,-14,0.37,7,2.3,12,3.9
Virginia,8/1/2022,6838,4437,64.9,-0.7,4318,119,-6.4,2.7,365,65.9,-246,0.33,109,2.7,203,5.0
Washington,8/1/2022,6224,3981,64.0,-1.5,3818,163,8.9,4.1,273,43.7,-110,0.60,80,2.3,148,4.2
West Virginia,8/1/2022,1432,780,54.5,-0.4,750,30,-27.9,3.9,72,44.0,-42,0.42,26,3.7,41,5.9
Wisconsin,8/1/2022,4743,3084,65.0,-1.1,2996,88,-8.5,2.8,194,21.3,-106,0.45,76,2.5,119,4.0
Wyoming,8/1/2022,457,293,64.2,-1.6,283,10,-25.4,3.5,23,27.8,-13,0.44,10,3.5,15,5.2
Alabama,7/1/2022,4019,2279,56.7,-0.5,2221,58,-21.1,2.6,160,61.6,-102,0.37,69,3.3,103,4.9
Alaska,7/1/2022,546,353,64.6,0.2,339,14,-23.8,4.1,30,30.4,-16,0.48,12,3.8,20,6.3
Arizona,7/1/2022,5841,3596,61.6,-0.4,3460,136,-19.2,3.8,230,46.5,-94,0.59,119,3.8,154,5.0
Arkansas,7/1/2022,2377,1364,57.4,-0.5,1321,44,-9.0,3.2,105,64.1,-61,0.42,42,3.2,67,5.1
California,7/1/2022,31208,19243,61.7,-1.4,18495,748,-13.0,3.9,1220,51.4,-472,0.61,391,2.2,624,3.5
Colorado,7/1/2022,4676,3175,67.9,-0.8,3088,87,-12.7,2.7,225,75.8,-138,0.39,73,2.6,124,4.3
Connecticut,7/1/2022,2946,1920,65.2,-1.1,1845,74,0.0,3.9,114,70.1,-40,0.65,37,2.2,67,4.0
Delaware,7/1/2022,822,500,60.8,-0.2,479,21,19.5,4.1,35,59.1,-14,0.59,18,3.8,23,4.9
District of Columbia,7/1/2022,554,397,71.6,0.2,380,17,-27.3,4.2,42,35.5,-25,0.40,18,2.4,24,3.2
Florida,7/1/2022,18248,10725,58.8,-0.5,10418,307,-0.7,2.9,669,53.8,-362,0.46,298,3.2,449,4.8
Georgia,7/1/2022,8532,5273,61.8,-1.1,5109,164,-13.6,3.1,459,93.7,-295,0.36,243,5.1,300,6.2
Hawaii,7/1/2022,1128,678,60.1,-1.2,656,22,49.5,3.3,38,26.7,-16,0.59,14,2.3,22,3.6
Idaho,7/1/2022,1501,953,63.4,-0.7,925,28,7.3,2.9,65,66.7,-37,0.42,26,3.2,40,4.9
Illinois,7/1/2022,10072,6482,64.4,0.2,6190,292,17.7,4.5,442,70.7,-150,0.66,141,2.3,238,4.0
Indiana,7/1/2022,5355,3396,63.4,-0.8,3292,104,-11.2,3.1,205,31.4,-101,0.51,83,2.6,141,4.4
Iowa,7/1/2022,2514,1701,67.7,-1.5,1653,48,5.0,2.8,116,52.6,-68,0.42,40,2.5,66,4.2
Kansas,7/1/2022,2263,1511,66.8,-0.3,1468,42,-9.5,2.8,99,45.6,-57,0.43,35,2.5,54,3.8
Kentucky,7/1/2022,3538,2048,57.9,-0.7,1965,83,-2.9,4.0,162,72.3,-79,0.51,66,3.4,92,4.7
Louisiana,7/1/2022,3561,2072,58.2,0.2,1997,75,-23.1,3.6,153,68.1,-78,0.49,63,3.3,90,4.7
Maine,7/1/2022,1156,682,59.1,-3.0,665,18,-20.3,2.6,50,56.3,-32,0.35,17,2.7,27,4.2
Maryland,7/1/2022,4907,3179,64.8,-4.5,3084,95,-17.6,3.0,210,28.8,-115,0.45,75,2.8,120,4.4
Massachusetts,7/1/2022,5792,3785,65.4,-1.0,3649,137,16.0,3.6,308,84.4,-171,0.44,70,1.9,125,3.4
Michigan,7/1/2022,8083,4860,60.1,-1.2,4665,195,4.7,4.0,305,40.6,-110,0.64,98,2.2,182,4.2
Minnesota,7/1/2022,4521,3069,67.9,-2.1,2999,70,-36.6,2.3,213,55.5,-143,0.33,75,2.6,115,3.9
Mississippi,7/1/2022,2287,1261,55.2,-0.9,1215,47,-35.9,3.7,88,72.5,-41,0.53,41,3.5,61,5.2
Missouri,7/1/2022,4872,3049,62.6,-1.4,2975,74,-29.6,2.4,208,67.7,-134,0.36,78,2.7,117,4.0
Montana,7/1/2022,897,563,62.7,-0.9,547,15,-20.7,2.7,47,67.9,-32,0.33,19,3.7,30,5.9
Nebraska,7/1/2022,1520,1057,69.5,-0.6,1033,24,-26.2,2.2,72,44.0,-48,0.33,23,2.3,41,4.0
Nevada,7/1/2022,2529,1570,62.1,-2.1,1489,81,19.2,5.2,97,32.9,-16,0.84,41,2.8,64,4.3
New Hampshire,7/1/2022,1161,763,65.7,-2.5,744,19,-5.9,2.4,52,52.9,-33,0.36,17,2.5,32,4.7
New Jersey,7/1/2022,7473,4784,64.0,-0.5,4625,159,-18.5,3.3,277,41.3,-118,0.57,94,2.2,175,4.1
New Mexico,7/1/2022,1674,943,56.4,-1.5,909,34,-32.2,3.6,63,23.5,-29,0.55,26,3.1,32,3.8
New York,7/1/2022,16037,9671,60.3,-0.6,9285,386,-6.3,4.0,559,30.0,-173,0.69,179,1.9,282,3.0
North Carolina,7/1/2022,8458,5196,61.4,0.1,5003,193,1.7,3.7,372,58.3,-179,0.52,167,3.5,227,4.7
North Dakota,7/1/2022,600,413,68.8,-0.5,404,8,-6.6,2.1,32,39.1,-24,0.26,11,2.6,20,4.7
Ohio,7/1/2022,9350,5770,61.7,-1.8,5538,232,-13.4,4.0,433,71.1,-201,0.54,136,2.5,251,4.5
Oklahoma,7/1/2022,3092,1902,61.5,0.7,1843,58,0.5,3.1,132,55.3,-74,0.44,60,3.5,87,5.1
Oregon,7/1/2022,3463,2161,62.4,1.4,2076,85,14.6,3.9,133,22.0,-48,0.64,53,2.7,84,4.3
Pennsylvania,7/1/2022,10504,6487,61.8,-1.1,6218,269,-10.6,4.2,458,63.6,-189,0.59,118,2.0,212,3.5
Rhode Island,7/1/2022,905,577,63.8,-0.4,559,19,-9.3,3.3,40,66.7,-21,0.47,13,2.6,24,4.8
South Carolina,7/1/2022,4202,2422,57.6,-0.2,2345,77,12.8,3.2,178,63.3,-101,0.43,75,3.3,104,4.6
South Dakota,7/1/2022,695,474,68.3,-0.9,465,9,-20.6,1.9,33,43.5,-24,0.28,11,2.4,21,4.6
Tennessee,7/1/2022,5599,3385,60.5,-1.0,3272,112,-2.4,3.3,251,79.3,-139,0.45,115,3.5,174,5.4
Texas,7/1/2022,23063,14785,64.1,0.2,14226,559,11.4,3.8,1049,98.7,-490,0.53,406,3.0,613,4.6
Utah,7/1/2022,2540,1748,68.8,0.6,1707,42,2.2,2.4,116,54.7,-74,0.36,44,2.6,71,4.2
Vermont,7/1/2022,542,343,63.3,-2.6,335,8,4.5,2.3,24,41.2,-16,0.33,9,3.0,13,4.3
Virginia,7/1/2022,6833,4429,64.8,-0.8,4313,116,-9.3,2.6,321,45.9,-205,0.36,105,2.6,159,3.9
Washington,7/1/2022,6218,3979,64.0,-1.4,3819,160,7.0,4.0,209,10.0,-49,0.77,87,2.5,128,3.6
West Virginia,7/1/2022,1432,781,54.5,-0.4,750,31,-27.4,3.9,58,16.0,-27,0.53,29,4.2,34,4.9
Wisconsin,7/1/2022,4740,3085,65.1,-1.0,2998,87,-8.8,2.8,223,39.4,-136,0.39,71,2.4,108,3.6
Wyoming,7/1/2022,456,293,64.1,-1.7,283,10,-26.2,3.5,23,27.8,-13,0.44,10,3.5,16,5.6
Alabama,6/1/2022,4016,2280,56.8,-0.5,2221,58,-21.1,2.6,157,58.6,-99,0.37,61,2.9,88,4.2
Alaska,6/1/2022,546,354,64.8,0.3,339,15,-20.7,4.2,31,34.8,-16,0.48,13,4.1,22,6.9
Arizona,6/1/2022,5831,3591,61.6,-0.4,3456,134,-20.3,3.7,240,52.9,-106,0.56,111,3.6,157,5.1
Arkansas,6/1/2022,2374,1364,57.4,-0.5,1320,44,-9.4,3.2,105,64.1,-61,0.42,39,2.9,65,4.9
California,6/1/2022,31195,19261,61.7,-1.3,18488,773,-10.1,4.0,1375,70.6,-602,0.56,483,2.7,652,3.7
Colorado,6/1/2022,4670,3180,68.1,-0.6,3088,92,-8.3,2.9,229,78.9,-137,0.40,89,3.1,137,4.8
Connecticut,6/1/2022,2945,1928,65.5,-0.8,1851,78,4.3,4.0,117,74.6,-39,0.66,37,2.2,60,3.6
Delaware,6/1/2022,821,500,60.9,-0.1,480,21,20.6,4.2,36,63.6,-15,0.58,16,3.4,22,4.7
District of Columbia,6/1/2022,554,397,71.6,0.1,379,18,-23.6,4.4,44,41.9,-26,0.40,16,2.1,25,3.3
Florida,6/1/2022,18204,10705,58.8,-0.5,10392,314,1.4,2.9,671,54.3,-357,0.47,343,3.7,446,4.7
Georgia,6/1/2022,8520,5271,61.9,-1.0,5110,161,-14.8,3.1,400,68.8,-239,0.40,190,4.0,273,5.7
Hawaii,6/1/2022,1128,677,60.0,-1.3,655,22,49.1,3.3,40,33.3,-18,0.56,15,2.4,23,3.8
Idaho,6/1/2022,1498,952,63.5,-0.7,925,27,4.8,2.8,69,76.9,-42,0.39,27,3.3,43,5.2
Illinois,6/1/2022,10074,6489,64.4,0.2,6195,294,18.4,4.5,433,67.2,-139,0.68,146,2.4,272,4.5
Indiana,6/1/2022,5352,3395,63.4,-0.7,3293,102,-12.5,3.0,208,33.3,-106,0.49,90,2.8,141,4.4
Iowa,6/1/2022,2513,1700,67.7,-1.5,1654,46,0.6,2.7,111,46.1,-65,0.42,43,2.7,64,4.1
Kansas,6/1/2022,2262,1511,66.8,-0.3,1469,41,-11.3,2.7,97,42.6,-56,0.43,35,2.5,52,3.7
Kentucky,6/1/2022,3536,2050,58.0,-0.6,1967,82,-3.6,4.0,161,71.3,-79,0.51,65,3.3,94,4.8
Louisiana,6/1/2022,3562,2075,58.2,0.3,1999,75,-22.3,3.6,160,75.8,-85,0.47,61,3.2,91,4.7
Maine,6/1/2022,1154,684,59.3,-2.8,666,18,-17.5,2.7,48,50.0,-30,0.38,15,2.4,25,3.9
Maryland,6/1/2022,4905,3180,64.8,-4.5,3083,97,-15.5,3.1,214,31.3,-117,0.45,70,2.6,108,4.0
Massachusetts,6/1/2022,5788,3788,65.4,-0.9,3650,137,16.4,3.6,344,106.0,-207,0.40,68,1.9,120,3.3
Michigan,6/1/2022,8080,4862,60.2,-1.2,4665,197,6.1,4.1,352,62.2,-155,0.56,115,2.6,147,3.4
Minnesota,6/1/2022,4519,3068,67.9,-2.1,3000,68,-38.3,2.2,221,61.3,-153,0.31,71,2.4,104,3.6
Mississippi,6/1/2022,2287,1264,55.3,-0.7,1217,47,-36.2,3.7,87,70.6,-40,0.54,38,3.3,53,4.6
Missouri,6/1/2022,4870,3046,62.6,-1.4,2974,72,-31.8,2.4,224,80.6,-152,0.32,78,2.7,117,4.0
Montana,6/1/2022,895,562,62.8,-0.9,547,15,-20.6,2.7,48,71.4,-33,0.32,20,3.9,30,5.9
Nebraska,6/1/2022,1519,1057,69.6,-0.5,1034,23,-28.8,2.1,72,44.0,-49,0.32,24,2.3,38,3.7
Nevada,6/1/2022,2526,1562,61.8,-2.3,1481,81,18.2,5.2,109,49.3,-28,0.74,43,2.9,78,5.2
New Hampshire,6/1/2022,1160,763,65.8,-2.4,745,18,-8.6,2.4,53,55.9,-35,0.34,19,2.8,29,4.2
New Jersey,6/1/2022,7469,4773,63.9,-0.6,4601,172,-12.0,3.6,277,41.3,-105,0.62,82,1.9,165,3.9
New Mexico,6/1/2022,1673,945,56.5,-1.3,908,37,-26.6,3.9,68,33.3,-31,0.55,24,2.8,37,4.4
New York,6/1/2022,16039,9680,60.4,-0.6,9275,405,-1.8,4.2,539,25.3,-134,0.75,186,2.0,361,3.8
North Carolina,6/1/2022,8445,5193,61.5,0.1,5003,190,0.3,3.7,391,66.4,-201,0.49,143,3.0,211,4.4
North Dakota,6/1/2022,599,413,68.8,-0.5,404,8,-7.5,2.0,32,39.1,-24,0.26,11,2.6,19,4.5
Ohio,6/1/2022,9346,5771,61.7,-1.8,5543,227,-15.0,3.9,406,60.5,-179,0.56,133,2.4,251,4.5
Oklahoma,6/1/2022,3089,1900,61.5,0.7,1843,57,-1.3,3.0,125,47.1,-68,0.46,49,2.9,87,5.1
Oregon,6/1/2022,3462,2163,62.5,1.5,2079,84,12.7,3.9,147,34.9,-63,0.57,55,2.8,81,4.2
Pennsylvania,6/1/2022,10503,6491,61.8,-1.0,6219,272,-9.7,4.2,508,81.4,-236,0.54,168,2.8,196,3.3
Rhode Island,6/1/2022,904,578,63.9,-0.3,559,19,-11.1,3.2,40,66.7,-21,0.46,13,2.6,21,4.2
South Carolina,6/1/2022,4195,2420,57.7,-0.2,2344,76,12.1,3.2,182,67.0,-106,0.42,73,3.3,109,4.9
South Dakota,6/1/2022,693,474,68.4,-0.8,465,9,-22.0,1.9,32,39.1,-23,0.28,13,2.9,18,4.0
Tennessee,6/1/2022,5591,3391,60.7,-0.8,3279,112,-2.6,3.3,267,90.7,-155,0.42,105,3.2,146,4.5
Texas,6/1/2022,23019,14773,64.2,0.3,14209,564,12.5,3.8,1015,92.2,-451,0.56,413,3.1,666,5.0
Utah,6/1/2022,2534,1745,68.9,0.6,1704,41,0.7,2.3,125,66.7,-84,0.33,49,2.9,70,4.2
Vermont,6/1/2022,541,342,63.2,-2.6,335,8,2.3,2.3,26,52.9,-18,0.30,8,2.6,13,4.3
Virginia,6/1/2022,6829,4422,64.8,-0.9,4309,113,-11.5,2.6,297,35.0,-184,0.38,102,2.5,152,3.7
Washington,6/1/2022,6212,3976,64.0,-1.4,3818,158,5.6,4.0,233,22.6,-75,0.68,79,2.2,130,3.7
West Virginia,6/1/2022,1432,782,54.6,-0.4,751,31,-26.9,3.9,58,16.0,-27,0.53,22,3.1,33,4.7
Wisconsin,6/1/2022,4736,3087,65.2,-0.9,3000,87,-9.0,2.8,228,42.5,-141,0.38,72,2.4,108,3.6
Wyoming,6/1/2022,456,292,64.0,-1.8,282,10,-27.3,3.4,23,27.8,-13,0.43,11,3.9,15,5.3
Alabama,5/1/2022,4013,2280,56.8,-0.4,2221,58,-21.3,2.6,174,75.8,-116,0.34,68,3.2,105,5.0
Alaska,5/1/2022,546,354,64.9,0.4,339,15,-18.0,4.4,30,30.4,-15,0.51,13,4.1,21,6.6
Arizona,5/1/2022,5822,3585,61.6,-0.4,3452,133,-21.2,3.7,240,52.9,-107,0.55,98,3.2,134,4.3
Arkansas,5/1/2022,2373,1363,57.4,-0.5,1319,43,-9.7,3.2,107,67.2,-64,0.41,42,3.2,64,4.8
California,5/1/2022,31183,19260,61.8,-1.3,18465,795,-7.6,4.1,1303,61.7,-508,0.61,477,2.7,682,3.9
Colorado,5/1/2022,4665,3183,68.2,-0.4,3087,96,-3.7,3.0,227,77.3,-131,0.42,89,3.1,146,5.1
Connecticut,5/1/2022,2943,1936,65.8,-0.5,1855,80,7.8,4.1,111,65.7,-31,0.72,39,2.3,57,3.4
Delaware,5/1/2022,820,501,61.1,0.0,480,21,21.8,4.2,41,86.4,-20,0.51,17,3.6,26,5.5
District of Columbia,5/1/2022,554,396,71.5,0.0,377,18,-20.1,4.6,53,71.0,-35,0.35,17,2.2,23,3.0
Florida,5/1/2022,18160,10679,58.8,-0.5,10359,320,3.3,3.0,756,73.8,-436,0.42,321,3.4,423,4.5
Georgia,5/1/2022,8508,5270,61.9,-1.0,5110,160,-15.4,3.0,453,91.1,-293,0.35,181,3.8,262,5.5
Hawaii,5/1/2022,1128,676,59.9,-1.4,654,22,48.2,3.3,41,36.7,-19,0.54,15,2.4,26,4.2
Idaho,5/1/2022,1495,950,63.6,-0.6,924,26,2.7,2.8,67,71.8,-41,0.39,33,4.0,44,5.3
Illinois,5/1/2022,10076,6493,64.4,0.3,6197,296,19.5,4.6,480,85.3,-184,0.62,182,3.0,269,4.5
Indiana,5/1/2022,5348,3393,63.4,-0.7,3292,101,-13.4,3.0,237,51.9,-136,0.43,125,3.9,136,4.3
Iowa,5/1/2022,2512,1699,67.7,-1.5,1654,45,-2.6,2.6,114,50.0,-69,0.39,52,3.3,57,3.6
Kansas,5/1/2022,2261,1511,66.8,-0.3,1470,41,-12.8,2.7,115,69.1,-74,0.35,41,2.9,53,3.8
Kentucky,5/1/2022,3535,2050,58.0,-0.6,1969,82,-4.2,4.0,164,74.5,-82,0.50,70,3.6,103,5.3
Louisiana,5/1/2022,3563,2077,58.3,0.3,2000,76,-21.6,3.7,162,78.0,-86,0.47,62,3.2,92,4.8
Maine,5/1/2022,1153,685,59.4,-2.6,666,19,-14.7,2.8,47,46.9,-28,0.40,16,2.5,25,3.9
Maryland,5/1/2022,4904,3179,64.8,-4.5,3081,98,-15.3,3.1,243,49.1,-145,0.40,73,2.7,122,4.5
Massachusetts,5/1/2022,5784,3787,65.5,-0.8,3650,137,16.4,3.6,292,74.9,-155,0.47,80,2.2,126,3.4
Michigan,5/1/2022,8077,4864,60.2,-1.1,4662,201,8.4,4.1,365,68.2,-164,0.55,132,3.0,187,4.3
Minnesota,5/1/2022,4516,3067,67.9,-2.1,2999,68,-38.6,2.2,234,70.8,-166,0.29,84,2.9,125,4.3
Mississippi,5/1/2022,2286,1265,55.3,-0.7,1218,47,-35.6,3.7,89,74.5,-42,0.53,39,3.4,58,5.0
Missouri,5/1/2022,4868,3045,62.5,-1.5,2973,72,-31.7,2.4,221,78.2,-149,0.33,98,3.4,121,4.2
Montana,5/1/2022,894,562,62.8,-0.8,547,15,-21.1,2.7,48,71.4,-33,0.32,22,4.3,32,6.3
Nebraska,5/1/2022,1518,1057,69.6,-0.5,1035,22,-30.8,2.1,81,62.0,-59,0.27,38,3.7,42,4.1
Nevada,5/1/2022,2523,1553,61.5,-2.6,1473,80,17.5,5.2,118,61.6,-38,0.68,43,2.9,96,6.5
New Hampshire,5/1/2022,1158,762,65.8,-2.4,744,18,-10.7,2.3,52,52.9,-34,0.34,19,2.8,30,4.4
New Jersey,5/1/2022,7465,4756,63.7,-0.8,4575,181,-7.0,3.8,269,37.2,-88,0.67,103,2.4,157,3.7
New Mexico,5/1/2022,1673,946,56.6,-1.2,906,40,-21.4,4.2,71,39.2,-31,0.56,26,3.1,41,4.8
New York,5/1/2022,16041,9678,60.3,-0.6,9262,417,1.0,4.3,581,35.1,-164,0.72,207,2.2,313,3.3
North Carolina,5/1/2022,8434,5188,61.5,0.1,5000,188,-1.0,3.6,402,71.1,-214,0.47,140,2.9,226,4.7
North Dakota,5/1/2022,599,413,68.9,-0.4,404,8,-7.0,2.0,32,39.1,-24,0.26,16,3.8,19,4.5
Ohio,5/1/2022,9343,5768,61.7,-1.8,5544,224,-16.4,3.9,419,65.6,-195,0.53,149,2.7,224,4.1
Oklahoma,5/1/2022,3086,1898,61.5,0.7,1842,56,-2.9,3.0,123,44.7,-67,0.46,54,3.2,102,6.0
Oregon,5/1/2022,3461,2163,62.5,1.5,2081,82,10.6,3.8,147,34.9,-65,0.56,58,3.0,89,4.6
Pennsylvania,5/1/2022,10503,6490,61.8,-1.0,6216,274,-8.9,4.2,441,57.5,-167,0.62,125,2.1,178,3.0
Rhode Island,5/1/2022,904,577,63.9,-0.3,559,18,-12.9,3.1,42,75.0,-24,0.43,12,2.4,21,4.2
South Carolina,5/1/2022,4187,2418,57.7,-0.1,2341,76,11.9,3.2,188,72.5,-112,0.41,74,3.3,104,4.7
South Dakota,5/1/2022,692,474,68.5,-0.7,465,9,-23.1,1.9,33,43.5,-24,0.27,14,3.1,18,4.0
Tennessee,5/1/2022,5583,3395,60.8,-0.6,3283,113,-2.3,3.3,279,99.3,-166,0.40,115,3.6,166,5.1
Texas,5/1/2022,22976,14752,64.2,0.3,14184,568,13.2,3.8,1064,101.5,-496,0.53,421,3.2,647,4.8
Utah,5/1/2022,2529,1742,68.9,0.6,1702,40,-0.5,2.3,115,53.3,-75,0.35,49,2.9,83,5.0
Vermont,5/1/2022,541,342,63.2,-2.7,334,8,0.6,2.3,26,52.9,-18,0.30,8,2.6,14,4.6
Virginia,5/1/2022,6825,4415,64.7,-0.9,4303,112,-12.1,2.5,317,44.1,-205,0.35,126,3.1,193,4.8
Washington,5/1/2022,6206,3971,64.0,-1.4,3814,157,4.8,3.9,247,30.0,-90,0.63,106,3.0,145,4.1
West Virginia,5/1/2022,1432,782,54.6,-0.3,751,31,-26.4,4.0,60,20.0,-29,0.52,25,3.6,34,4.9
Wisconsin,5/1/2022,4733,3091,65.3,-0.8,3003,87,-8.7,2.8,223,39.4,-136,0.39,88,3.0,96,3.2
Wyoming,5/1/2022,456,291,63.9,-1.9,281,10,-28.1,3.4,26,44.4,-16,0.38,11,3.9,17,6.0
Alabama,4/1/2022,4011,2278,56.8,-0.4,2220,58,-21.4,2.6,160,61.6,-102,0.36,70,3.3,105,5.0
Alaska,4/1/2022,546,355,65.0,0.5,339,16,-14.8,4.5,32,39.1,-16,0.50,13,4.1,20,6.3
Arizona,4/1/2022,5812,3577,61.5,-0.4,3446,132,-21.9,3.7,266,69.4,-134,0.49,135,4.4,162,5.3
Arkansas,4/1/2022,2371,1362,57.4,-0.5,1318,43,-10.0,3.2,103,60.9,-60,0.42,47,3.6,65,4.9
California,4/1/2022,31170,19265,61.8,-1.2,18441,825,-4.1,4.3,1296,60.8,-471,0.64,469,2.7,639,3.6
Colorado,4/1/2022,4660,3183,68.3,-0.4,3083,100,0.3,3.1,231,80.5,-131,0.43,96,3.4,135,4.7
Connecticut,4/1/2022,2942,1941,66.0,-0.3,1859,82,10.8,4.2,116,73.1,-34,0.71,37,2.2,64,3.8
Delaware,4/1/2022,819,501,61.2,0.1,480,21,23.3,4.2,41,86.4,-20,0.52,16,3.4,26,5.6
District of Columbia,4/1/2022,553,394,71.2,-0.2,375,19,-16.5,4.9,50,61.3,-31,0.38,15,2.0,25,3.3
Florida,4/1/2022,18117,10649,58.8,-0.5,10322,327,5.8,3.1,814,87.1,-487,0.40,384,4.1,471,5.1
Georgia,4/1/2022,8496,5267,62.0,-0.9,5107,160,-15.6,3.0,436,84.0,-276,0.37,157,3.3,256,5.4
Hawaii,4/1/2022,1128,675,59.8,-1.5,653,22,46.6,3.3,41,36.7,-19,0.54,17,2.8,23,3.8
Idaho,4/1/2022,1492,949,63.6,-0.6,923,26,1.1,2.7,67,71.8,-41,0.39,27,3.3,44,5.3
Illinois,4/1/2022,10078,6496,64.5,0.3,6197,299,20.5,4.6,464,79.2,-165,0.64,149,2.5,262,4.4
Indiana,4/1/2022,5345,3389,63.4,-0.8,3288,100,-14.2,3.0,244,56.4,-144,0.41,105,3.3,153,4.8
Iowa,4/1/2022,2510,1698,67.6,-1.5,1654,44,-4.0,2.6,120,57.9,-76,0.37,40,2.6,66,4.2
Kansas,4/1/2022,2260,1510,66.8,-0.3,1470,40,-14.4,2.6,93,36.8,-53,0.43,36,2.6,50,3.6
Kentucky,4/1/2022,3533,2051,58.0,-0.6,1969,81,-4.6,4.0,213,126.6,-132,0.38,68,3.5,121,6.2
Louisiana,4/1/2022,3564,2077,58.3,0.3,2000,77,-21.0,3.7,156,71.4,-79,0.49,69,3.6,101,5.3
Maine,4/1/2022,1152,686,59.6,-2.5,666,20,-11.2,2.9,51,59.4,-31,0.39,16,2.5,27,4.3
Maryland,4/1/2022,4902,3178,64.8,-4.5,3080,98,-14.9,3.1,253,55.2,-155,0.39,76,2.8,120,4.4
Massachusetts,4/1/2022,5780,3784,65.5,-0.9,3647,137,16.2,3.6,300,79.6,-163,0.46,82,2.2,126,3.4
Michigan,4/1/2022,8074,4863,60.2,-1.1,4657,206,10.9,4.2,363,67.3,-157,0.57,112,2.6,202,4.6
Minnesota,4/1/2022,4514,3066,67.9,-2.0,2998,69,-37.6,2.2,253,84.7,-184,0.27,72,2.5,105,3.6
Mississippi,4/1/2022,2286,1267,55.4,-0.6,1219,48,-34.6,3.8,97,90.2,-49,0.49,43,3.7,60,5.2
Missouri,4/1/2022,4865,3045,62.6,-1.4,2970,74,-29.4,2.4,217,75.0,-143,0.34,71,2.4,100,3.4
Montana,4/1/2022,893,561,62.9,-0.8,546,15,-21.9,2.7,48,71.4,-33,0.31,20,4.0,29,5.7
Nebraska,4/1/2022,1517,1056,69.6,-0.5,1035,22,-32.3,2.0,77,54.0,-55,0.28,27,2.6,40,3.9
Nevada,4/1/2022,2520,1544,61.3,-2.9,1464,80,16.8,5.2,114,56.2,-34,0.70,46,3.1,69,4.7
New Hampshire,4/1/2022,1157,761,65.8,-2.5,744,17,-11.8,2.3,60,76.5,-43,0.29,18,2.6,30,4.4
New Jersey,4/1/2022,7461,4742,63.6,-0.9,4548,195,-0.3,4.1,291,48.5,-96,0.67,106,2.5,166,3.9
New Mexico,4/1/2022,1672,947,56.6,-1.2,905,42,-17.3,4.4,70,37.3,-28,0.60,26,3.1,37,4.4
New York,4/1/2022,16044,9677,60.3,-0.6,9245,432,4.6,4.5,619,44.0,-187,0.70,177,1.9,302,3.2
North Carolina,4/1/2022,8421,5181,61.5,0.1,4995,186,-1.9,3.6,447,90.2,-261,0.42,152,3.2,251,5.3
North Dakota,4/1/2022,599,413,69.0,-0.3,404,9,-5.3,2.1,34,47.8,-25,0.25,11,2.6,20,4.7
Ohio,4/1/2022,9340,5764,61.7,-1.8,5542,222,-17.1,3.8,433,71.1,-211,0.51,128,2.3,217,3.9
Oklahoma,4/1/2022,3083,1896,61.5,0.7,1840,56,-4.2,2.9,137,61.2,-81,0.41,59,3.5,89,5.3
Oregon,4/1/2022,3460,2163,62.5,1.5,2082,81,9.3,3.8,159,45.9,-78,0.51,57,3.0,87,4.5
Pennsylvania,4/1/2022,10502,6484,61.7,-1.1,6209,275,-8.7,4.2,504,80.0,-229,0.55,131,2.2,225,3.8
Rhode Island,4/1/2022,903,576,63.8,-0.4,558,18,-13.8,3.1,42,75.0,-24,0.43,15,3.0,22,4.5
South Carolina,4/1/2022,4179,2415,57.8,-0.1,2338,77,12.5,3.2,211,93.6,-134,0.36,81,3.7,116,5.2
South Dakota,4/1/2022,691,474,68.6,-0.6,465,9,-23.8,1.9,35,52.2,-26,0.25,13,2.9,20,4.4
Tennessee,4/1/2022,5575,3396,60.9,-0.5,3283,113,-1.8,3.3,301,115.0,-188,0.38,103,3.2,165,5.1
Texas,4/1/2022,22933,14723,64.2,0.3,14152,572,13.9,3.9,1074,103.4,-502,0.53,471,3.6,620,4.7
Utah,4/1/2022,2524,1738,68.9,0.6,1698,40,-1.7,2.3,127,69.3,-87,0.31,63,3.8,85,5.1
Vermont,4/1/2022,541,341,63.1,-2.7,334,8,-0.2,2.2,25,47.1,-17,0.31,9,3.0,13,4.3
Virginia,4/1/2022,6821,4408,64.6,-1.0,4295,113,-11.5,2.6,322,46.4,-209,0.35,95,2.4,172,4.3
Washington,4/1/2022,6199,3965,64.0,-1.5,3809,156,4.4,3.9,256,34.7,-100,0.61,108,3.1,144,4.1
West Virginia,4/1/2022,1433,783,54.6,-0.3,752,31,-26.1,4.0,68,36.0,-37,0.46,25,3.6,37,5.3
Wisconsin,4/1/2022,4729,3094,65.4,-0.7,3006,88,-7.9,2.9,223,39.4,-135,0.40,76,2.6,119,4.0
Wyoming,4/1/2022,455,290,63.8,-2.1,280,10,-28.7,3.4,26,44.4,-16,0.38,11,3.9,16,5.6
Alabama,3/1/2022,4008,2277,56.8,-0.4,2218,58,-21.4,2.6,140,41.4,-82,0.42,68,3.2,103,4.9
Alaska,3/1/2022,546,355,65.1,0.6,338,17,-11.3,4.7,32,39.1,-15,0.52,13,4.1,20,6.3
Arizona,3/1/2022,5803,3569,61.5,-0.5,3438,130,-22.7,3.7,253,61.1,-123,0.52,92,3.0,164,5.3
Arkansas,3/1/2022,2369,1359,57.4,-0.5,1316,43,-10.4,3.2,96,50.0,-53,0.45,43,3.3,71,5.4
California,3/1/2022,31161,19250,61.8,-1.2,18388,862,0.2,4.5,1293,60.4,-431,0.67,448,2.6,672,3.8
Colorado,3/1/2022,4655,3183,68.4,-0.3,3077,106,5.9,3.3,212,65.6,-106,0.50,93,3.3,135,4.8
Connecticut,3/1/2022,2941,1945,66.1,-0.1,1861,85,13.6,4.3,119,77.6,-34,0.71,38,2.3,62,3.7
Delaware,3/1/2022,817,501,61.3,0.2,479,22,25.3,4.3,36,63.6,-14,0.60,14,3.0,27,5.8
District of Columbia,3/1/2022,553,392,71.0,-0.5,372,20,-11.7,5.2,40,29.0,-20,0.51,18,2.4,23,3.0
Florida,3/1/2022,18075,10620,58.8,-0.6,10280,339,9.7,3.2,706,62.3,-367,0.48,299,3.2,442,4.8
Georgia,3/1/2022,8485,5261,62.0,-0.9,5101,160,-15.4,3.0,425,79.3,-265,0.38,207,4.4,325,6.9
Hawaii,3/1/2022,1129,673,59.6,-1.7,651,22,44.0,3.2,41,36.7,-19,0.53,15,2.5,25,4.1
Idaho,3/1/2022,1489,947,63.6,-0.6,921,26,0.5,2.7,67,71.8,-41,0.38,26,3.2,52,6.3
Illinois,3/1/2022,10080,6493,64.4,0.3,6192,301,21.3,4.6,475,83.4,-174,0.63,153,2.6,262,4.4
Indiana,3/1/2022,5342,3382,63.3,-0.9,3283,99,-15.1,2.9,237,51.9,-138,0.42,105,3.3,134,4.2
Iowa,3/1/2022,2510,1696,67.6,-1.6,1652,45,-3.5,2.6,122,60.5,-77,0.36,39,2.5,57,3.6
Kansas,3/1/2022,2260,1508,66.7,-0.4,1469,39,-15.8,2.6,104,52.9,-65,0.38,34,2.4,51,3.6
Kentucky,3/1/2022,3532,2051,58.1,-0.5,1970,81,-4.8,4.0,162,72.3,-81,0.50,70,3.6,99,5.1
Louisiana,3/1/2022,3565,2076,58.2,0.2,1998,77,-20.2,3.7,149,63.7,-72,0.52,60,3.1,100,5.2
Maine,3/1/2022,1151,687,59.7,-2.4,666,21,-6.6,3.0,50,56.3,-29,0.41,19,3.0,28,4.4
Maryland,3/1/2022,4901,3177,64.8,-4.5,3076,101,-12.7,3.2,209,28.2,-108,0.48,68,2.5,138,5.1
Massachusetts,3/1/2022,5777,3780,65.4,-0.9,3643,137,16.4,3.6,322,92.8,-185,0.43,84,2.3,145,4.0
Michigan,3/1/2022,8072,4857,60.2,-1.2,4648,210,12.8,4.3,360,65.9,-150,0.58,117,2.7,185,4.3
Minnesota,3/1/2022,4512,3067,68.0,-2.0,2996,71,-35.4,2.3,241,75.9,-170,0.29,69,2.4,102,3.5
Mississippi,3/1/2022,2286,1268,55.5,-0.5,1219,49,-33.4,3.8,88,72.5,-39,0.55,39,3.4,60,5.2
Missouri,3/1/2022,4864,3045,62.6,-1.4,2966,79,-25.2,2.6,216,74.2,-137,0.36,71,2.4,90,3.1
Montana,3/1/2022,891,560,62.9,-0.8,545,15,-22.6,2.7,48,71.4,-33,0.31,18,3.6,31,6.1
Nebraska,3/1/2022,1516,1056,69.6,-0.4,1034,21,-32.9,2.0,75,50.0,-54,0.29,25,2.4,37,3.6
Nevada,3/1/2022,2517,1533,60.9,-3.3,1454,79,16.2,5.2,119,63.0,-40,0.67,44,3.0,74,5.1
New Hampshire,3/1/2022,1156,760,65.7,-2.5,742,17,-12.0,2.3,62,82.4,-45,0.28,20,2.9,32,4.7
New Jersey,3/1/2022,7458,4723,63.3,-1.1,4519,205,5.0,4.3,298,52.0,-93,0.69,115,2.7,190,4.5
New Mexico,3/1/2022,1672,947,56.7,-1.2,903,44,-12.5,4.7,74,45.1,-30,0.60,23,2.7,42,5.0
New York,3/1/2022,16048,9665,60.2,-0.7,9223,442,7.2,4.6,665,54.7,-223,0.66,190,2.0,333,3.5
North Carolina,3/1/2022,8410,5174,61.5,0.1,4988,186,-2.0,3.6,386,64.3,-200,0.48,164,3.5,254,5.3
North Dakota,3/1/2022,598,413,69.0,-0.3,404,9,-2.8,2.1,31,34.8,-22,0.28,12,2.8,16,3.8
Ohio,3/1/2022,9338,5758,61.7,-1.8,5536,222,-17.1,3.9,459,81.4,-237,0.48,155,2.8,210,3.8
Oklahoma,3/1/2022,3080,1893,61.4,0.7,1838,55,-5.4,2.9,125,47.1,-70,0.44,52,3.1,90,5.4
Oregon,3/1/2022,3460,2163,62.5,1.5,2082,81,8.9,3.7,156,43.1,-75,0.52,57,3.0,91,4.7
Pennsylvania,3/1/2022,10502,6473,61.6,-1.2,6198,274,-8.8,4.2,506,80.7,-232,0.54,134,2.3,276,4.7
Rhode Island,3/1/2022,903,576,63.8,-0.5,557,18,-13.1,3.2,43,79.2,-25,0.42,13,2.6,24,4.9
South Carolina,3/1/2022,4171,2412,57.8,0.0,2334,77,13.6,3.2,177,62.4,-100,0.44,78,3.5,118,5.3
South Dakota,3/1/2022,690,474,68.6,-0.6,465,9,-23.8,1.9,35,52.2,-26,0.25,12,2.7,18,4.0
Tennessee,3/1/2022,5568,3394,61.0,-0.5,3280,114,-1.4,3.3,274,95.7,-160,0.41,116,3.6,174,5.4
Texas,3/1/2022,22891,14690,64.2,0.3,14110,581,15.7,4.0,962,82.2,-381,0.60,403,3.0,678,5.1
Utah,3/1/2022,2519,1733,68.8,0.5,1693,40,-2.9,2.3,124,65.3,-84,0.32,47,2.8,85,5.1
Vermont,3/1/2022,541,341,63.0,-2.9,333,8,0.4,2.3,25,47.1,-17,0.31,10,3.3,14,4.6
Virginia,3/1/2022,6818,4399,64.5,-1.1,4285,114,-10.6,2.6,292,32.7,-178,0.39,92,2.3,175,4.3
Washington,3/1/2022,6194,3955,63.9,-1.6,3800,155,3.8,3.9,251,32.1,-96,0.62,70,2.0,157,4.5
West Virginia,3/1/2022,1434,783,54.6,-0.4,751,31,-26.0,4.0,58,16.0,-27,0.54,24,3.4,37,5.3
Wisconsin,3/1/2022,4726,3097,65.5,-0.6,3008,89,-7.0,2.9,235,46.9,-146,0.38,77,2.6,115,3.9
Wyoming,3/1/2022,455,289,63.6,-2.2,280,10,-28.6,3.4,25,38.9,-15,0.39,10,3.5,17,6.0
Alabama,2/1/2022,4007,2274,56.7,-0.5,2215,59,-21.0,2.6,148,49.5,-89,0.40,72,3.5,106,5.1
Alaska,2/1/2022,546,356,65.1,0.7,338,18,-6.1,5.0,31,34.8,-13,0.57,14,4.4,20,6.3
Arizona,2/1/2022,5795,3559,61.4,-0.6,3429,129,-23.2,3.6,249,58.6,-120,0.52,116,3.8,160,5.2
Arkansas,2/1/2022,2368,1356,57.3,-0.6,1313,43,-10.7,3.2,93,45.3,-50,0.46,47,3.6,67,5.1
California,2/1/2022,31156,19255,61.8,-1.2,18331,924,7.5,4.8,1194,48.1,-270,0.77,464,2.7,698,4.0
Colorado,2/1/2022,4651,3184,68.5,-0.2,3068,116,16.1,3.6,224,75.0,-108,0.52,99,3.5,140,5.0
Connecticut,2/1/2022,2940,1950,66.3,0.0,1861,89,19.2,4.5,104,55.2,-15,0.85,39,2.4,55,3.3
Delaware,2/1/2022,816,501,61.3,0.3,478,22,28.0,4.4,31,40.9,-9,0.71,16,3.5,20,4.3
District of Columbia,2/1/2022,552,391,70.7,-0.7,369,22,-6.3,5.5,41,32.3,-19,0.52,15,2.0,20,2.7
Florida,2/1/2022,18037,10589,58.7,-0.6,10235,354,14.5,3.3,698,60.5,-344,0.51,288,3.1,395,4.3
Georgia,2/1/2022,8475,5252,62.0,-0.9,5091,161,-14.8,3.1,423,78.5,-262,0.38,187,4.0,259,5.5
Hawaii,2/1/2022,1129,671,59.5,-1.9,650,21,41.4,3.2,44,46.7,-23,0.48,17,2.8,26,4.3
Idaho,2/1/2022,1486,944,63.5,-0.7,918,26,1.0,2.7,62,59.0,-36,0.42,28,3.4,41,5.0
Illinois,2/1/2022,10085,6487,64.3,0.2,6184,303,22.2,4.7,477,84.2,-174,0.64,153,2.6,260,4.4
Indiana,2/1/2022,5340,3374,63.2,-1.0,3275,99,-15.6,2.9,230,47.4,-131,0.43,104,3.3,148,4.7
Iowa,2/1/2022,2509,1694,67.5,-1.7,1648,46,-1.0,2.7,115,51.3,-69,0.40,40,2.6,56,3.6
Kansas,2/1/2022,2259,1506,66.6,-0.5,1467,39,-16.7,2.6,98,44.1,-59,0.40,35,2.5,52,3.7
Kentucky,2/1/2022,3531,2051,58.1,-0.5,1970,81,-4.5,4.0,146,55.3,-65,0.56,67,3.5,87,4.5
Louisiana,2/1/2022,3566,2073,58.1,0.1,1994,79,-18.2,3.8,147,61.5,-68,0.54,67,3.5,104,5.4
Maine,2/1/2022,1150,688,59.8,-2.2,665,23,2.3,3.3,46,43.8,-23,0.49,17,2.7,28,4.5
Maryland,2/1/2022,4900,3177,64.8,-4.4,3072,105,-9.2,3.3,197,20.9,-92,0.53,77,2.9,96,3.6
Massachusetts,2/1/2022,5775,3778,65.4,-0.9,3637,141,19.5,3.7,278,66.5,-137,0.51,81,2.2,172,4.7
Michigan,2/1/2022,8071,4848,60.1,-1.3,4636,212,14.1,4.4,345,59.0,-133,0.61,157,3.6,173,4.0
Minnesota,2/1/2022,4511,3067,68.0,-2.0,2993,75,-32.1,2.4,237,73.0,-162,0.32,66,2.3,90,3.1
Mississippi,2/1/2022,2286,1268,55.5,-0.5,1218,50,-32.1,3.9,88,72.5,-38,0.56,43,3.7,59,5.1
Missouri,2/1/2022,4863,3045,62.6,-1.4,2960,84,-19.7,2.8,215,73.4,-131,0.39,72,2.5,92,3.2
Montana,2/1/2022,890,559,62.8,-0.9,544,15,-23.0,2.7,44,57.1,-29,0.34,21,4.2,28,5.6
Nebraska,2/1/2022,1515,1055,69.6,-0.5,1033,22,-32.4,2.0,82,64.0,-60,0.26,25,2.5,39,3.8
Nevada,2/1/2022,2515,1523,60.6,-3.6,1444,79,15.7,5.2,108,47.9,-29,0.73,47,3.3,78,5.4
New Hampshire,2/1/2022,1156,758,65.6,-2.7,740,18,-10.8,2.3,59,73.5,-41,0.30,17,2.5,31,4.6
New Jersey,2/1/2022,7456,4710,63.2,-1.3,4488,222,14.0,4.7,299,52.6,-77,0.74,111,2.7,177,4.3
New Mexico,2/1/2022,1672,949,56.8,-1.1,901,48,-5.0,5.1,66,29.4,-18,0.73,24,2.9,37,4.4
New York,2/1/2022,16054,9662,60.2,-0.7,9196,466,13.0,4.8,620,44.2,-154,0.75,178,1.9,317,3.4
North Carolina,2/1/2022,8400,5166,61.5,0.1,4978,188,-1.0,3.6,368,56.6,-180,0.51,153,3.3,260,5.5
North Dakota,2/1/2022,598,413,69.0,-0.3,404,9,0.1,2.2,29,26.1,-20,0.31,13,3.1,15,3.6
Ohio,2/1/2022,9337,5752,61.6,-1.9,5527,224,-16.2,3.9,389,53.8,-165,0.58,145,2.6,223,4.1
Oklahoma,2/1/2022,3078,1888,61.3,0.6,1834,54,-6.4,2.9,121,42.4,-67,0.45,56,3.3,89,5.3
Oregon,2/1/2022,3460,2163,62.5,1.5,2081,82,10.6,3.8,146,33.9,-64,0.56,59,3.1,85,4.4
Pennsylvania,2/1/2022,10504,6457,61.5,-1.3,6182,275,-8.5,4.3,504,80.0,-229,0.55,137,2.3,187,3.2
Rhode Island,2/1/2022,903,575,63.7,-0.5,556,19,-8.9,3.3,40,66.7,-21,0.48,14,2.9,22,4.5
South Carolina,2/1/2022,4164,2406,57.8,-0.1,2328,78,14.3,3.2,164,50.5,-86,0.48,79,3.6,112,5.1
South Dakota,2/1/2022,689,473,68.6,-0.6,464,9,-22.8,1.9,38,65.2,-29,0.23,13,2.9,19,4.2
Tennessee,2/1/2022,5562,3387,60.9,-0.5,3273,114,-1.2,3.4,249,77.9,-135,0.46,118,3.7,165,5.2
Texas,2/1/2022,22853,14662,64.2,0.3,14058,605,20.5,4.1,958,81.4,-353,0.63,465,3.5,559,4.3
Utah,2/1/2022,2514,1727,68.7,0.4,1688,39,-4.0,2.3,130,73.3,-91,0.30,55,3.3,83,5.0
Vermont,2/1/2022,541,340,62.8,-3.0,332,8,2.6,2.3,28,64.7,-20,0.28,9,3.0,14,4.7
Virginia,2/1/2022,6816,4387,64.4,-1.3,4271,116,-9.5,2.6,294,33.6,-178,0.39,116,2.9,154,3.8
Washington,2/1/2022,6189,3945,63.7,-1.7,3790,155,3.5,3.9,223,17.4,-68,0.69,90,2.6,141,4.1
West Virginia,2/1/2022,1434,782,54.5,-0.5,750,31,-25.8,4.0,62,24.0,-31,0.50,26,3.8,35,5.1
Wisconsin,2/1/2022,4724,3098,65.6,-0.6,3008,90,-6.1,2.9,235,46.9,-145,0.38,75,2.6,115,3.9
Wyoming,2/1/2022,455,288,63.4,-2.4,279,10,-27.9,3.4,23,27.8,-13,0.43,10,3.5,15,5.3
Alabama,1/1/2022,4006,2270,56.7,-0.6,2210,59,-19.9,2.6,145,46.5,-86,0.41,72,3.5,98,4.7
Alaska,1/1/2022,546,356,65.2,0.7,337,19,-0.4,5.3,33,43.5,-14,0.57,13,4.1,20,6.3
Arizona,1/1/2022,5788,3548,61.3,-0.7,3418,129,-23.3,3.6,237,51.0,-108,0.55,105,3.4,151,5.0
Arkansas,1/1/2022,2367,1351,57.1,-0.8,1309,43,-11.0,3.2,87,35.9,-44,0.49,43,3.3,70,5.4
California,1/1/2022,31156,19254,61.8,-1.2,18256,998,16.0,5.2,1230,52.6,-232,0.81,419,2.4,714,4.1
Colorado,1/1/2022,4648,3183,68.5,-0.2,3057,126,26.7,4.0,239,86.7,-113,0.53,85,3.0,129,4.6
Connecticut,1/1/2022,2940,1954,66.5,0.2,1860,94,25.8,4.8,107,59.7,-13,0.87,37,2.2,64,3.9
Delaware,1/1/2022,816,500,61.3,0.3,477,23,31.7,4.5,34,54.5,-11,0.67,16,3.5,23,5.0
District of Columbia,1/1/2022,552,389,70.5,-1.0,366,23,0.2,5.9,51,64.5,-28,0.45,15,2.0,25,3.3
Florida,1/1/2022,18002,10558,58.7,-0.7,10185,373,20.7,3.5,691,58.9,-318,0.54,320,3.5,388,4.2
Georgia,1/1/2022,8467,5241,61.9,-1.0,5078,163,-13.9,3.1,422,78.1,-259,0.39,186,3.9,259,5.5
Hawaii,1/1/2022,1130,669,59.3,-2.1,649,21,39.6,3.1,40,33.3,-19,0.52,16,2.6,21,3.5
Idaho,1/1/2022,1483,941,63.4,-0.8,914,26,2.7,2.8,63,61.5,-37,0.42,27,3.3,42,5.2
Illinois,1/1/2022,10091,6475,64.2,0.0,6168,307,23.6,4.7,471,81.9,-164,0.65,151,2.5,274,4.6
Indiana,1/1/2022,5339,3363,63.0,-1.2,3263,99,-15.0,3.0,259,66.0,-160,0.38,102,3.2,152,4.8
Iowa,1/1/2022,2509,1690,67.3,-1.8,1642,47,2.9,2.8,131,72.4,-84,0.36,41,2.6,62,4.0
Kansas,1/1/2022,2260,1503,66.5,-0.6,1464,39,-16.5,2.6,102,50.0,-63,0.38,41,2.9,56,4.0
Kentucky,1/1/2022,3532,2049,58.0,-0.6,1967,82,-3.6,4.0,152,61.7,-70,0.54,65,3.4,98,5.1
Louisiana,1/1/2022,3569,2069,58.0,0.0,1987,82,-15.9,3.9,139,52.7,-57,0.59,67,3.5,100,5.2
Maine,1/1/2022,1149,689,60.0,-2.1,664,25,12.3,3.6,49,53.1,-24,0.51,22,3.5,29,4.6
Maryland,1/1/2022,4901,3177,64.8,-4.5,3066,111,-3.6,3.5,204,25.2,-93,0.54,68,2.5,98,3.6
Massachusetts,1/1/2022,5774,3773,65.3,-1.0,3628,145,23.2,3.8,300,79.6,-155,0.48,102,2.8,144,4.0
Michigan,1/1/2022,8072,4834,59.9,-1.4,4620,214,15.4,4.4,327,50.7,-113,0.66,132,3.1,198,4.6
Minnesota,1/1/2022,4511,3065,67.9,-2.0,2986,79,-27.9,2.6,246,79.6,-167,0.32,68,2.3,105,3.6
Mississippi,1/1/2022,2287,1267,55.4,-0.6,1216,51,-30.5,4.0,87,70.6,-36,0.58,42,3.6,58,5.0
Missouri,1/1/2022,4863,3044,62.6,-1.4,2954,91,-13.6,3.0,228,83.9,-137,0.40,81,2.8,108,3.7
Montana,1/1/2022,889,557,62.7,-1.0,542,15,-22.8,2.7,44,57.1,-29,0.34,17,3.4,28,5.6
Nebraska,1/1/2022,1515,1054,69.5,-0.6,1031,22,-30.8,2.1,73,46.0,-51,0.30,26,2.5,38,3.7
Nevada,1/1/2022,2513,1512,60.2,-4.0,1433,79,15.6,5.2,106,45.2,-27,0.74,40,2.8,68,4.7
New Hampshire,1/1/2022,1155,755,65.4,-2.8,737,18,-8.6,2.4,61,79.4,-43,0.30,21,3.1,30,4.5
New Jersey,1/1/2022,7455,4697,63.0,-1.5,4453,244,25.3,5.2,296,51.0,-52,0.83,101,2.4,163,3.9
New Mexico,1/1/2022,1672,950,56.8,-1.0,898,52,1.9,5.4,70,37.3,-18,0.74,25,3.0,40,4.8
New York,1/1/2022,16064,9661,60.1,-0.8,9161,500,21.1,5.2,660,53.5,-160,0.76,182,1.9,325,3.5
North Carolina,1/1/2022,8392,5156,61.4,0.1,4964,192,1.3,3.7,392,66.8,-200,0.49,154,3.3,238,5.0
North Dakota,1/1/2022,598,412,68.9,-0.4,403,9,3.1,2.3,34,47.8,-25,0.28,12,2.8,20,4.7
Ohio,1/1/2022,9338,5744,61.5,-2.0,5515,229,-14.5,4.0,449,77.5,-220,0.51,145,2.6,223,4.1
Oklahoma,1/1/2022,3076,1882,61.2,0.4,1828,54,-7.2,2.9,128,50.6,-74,0.42,60,3.6,93,5.6
Oregon,1/1/2022,3461,2161,62.4,1.4,2076,84,13.5,3.9,155,42.2,-71,0.54,61,3.2,96,5.0
Pennsylvania,1/1/2022,10509,6440,61.3,-1.5,6160,280,-7.1,4.3,493,76.1,-213,0.57,124,2.1,247,4.2
Rhode Island,1/1/2022,903,575,63.7,-0.5,554,20,-3.0,3.5,39,62.5,-19,0.52,14,2.9,23,4.7
South Carolina,1/1/2022,4158,2398,57.7,-0.2,2320,78,14.8,3.3,201,84.4,-123,0.39,77,3.5,115,5.2
South Dakota,1/1/2022,688,472,68.6,-0.6,463,9,-20.6,1.9,35,52.2,-26,0.26,13,2.9,20,4.5
Tennessee,1/1/2022,5557,3375,60.7,-0.7,3260,114,-0.7,3.4,244,74.3,-130,0.47,113,3.6,160,5.0
Texas,1/1/2022,22819,14630,64.1,0.2,13996,634,26.3,4.3,997,88.8,-363,0.64,416,3.2,667,5.1
Utah,1/1/2022,2510,1720,68.5,0.3,1682,39,-5.0,2.2,122,62.7,-83,0.32,54,3.3,73,4.4
Vermont,1/1/2022,541,339,62.7,-3.2,331,8,6.5,2.4,26,52.9,-18,0.31,9,3.0,14,4.7
Virginia,1/1/2022,6816,4372,64.1,-1.5,4254,118,-7.8,2.7,286,30.0,-168,0.41,118,2.9,165,4.1
Washington,1/1/2022,6186,3934,63.6,-1.8,3778,156,4.1,4.0,220,15.8,-64,0.71,76,2.2,117,3.4
West Virginia,1/1/2022,1436,780,54.3,-0.6,748,32,-25.3,4.0,58,16.0,-26,0.54,25,3.6,36,5.2
Wisconsin,1/1/2022,4723,3097,65.6,-0.6,3006,91,-5.0,2.9,226,41.3,-135,0.40,86,2.9,120,4.1
Wyoming,1/1/2022,454,287,63.2,-2.6,277,10,-26.7,3.5,24,33.3,-14,0.42,10,3.5,15,5.3
Alabama,12/1/2021,4005,2265,56.5,-0.7,2204,60,-18.3,2.7,163,64.6,-103,0.37,81,3.9,105,5.1
Alaska,12/1/2021,546,355,65.1,0.6,336,19,2.4,5.4,31,34.8,-12,0.62,14,4.4,21,6.6
Arizona,12/1/2021,5780,3536,61.2,-0.8,3406,130,-22.8,3.7,217,38.2,-87,0.60,110,3.6,143,4.7
Arkansas,12/1/2021,2366,1346,56.9,-1.0,1303,43,-11.5,3.2,85,32.8,-42,0.50,46,3.5,65,5.0
California,12/1/2021,31149,19210,61.7,-1.4,18166,1044,21.4,5.4,1220,51.4,-176,0.86,427,2.5,705,4.1
Colorado,12/1/2021,4644,3176,68.4,-0.3,3043,133,33.0,4.2,212,65.6,-79,0.63,92,3.3,135,4.8
Connecticut,12/1/2021,2940,1935,65.8,-0.4,1838,97,31.0,5.0,109,62.7,-12,0.89,42,2.6,62,3.8
Delaware,12/1/2021,814,498,61.2,0.2,475,23,33.3,4.6,36,63.6,-13,0.64,16,3.5,24,5.2
District of Columbia,12/1/2021,552,386,70.0,-1.5,363,23,2.0,6.1,47,51.6,-24,0.50,17,2.3,27,3.6
Florida,12/1/2021,17963,10509,58.5,-0.8,10132,377,22.0,3.6,663,52.4,-286,0.57,320,3.5,503,5.5
Georgia,12/1/2021,8457,5227,61.8,-1.1,5062,165,-12.9,3.2,426,79.7,-261,0.39,219,4.7,253,5.4
Hawaii,12/1/2021,1130,668,59.1,-2.3,647,21,38.5,3.1,38,26.7,-17,0.55,16,2.6,23,3.8
Idaho,12/1/2021,1480,937,63.3,-0.9,910,27,5.4,2.9,61,56.4,-34,0.44,27,3.3,45,5.6
Illinois,12/1/2021,10096,6453,63.9,-0.2,6144,309,24.4,4.8,414,59.8,-105,0.75,168,2.8,285,4.8
Indiana,12/1/2021,5338,3350,62.8,-1.4,3249,101,-13.5,3.0,244,56.4,-143,0.41,107,3.4,146,4.7
Iowa,12/1/2021,2509,1686,67.2,-2.0,1636,50,7.7,2.9,119,56.6,-69,0.42,46,3.0,61,3.9
Kansas,12/1/2021,2259,1501,66.4,-0.7,1461,40,-15.0,2.6,105,54.4,-65,0.38,43,3.1,59,4.2
Kentucky,12/1/2021,3531,2046,57.9,-0.7,1963,83,-2.3,4.1,140,48.9,-57,0.59,74,3.8,106,5.5
Louisiana,12/1/2021,3570,2062,57.7,-0.2,1979,83,-14.9,4.0,137,50.5,-54,0.60,73,3.8,123,6.5
Maine,12/1/2021,1148,689,60.0,-2.0,663,26,19.3,3.8,46,43.8,-20,0.58,23,3.7,29,4.6
Maryland,12/1/2021,4901,3169,64.7,-4.6,3057,112,-3.1,3.5,205,25.8,-93,0.54,65,2.4,100,3.7
Massachusetts,12/1/2021,5772,3763,65.2,-1.1,3616,148,25.4,3.9,290,73.7,-142,0.51,90,2.5,128,3.6
Michigan,12/1/2021,8071,4819,59.7,-1.6,4600,218,17.5,4.5,361,66.4,-143,0.60,131,3.0,207,4.8
Minnesota,12/1/2021,4510,3059,67.8,-2.1,2975,84,-23.4,2.8,205,49.6,-121,0.41,65,2.2,108,3.7
Mississippi,12/1/2021,2287,1265,55.3,-0.7,1213,52,-28.5,4.1,81,58.8,-29,0.65,48,4.2,58,5.0
Missouri,12/1/2021,4862,3043,62.6,-1.4,2946,97,-8.1,3.2,223,79.8,-126,0.43,77,2.7,107,3.7
Montana,12/1/2021,888,555,62.5,-1.2,540,15,-22.0,2.7,43,53.6,-28,0.35,20,4.0,30,6.0
Nebraska,12/1/2021,1514,1052,69.5,-0.6,1029,23,-28.5,2.2,65,30.0,-42,0.35,25,2.5,39,3.8
Nevada,12/1/2021,2510,1500,59.8,-4.4,1421,79,16.0,5.3,114,56.2,-35,0.69,41,2.9,78,5.4
New Hampshire,12/1/2021,1154,753,65.3,-3.0,735,19,-5.4,2.5,59,73.5,-40,0.32,23,3.4,32,4.7
New Jersey,12/1/2021,7453,4675,62.7,-1.7,4416,259,32.6,5.5,281,43.4,-22,0.92,102,2.5,162,3.9
New Mexico,12/1/2021,1672,948,56.7,-1.1,895,53,5.2,5.6,67,31.4,-14,0.80,24,2.9,42,5.0
New York,12/1/2021,16070,9644,60.0,-0.9,9121,523,26.7,5.4,716,66.5,-193,0.73,190,2.0,334,3.6
North Carolina,12/1/2021,8382,5116,61.0,-0.3,4919,197,3.6,3.8,359,52.8,-162,0.55,177,3.8,254,5.4
North Dakota,12/1/2021,598,411,68.8,-0.5,402,10,6.0,2.3,32,39.1,-22,0.30,12,2.8,19,4.5
Ohio,12/1/2021,9338,5736,61.4,-2.1,5501,235,-12.2,4.1,457,80.6,-222,0.51,129,2.4,197,3.6
Oklahoma,12/1/2021,3074,1875,61.0,0.2,1822,54,-7.6,2.9,127,49.4,-73,0.42,62,3.7,88,5.3
Oregon,12/1/2021,3461,2154,62.2,1.2,2068,85,14.6,4.0,152,39.4,-67,0.56,59,3.1,94,4.9
Pennsylvania,12/1/2021,10512,6424,61.1,-1.7,6136,287,-4.5,4.5,402,43.6,-115,0.72,135,2.3,249,4.2
Rhode Island,12/1/2021,903,574,63.6,-0.6,553,21,3.0,3.7,37,54.2,-16,0.58,14,2.9,23,4.7
South Carolina,12/1/2021,4152,2390,57.6,-0.3,2312,79,15.4,3.3,176,61.5,-97,0.45,81,3.7,137,6.3
South Dakota,12/1/2021,688,472,68.6,-0.6,462,10,-17.5,2.0,36,56.5,-26,0.26,12,2.7,20,4.5
Tennessee,12/1/2021,5550,3361,60.6,-0.9,3246,116,0.4,3.4,260,85.7,-144,0.44,121,3.8,166,5.3
Texas,12/1/2021,22781,14577,64.0,0.1,13928,649,29.3,4.5,961,82.0,-312,0.68,437,3.3,661,5.1
Utah,12/1/2021,2506,1713,68.4,0.1,1674,38,-5.4,2.2,114,52.0,-76,0.34,57,3.5,85,5.2
Vermont,12/1/2021,541,338,62.5,-3.3,330,9,11.6,2.5,23,35.3,-14,0.37,10,3.3,13,4.3
Virginia,12/1/2021,6814,4355,63.9,-1.7,4235,121,-5.5,2.8,304,38.2,-183,0.40,98,2.4,152,3.8
Washington,12/1/2021,6182,3923,63.5,-2.0,3765,158,5.8,4.0,223,17.4,-65,0.71,87,2.5,139,4.0
West Virginia,12/1/2021,1437,778,54.1,-0.8,746,32,-24.5,4.1,58,16.0,-26,0.55,25,3.6,37,5.4
Wisconsin,12/1/2021,4721,3095,65.6,-0.6,3002,92,-3.7,3.0,210,31.3,-118,0.44,84,2.9,119,4.1
Wyoming,12/1/2021,454,286,63.0,-2.8,276,10,-24.9,3.6,24,33.3,-14,0.43,11,3.9,17,6.0
Alabama,11/1/2021,4003,2259,56.4,-0.8,2197,62,-15.9,2.8,166,67.7,-104,0.38,65,3.1,101,4.9
Alaska,11/1/2021,546,354,64.9,0.4,335,20,4.1,5.5,32,39.1,-12,0.61,14,4.5,20,6.4
Arizona,11/1/2021,5771,3527,61.1,-0.9,3393,134,-20.8,3.8,211,34.4,-77,0.63,93,3.1,142,4.7
Arkansas,11/1/2021,2365,1340,56.7,-1.2,1297,43,-10.4,3.2,93,45.3,-50,0.46,39,3.0,67,5.2
California,11/1/2021,31142,19147,61.5,-1.5,18059,1087,26.4,5.7,1210,50.1,-123,0.90,416,2.4,704,4.1
Colorado,11/1/2021,4640,3167,68.2,-0.4,3028,139,39.4,4.4,205,60.2,-66,0.68,107,3.8,117,4.2
Connecticut,11/1/2021,2939,1916,65.2,-1.1,1815,101,35.9,5.3,107,59.7,-6,0.94,33,2.0,57,3.5
Delaware,11/1/2021,813,497,61.1,0.1,473,24,37.4,4.8,37,68.2,-13,0.64,14,3.1,25,5.5
District of Columbia,11/1/2021,552,387,70.1,-1.3,362,24,6.2,6.3,51,64.5,-27,0.48,14,1.9,29,3.9
Florida,11/1/2021,17922,10474,58.4,-0.9,10076,398,28.7,3.8,723,66.2,-325,0.55,273,3.0,466,5.1
Georgia,11/1/2021,8447,5213,61.7,-1.2,5045,168,-11.0,3.2,446,88.2,-278,0.38,152,3.2,266,5.7
Hawaii,11/1/2021,1130,666,58.9,-2.4,645,21,40.1,3.2,39,30.0,-18,0.54,17,2.8,23,3.8
Idaho,11/1/2021,1478,934,63.2,-1.0,906,28,9.4,3.0,60,53.8,-32,0.47,28,3.5,38,4.7
Illinois,11/1/2021,10100,6427,63.6,-0.5,6112,316,27.4,4.9,455,75.7,-139,0.69,131,2.2,271,4.6
Indiana,11/1/2021,5336,3339,62.6,-1.6,3235,105,-10.4,3.1,254,62.8,-149,0.41,108,3.5,153,4.9
Iowa,11/1/2021,2509,1683,67.1,-2.1,1630,52,13.9,3.1,108,42.1,-56,0.49,38,2.5,58,3.7
Kansas,11/1/2021,2259,1500,66.4,-0.7,1458,41,-11.5,2.8,109,60.3,-68,0.38,41,3.0,59,4.2
Kentucky,11/1/2021,3531,2041,57.8,-0.8,1956,85,-0.3,4.2,161,71.3,-76,0.53,65,3.4,107,5.5
Louisiana,11/1/2021,3572,2058,57.6,-0.4,1971,87,-10.8,4.2,186,104.4,-99,0.47,65,3.4,126,6.6
Maine,11/1/2021,1147,689,60.1,-1.9,662,28,25.2,4.0,41,28.1,-13,0.68,16,2.6,26,4.1
Maryland,11/1/2021,4900,3170,64.7,-4.6,3046,124,7.6,3.9,225,38.0,-101,0.55,62,2.3,99,3.7
Massachusetts,11/1/2021,5769,3758,65.1,-1.2,3602,156,32.4,4.2,304,82.0,-148,0.51,78,2.2,128,3.6
Michigan,11/1/2021,8070,4805,59.5,-1.8,4578,227,22.0,4.7,386,77.9,-159,0.59,117,2.7,195,4.6
Minnesota,11/1/2021,4509,3054,67.7,-2.2,2965,89,-18.6,2.9,219,59.9,-130,0.41,60,2.1,98,3.4
Mississippi,11/1/2021,2287,1263,55.2,-0.8,1209,54,-25.5,4.3,89,74.5,-35,0.61,42,3.6,60,5.2
Missouri,11/1/2021,4861,3040,62.5,-1.5,2938,102,-3.0,3.4,231,86.3,-129,0.44,85,3.0,112,3.9
Montana,11/1/2021,887,552,62.3,-1.4,537,16,-19.8,2.8,43,53.6,-27,0.36,21,4.2,29,5.8
Nebraska,11/1/2021,1514,1050,69.4,-0.7,1026,24,-25.4,2.3,73,46.0,-49,0.33,25,2.5,37,3.7
Nevada,11/1/2021,2508,1498,59.7,-4.5,1417,81,18.5,5.4,114,56.2,-33,0.71,46,3.2,79,5.5
New Hampshire,11/1/2021,1154,752,65.2,-3.1,732,20,0.1,2.6,55,61.8,-35,0.36,18,2.7,35,5.2
New Jersey,11/1/2021,7450,4665,62.6,-1.9,4403,262,34.1,5.6,309,57.7,-47,0.85,91,2.2,177,4.3
New Mexico,11/1/2021,1672,946,56.6,-1.2,891,55,8.6,5.8,73,43.1,-18,0.75,24,2.9,42,5.0
New York,11/1/2021,16076,9609,59.8,-1.1,9077,532,28.8,5.5,630,46.5,-98,0.84,171,1.8,324,3.5
North Carolina,11/1/2021,8372,5078,60.7,-0.7,4873,205,8.2,4.0,345,46.8,-140,0.59,147,3.1,230,4.9
North Dakota,11/1/2021,598,410,68.6,-0.7,400,10,9.6,2.4,31,34.8,-21,0.32,12,2.9,19,4.5
Ohio,11/1/2021,9337,5732,61.4,-2.1,5488,244,-8.8,4.3,429,69.6,-185,0.57,141,2.6,225,4.1
Oklahoma,11/1/2021,3072,1869,60.9,0.1,1814,55,-5.3,2.9,125,47.1,-70,0.44,57,3.4,86,5.2
Oregon,11/1/2021,3461,2145,62.0,1.0,2059,86,16.2,4.0,149,36.7,-63,0.58,59,3.1,83,4.4
Pennsylvania,11/1/2021,10513,6414,61.0,-1.8,6113,301,-0.1,4.7,399,42.5,-98,0.75,150,2.6,252,4.3
Rhode Island,11/1/2021,902,574,63.7,-0.6,551,24,14.0,4.1,40,66.7,-16,0.59,14,2.9,25,5.1
South Carolina,11/1/2021,4144,2384,57.5,-0.3,2303,80,17.9,3.4,187,71.6,-107,0.43,80,3.7,114,5.2
South Dakota,11/1/2021,687,471,68.6,-0.6,461,10,-13.2,2.1,35,52.2,-25,0.29,13,2.9,18,4.1
Tennessee,11/1/2021,5544,3350,60.4,-1.0,3231,119,3.0,3.5,250,78.6,-131,0.47,93,3.0,156,5.0
Texas,11/1/2021,22742,14526,63.9,0.0,13857,669,33.4,4.6,988,87.1,-319,0.68,447,3.4,646,5.0
Utah,11/1/2021,2501,1706,68.2,-0.1,1667,39,-4.1,2.3,116,54.7,-77,0.34,53,3.2,72,4.4
Vermont,11/1/2021,541,337,62.4,-3.5,328,9,17.7,2.7,25,47.1,-16,0.36,9,3.0,13,4.3
Virginia,11/1/2021,6812,4341,63.7,-1.9,4215,126,-1.1,2.9,287,30.5,-161,0.44,96,2.4,161,4.0
Washington,11/1/2021,6177,3914,63.4,-2.1,3750,164,10.0,4.2,238,25.3,-74,0.69,89,2.6,145,4.2
West Virginia,11/1/2021,1437,776,54.0,-0.9,744,33,-22.7,4.2,57,14.0,-24,0.57,21,3.1,35,5.1
Wisconsin,11/1/2021,4718,3093,65.6,-0.6,2999,95,-1.0,3.1,196,22.5,-101,0.48,78,2.7,118,4.0
Wyoming,11/1/2021,454,286,63.0,-2.8,275,11,-22.3,3.7,23,27.8,-12,0.46,11,3.9,15,5.4
Alabama,10/1/2021,4001,2253,56.3,-0.9,2188,65,-12.2,2.9,146,47.5,-81,0.45,66,3.2,107,5.2
Alaska,10/1/2021,546,353,64.7,0.3,333,20,8.2,5.8,30,30.4,-10,0.68,15,4.8,20,6.4
Arizona,10/1/2021,5763,3520,61.1,-0.9,3380,140,-17.1,4.0,208,32.5,-68,0.67,94,3.1,139,4.6
Arkansas,10/1/2021,2363,1335,56.5,-1.4,1291,44,-7.6,3.3,97,51.6,-53,0.46,45,3.5,67,5.2
California,10/1/2021,31134,19127,61.4,-1.6,17960,1167,35.7,6.1,1191,47.8,-24,0.98,457,2.7,688,4.1
Colorado,10/1/2021,4636,3158,68.1,-0.5,3012,146,46.4,4.6,208,62.5,-62,0.70,106,3.8,131,4.7
Connecticut,10/1/2021,2938,1898,64.6,-1.7,1792,107,43.4,5.6,100,49.3,7,1.07,38,2.3,64,3.9
Delaware,10/1/2021,812,496,61.1,0.1,472,24,41.7,4.9,34,54.5,-10,0.72,16,3.5,24,5.3
District of Columbia,10/1/2021,551,387,70.2,-1.3,362,25,9.1,6.5,48,54.8,-23,0.52,13,1.7,26,3.5
Florida,10/1/2021,17882,10434,58.4,-1.0,10019,416,34.4,4.0,672,54.5,-256,0.62,274,3.0,431,4.8
Georgia,10/1/2021,8436,5202,61.7,-1.2,5029,173,-8.4,3.3,422,78.1,-249,0.41,171,3.7,265,5.7
Hawaii,10/1/2021,1130,665,58.8,-2.5,643,22,44.6,3.3,37,23.3,-15,0.58,18,3.0,23,3.8
Idaho,10/1/2021,1475,931,63.1,-1.1,902,29,13.8,3.1,60,53.8,-31,0.49,30,3.7,39,4.9
Illinois,10/1/2021,10104,6406,63.4,-0.8,6075,332,33.7,5.2,445,71.8,-113,0.75,172,2.9,273,4.7
Indiana,10/1/2021,5334,3333,62.5,-1.7,3223,110,-5.9,3.3,240,53.8,-130,0.46,103,3.3,158,5.1
Iowa,10/1/2021,2508,1682,67.0,-2.1,1625,56,21.8,3.3,108,42.1,-52,0.52,39,2.5,64,4.1
Kansas,10/1/2021,2259,1500,66.4,-0.7,1456,44,-5.7,2.9,88,29.4,-44,0.50,35,2.5,55,4.0
Kentucky,10/1/2021,3530,2036,57.7,-0.9,1949,87,2.3,4.3,140,48.9,-53,0.62,67,3.5,93,4.9
Louisiana,10/1/2021,3573,2056,57.5,-0.5,1963,92,-4.7,4.5,141,54.9,-49,0.66,90,4.9,93,5.0
Maine,10/1/2021,1146,690,60.2,-1.8,661,30,33.4,4.3,44,37.5,-14,0.67,17,2.7,29,4.6
Maryland,10/1/2021,4899,3169,64.7,-4.6,3035,134,16.8,4.2,212,30.1,-78,0.63,64,2.4,106,4.0
Massachusetts,10/1/2021,5767,3754,65.1,-1.2,3587,167,41.6,4.4,278,66.5,-111,0.60,79,2.2,131,3.7
Michigan,10/1/2021,8069,4794,59.4,-1.9,4555,240,29.0,5.0,364,67.7,-124,0.66,117,2.8,201,4.8
Minnesota,10/1/2021,4507,3049,67.6,-2.3,2954,95,-13.6,3.1,195,42.3,-100,0.49,67,2.3,95,3.3
Mississippi,10/1/2021,2287,1262,55.2,-0.8,1204,57,-21.6,4.5,83,62.7,-26,0.69,40,3.5,65,5.7
Missouri,10/1/2021,4860,3037,62.5,-1.5,2930,107,2.1,3.5,204,64.5,-97,0.53,85,3.0,119,4.2
Montana,10/1/2021,886,550,62.1,-1.6,534,16,-16.6,2.9,41,46.4,-25,0.39,22,4.4,29,5.9
Nebraska,10/1/2021,1513,1049,69.3,-0.8,1024,25,-21.9,2.4,68,36.0,-43,0.37,26,2.6,40,4.0
Nevada,10/1/2021,2505,1496,59.7,-4.5,1412,84,22.6,5.6,104,42.5,-20,0.80,66,4.7,77,5.5
New Hampshire,10/1/2021,1153,751,65.1,-3.1,730,21,7.4,2.8,51,50.0,-30,0.42,20,3.0,30,4.5
New Jersey,10/1/2021,7447,4669,62.7,-1.8,4391,278,42.3,5.9,295,50.5,-17,0.94,70,1.7,174,4.3
New Mexico,10/1/2021,1672,944,56.5,-1.3,887,57,12.4,6.0,68,33.3,-11,0.84,28,3.4,42,5.1
New York,10/1/2021,16081,9597,59.7,-1.2,9033,564,36.7,5.9,598,39.1,-34,0.94,183,2.0,332,3.6
North Carolina,10/1/2021,8361,5041,60.3,-1.1,4827,214,12.9,4.2,342,45.5,-128,0.63,154,3.3,236,5.1
North Dakota,10/1/2021,598,409,68.5,-0.8,399,10,14.4,2.5,32,39.1,-22,0.32,11,2.6,20,4.8
Ohio,10/1/2021,9336,5732,61.4,-2.1,5476,256,-4.3,4.5,403,59.3,-147,0.64,154,2.9,232,4.3
Oklahoma,10/1/2021,3069,1865,60.8,0.0,1807,58,-0.1,3.1,125,47.1,-67,0.46,50,3.0,83,5.0
Oregon,10/1/2021,3461,2139,61.8,0.8,2049,90,21.2,4.2,141,29.4,-51,0.64,65,3.4,85,4.5
Pennsylvania,10/1/2021,10515,6413,61.0,-1.8,6094,319,5.9,5.0,441,57.5,-122,0.72,134,2.3,217,3.7
Rhode Island,10/1/2021,902,575,63.8,-0.4,549,27,28.1,4.6,39,62.5,-12,0.69,13,2.7,25,5.2
South Carolina,10/1/2021,4137,2379,57.5,-0.4,2296,83,21.5,3.5,182,67.0,-99,0.46,64,3.0,107,4.9
South Dakota,10/1/2021,686,471,68.6,-0.6,460,11,-7.7,2.3,33,43.5,-22,0.32,12,2.7,21,4.7
Tennessee,10/1/2021,5537,3342,60.4,-1.1,3218,124,7.7,3.7,235,67.9,-111,0.53,104,3.3,150,4.8
Texas,10/1/2021,22702,14485,63.8,-0.1,13784,701,39.8,4.8,893,69.1,-192,0.79,433,3.4,674,5.2
Utah,10/1/2021,2496,1700,68.1,-0.2,1660,40,-1.5,2.4,111,48.0,-71,0.36,60,3.7,64,3.9
Vermont,10/1/2021,541,337,62.3,-3.6,327,10,24.2,2.8,22,29.4,-12,0.43,8,2.7,13,4.4
Virginia,10/1/2021,6809,4330,63.6,-2.0,4197,134,4.7,3.1,335,52.3,-201,0.40,109,2.7,181,4.6
Washington,10/1/2021,6172,3909,63.3,-2.1,3736,173,16.0,4.4,229,20.5,-56,0.76,76,2.2,140,4.1
West Virginia,10/1/2021,1438,775,53.9,-1.1,741,34,-20.1,4.3,55,10.0,-21,0.61,27,4.0,34,5.0
Wisconsin,10/1/2021,4716,3094,65.6,-0.5,2995,99,3.4,3.2,218,36.3,-119,0.45,78,2.7,120,4.1
Wyoming,10/1/2021,454,286,63.1,-2.8,275,11,-19.0,3.9,22,22.2,-11,0.50,11,3.9,14,5.0
Alabama,9/1/2021,3999,2249,56.2,-1.0,2181,68,-8.2,3.0,149,50.5,-81,0.46,61,3.0,102,5.0
Alaska,9/1/2021,546,352,64.5,0.1,331,21,11.4,6.0,31,34.8,-10,0.68,15,4.8,22,7.1
Arizona,9/1/2021,5754,3516,61.1,-0.9,3367,149,-11.7,4.2,229,45.9,-80,0.65,89,3.0,131,4.4
Arkansas,9/1/2021,2362,1331,56.4,-1.5,1285,47,-3.4,3.5,104,62.5,-57,0.45,42,3.3,66,5.1
California,9/1/2021,31125,19092,61.3,-1.7,17852,1240,44.2,6.5,1158,43.7,82,1.07,439,2.6,673,4.0
Colorado,9/1/2021,4631,3151,68.0,-0.6,2997,154,54.5,4.9,223,74.2,-69,0.69,93,3.4,143,5.2
Connecticut,9/1/2021,2937,1880,64.0,-2.3,1769,111,49.1,5.9,102,52.2,9,1.09,37,2.3,63,3.9
Delaware,9/1/2021,811,496,61.1,0.1,470,25,46.9,5.1,35,59.1,-10,0.72,15,3.3,23,5.1
District of Columbia,9/1/2021,551,386,70.1,-1.3,361,26,11.7,6.6,50,61.3,-24,0.51,11,1.5,23,3.1
Florida,9/1/2021,17840,10397,58.3,-1.0,9962,434,40.5,4.2,667,53.3,-233,0.65,275,3.1,425,4.7
Georgia,9/1/2021,8426,5195,61.7,-1.2,5015,180,-4.7,3.5,417,75.9,-237,0.43,191,4.1,229,4.9
Hawaii,9/1/2021,1130,667,59.0,-2.3,641,26,74.9,3.9,39,30.0,-13,0.67,15,2.5,23,3.8
Idaho,9/1/2021,1472,928,63.1,-1.1,898,30,18.1,3.3,64,64.1,-34,0.47,30,3.7,43,5.4
Illinois,9/1/2021,10108,6388,63.2,-1.0,6037,351,41.6,5.5,419,61.8,-68,0.84,194,3.3,228,3.9
Indiana,9/1/2021,5331,3331,62.5,-1.7,3215,117,-0.2,3.5,225,44.2,-108,0.52,114,3.7,151,4.9
Iowa,9/1/2021,2508,1681,67.0,-2.1,1621,60,30.9,3.6,106,39.5,-46,0.57,45,2.9,60,3.9
Kansas,9/1/2021,2258,1501,66.5,-0.6,1454,47,0.9,3.1,83,22.1,-36,0.57,42,3.0,55,4.0
Kentucky,9/1/2021,3529,2030,57.5,-1.1,1941,89,4.6,4.4,175,86.2,-86,0.51,72,3.8,98,5.1
Louisiana,9/1/2021,3575,2055,57.5,-0.5,1956,99,1.8,4.8,139,52.7,-40,0.71,59,3.1,86,4.5
Maine,9/1/2021,1145,691,60.3,-1.7,660,31,38.6,4.5,49,53.1,-18,0.63,15,2.4,26,4.2
Maryland,9/1/2021,4898,3168,64.7,-4.6,3023,145,25.7,4.6,212,30.1,-67,0.68,60,2.2,98,3.7
Massachusetts,9/1/2021,5764,3751,65.1,-1.3,3574,176,49.5,4.7,276,65.3,-100,0.64,67,1.9,127,3.6
Michigan,9/1/2021,8067,4785,59.3,-2.0,4531,254,36.9,5.3,366,68.7,-112,0.70,139,3.3,222,5.3
Minnesota,9/1/2021,4506,3043,67.5,-2.4,2943,100,-8.9,3.3,179,30.7,-79,0.56,80,2.8,100,3.5
Mississippi,9/1/2021,2287,1260,55.1,-0.9,1199,61,-16.8,4.8,83,62.7,-22,0.73,38,3.3,48,4.2
Missouri,9/1/2021,4859,3035,62.5,-1.5,2922,113,7.2,3.7,205,65.3,-92,0.55,92,3.2,118,4.1
Montana,9/1/2021,885,548,61.9,-1.7,531,17,-12.8,3.1,42,50.0,-25,0.40,20,4.1,28,5.7
Nebraska,9/1/2021,1512,1047,69.3,-0.8,1022,26,-18.5,2.5,70,40.0,-44,0.37,29,2.9,45,4.4
Nevada,9/1/2021,2502,1496,59.8,-4.4,1408,87,28.2,5.8,120,64.4,-33,0.73,44,3.1,85,6.1
New Hampshire,9/1/2021,1152,751,65.2,-3.1,728,23,15.1,3.0,55,61.8,-32,0.41,18,2.7,29,4.3
New Jersey,9/1/2021,7445,4671,62.7,-1.7,4380,291,49.3,6.2,310,58.2,-19,0.94,97,2.4,171,4.2
New Mexico,9/1/2021,1671,942,56.4,-1.4,883,59,16.9,6.3,68,33.3,-9,0.87,25,3.0,40,4.9
New York,9/1/2021,16086,9587,59.6,-1.3,8991,595,44.3,6.2,589,37.0,6,1.01,180,2.0,337,3.7
North Carolina,9/1/2021,8351,5005,59.9,-1.4,4782,223,17.6,4.5,353,50.2,-130,0.63,141,3.0,220,4.8
North Dakota,9/1/2021,597,409,68.4,-0.9,398,11,19.7,2.7,29,26.1,-18,0.37,12,2.9,20,4.8
Ohio,9/1/2021,9335,5734,61.4,-2.1,5463,270,1.0,4.7,356,40.7,-86,0.76,154,2.8,215,4.0
Oklahoma,9/1/2021,3066,1864,60.8,0.0,1801,63,8.2,3.4,108,27.1,-45,0.58,46,2.8,76,4.6
Oregon,9/1/2021,3460,2135,61.7,0.7,2041,94,26.8,4.4,153,40.4,-59,0.62,58,3.1,88,4.6
Pennsylvania,9/1/2021,10516,6417,61.0,-1.8,6078,339,12.7,5.3,460,64.3,-121,0.74,122,2.1,175,3.0
Rhode Island,9/1/2021,902,576,63.9,-0.3,547,29,40.8,5.1,39,62.5,-10,0.75,13,2.7,22,4.6
South Carolina,9/1/2021,4130,2376,57.5,-0.3,2290,86,26.0,3.6,184,68.8,-98,0.47,58,2.7,107,4.9
South Dakota,9/1/2021,685,470,68.7,-0.5,459,11,-2.1,2.4,30,30.4,-19,0.38,13,2.9,19,4.3
Tennessee,9/1/2021,5531,3338,60.4,-1.1,3207,131,13.5,3.9,239,70.7,-108,0.55,93,3.0,155,4.9
Texas,9/1/2021,22662,14441,63.7,-0.2,13714,727,44.8,5.0,953,80.5,-226,0.76,352,2.7,619,4.8
Utah,9/1/2021,2492,1695,68.0,-0.2,1654,42,2.1,2.4,120,60.0,-78,0.35,39,2.4,73,4.5
Vermont,9/1/2021,541,336,62.1,-3.7,326,10,30.9,3.0,23,35.3,-13,0.44,9,3.0,13,4.4
Virginia,9/1/2021,6807,4322,63.5,-2.1,4180,142,11.5,3.3,295,34.1,-153,0.48,104,2.6,171,4.3
Washington,9/1/2021,6167,3905,63.3,-2.1,3722,183,22.3,4.7,223,17.4,-40,0.82,89,2.6,134,3.9
West Virginia,9/1/2021,1439,774,53.8,-1.1,739,35,-16.8,4.5,56,12.0,-21,0.63,22,3.2,32,4.7
Wisconsin,9/1/2021,4713,3097,65.7,-0.4,2993,104,9.0,3.4,203,26.9,-99,0.51,88,3.0,100,3.4
Wyoming,9/1/2021,453,286,63.1,-2.7,275,12,-15.0,4.1,23,27.8,-11,0.51,11,3.9,16,5.7
Alabama,8/1/2021,3997,2247,56.2,-1.0,2175,72,-3.2,3.2,151,52.5,-79,0.47,62,3.0,100,4.9
Alaska,8/1/2021,546,351,64.4,0.0,329,22,17.0,6.3,33,43.5,-11,0.67,14,4.5,24,7.8
Arizona,8/1/2021,5745,3516,61.2,-0.8,3355,161,-4.6,4.6,218,38.9,-57,0.74,85,2.8,130,4.4
Arkansas,8/1/2021,2360,1330,56.4,-1.5,1281,49,2.8,3.7,93,45.3,-44,0.53,49,3.8,66,5.1
California,8/1/2021,31115,19104,61.4,-1.6,17764,1340,55.8,7.0,1156,43.4,184,1.16,450,2.7,671,4.0
Colorado,8/1/2021,4627,3154,68.2,-0.5,2985,169,69.7,5.4,222,73.4,-53,0.76,97,3.5,153,5.5
Connecticut,8/1/2021,2936,1864,63.5,-2.8,1747,117,57.2,6.3,104,55.2,13,1.12,35,2.2,58,3.6
Delaware,8/1/2021,810,496,61.3,0.3,470,27,54.6,5.4,35,59.1,-8,0.76,15,3.3,24,5.3
District of Columbia,8/1/2021,551,386,70.2,-1.3,359,27,17.2,7.0,43,38.7,-16,0.63,12,1.6,20,2.7
Florida,8/1/2021,17799,10375,58.3,-1.0,9908,467,51.0,4.5,727,67.1,-260,0.64,279,3.1,461,5.1
Georgia,8/1/2021,8416,5194,61.7,-1.2,5005,189,0.1,3.6,411,73.4,-222,0.46,155,3.3,224,4.8
Hawaii,8/1/2021,1131,670,59.3,-2.1,639,31,109.9,4.7,50,66.7,-19,0.63,15,2.5,30,5.0
Idaho,8/1/2021,1469,926,63.1,-1.1,895,31,22.7,3.4,65,66.7,-34,0.48,29,3.6,44,5.5
Illinois,8/1/2021,10112,6383,63.1,-1.0,6008,375,51.2,5.9,382,47.5,-7,0.98,154,2.6,284,4.9
Indiana,8/1/2021,5329,3335,62.6,-1.6,3211,124,6.3,3.7,229,46.8,-105,0.54,92,3.0,163,5.3
Iowa,8/1/2021,2507,1683,67.1,-2.0,1618,65,40.8,3.9,104,36.8,-39,0.62,40,2.6,67,4.3
Kansas,8/1/2021,2258,1503,66.6,-0.5,1453,50,8.1,3.4,90,32.4,-40,0.56,39,2.8,70,5.0
Kentucky,8/1/2021,3528,2026,57.4,-1.2,1935,91,6.6,4.5,173,84.0,-82,0.53,69,3.6,112,5.9
Louisiana,8/1/2021,3576,2058,57.6,-0.4,1951,108,10.9,5.2,142,56.0,-34,0.76,61,3.2,94,5.0
Maine,8/1/2021,1144,692,60.4,-1.6,659,32,46.3,4.7,50,56.3,-18,0.65,16,2.6,27,4.3
Maryland,8/1/2021,4897,3176,64.8,-4.4,3016,160,38.9,5.0,221,35.6,-61,0.72,69,2.6,106,4.0
Massachusetts,8/1/2021,5761,3751,65.1,-1.2,3564,188,59.2,5.0,273,63.5,-85,0.69,68,1.9,138,3.9
Michigan,8/1/2021,8065,4779,59.3,-2.1,4509,270,45.5,5.7,366,68.7,-96,0.74,128,3.0,258,6.1
Minnesota,8/1/2021,4504,3041,67.5,-2.4,2935,106,-3.8,3.5,182,32.8,-76,0.58,79,2.8,116,4.0
Mississippi,8/1/2021,2287,1260,55.1,-0.9,1196,65,-11.4,5.1,93,82.4,-28,0.70,37,3.2,61,5.3
Missouri,8/1/2021,4857,3036,62.5,-1.5,2917,119,12.9,3.9,183,47.6,-64,0.65,83,2.9,121,4.2
Montana,8/1/2021,883,547,61.9,-1.8,529,18,-8.4,3.2,44,57.1,-26,0.40,20,4.1,32,6.5
Nebraska,8/1/2021,1511,1047,69.3,-0.8,1020,27,-15.2,2.6,63,26.0,-36,0.43,25,2.5,43,4.3
Nevada,8/1/2021,2500,1498,59.9,-4.3,1405,93,36.0,6.2,139,90.4,-46,0.67,42,3.0,110,7.9
New Hampshire,8/1/2021,1151,751,65.3,-2.9,727,24,23.7,3.3,60,76.5,-36,0.41,16,2.4,31,4.7
New Jersey,8/1/2021,7441,4689,63.0,-1.5,4372,316,62.1,6.7,298,52.0,18,1.06,92,2.3,171,4.2
New Mexico,8/1/2021,1671,944,56.5,-1.3,879,64,26.9,6.8,69,35.3,-5,0.93,26,3.2,47,5.7
New York,8/1/2021,16091,9607,59.7,-1.2,8958,649,57.3,6.8,596,38.6,53,1.09,187,2.1,294,3.2
North Carolina,8/1/2021,8340,4975,59.7,-1.7,4742,234,23.1,4.7,364,54.9,-130,0.64,161,3.5,229,4.9
North Dakota,8/1/2021,597,408,68.4,-1.0,397,11,26.0,2.8,27,17.4,-16,0.42,11,2.6,21,5.0
Ohio,8/1/2021,9333,5739,61.5,-2.0,5453,286,7.0,5.0,361,42.7,-75,0.79,144,2.7,235,4.3
Oklahoma,8/1/2021,3064,1865,60.9,0.1,1796,69,18.8,3.7,120,41.2,-51,0.57,56,3.4,91,5.5
Oregon,8/1/2021,3460,2136,61.7,0.7,2035,101,35.8,4.7,149,36.7,-48,0.68,53,2.8,93,4.9
Pennsylvania,8/1/2021,10517,6428,61.1,-1.7,6066,361,20.0,5.6,456,62.9,-95,0.79,112,1.9,211,3.7
Rhode Island,8/1/2021,902,577,64.0,-0.2,545,32,53.8,5.6,40,66.7,-8,0.80,14,2.9,22,4.6
South Carolina,8/1/2021,4123,2375,57.6,-0.2,2286,90,31.5,3.8,187,71.6,-97,0.48,68,3.2,106,4.9
South Dakota,8/1/2021,684,470,68.7,-0.5,458,12,3.4,2.5,28,21.7,-16,0.43,11,2.5,20,4.5
Tennessee,8/1/2021,5524,3336,60.4,-1.0,3197,139,20.7,4.2,251,79.3,-112,0.55,89,2.8,161,5.2
Texas,8/1/2021,22622,14417,63.7,-0.2,13649,768,53.0,5.3,953,80.5,-185,0.81,383,3.0,622,4.9
Utah,8/1/2021,2487,1692,68.0,-0.2,1648,44,7.0,2.6,121,61.3,-77,0.36,47,2.9,76,4.7
Vermont,8/1/2021,541,336,62.1,-3.8,325,11,38.6,3.2,25,47.1,-14,0.43,8,2.7,14,4.7
Virginia,8/1/2021,6804,4320,63.5,-2.1,4167,153,19.5,3.5,320,45.5,-167,0.48,95,2.4,164,4.1
Washington,8/1/2021,6162,3903,63.3,-2.1,3710,192,28.5,4.9,235,23.7,-43,0.82,83,2.5,146,4.3
West Virginia,8/1/2021,1440,774,53.8,-1.2,737,37,-12.5,4.8,59,18.0,-22,0.63,21,3.1,34,5.0
Wisconsin,8/1/2021,4710,3103,65.9,-0.3,2992,111,15.7,3.6,207,29.4,-96,0.54,68,2.3,115,4.0
Wyoming,8/1/2021,453,287,63.3,-2.5,274,12,-10.4,4.3,22,22.2,-10,0.56,11,3.9,16,5.7
Alabama,7/1/2021,3995,2247,56.2,-1.0,2172,75,1.7,3.4,148,49.5,-73,0.51,65,3.2,100,4.9
Alaska,7/1/2021,546,351,64.3,-0.2,328,23,20.7,6.5,30,30.4,-7,0.76,14,4.6,18,5.9
Arizona,7/1/2021,5735,3517,61.3,-0.7,3344,173,2.8,4.9,218,38.9,-45,0.80,85,2.9,126,4.2
Arkansas,7/1/2021,2358,1330,56.4,-1.5,1278,53,9.3,4.0,88,37.5,-35,0.60,40,3.1,63,4.9
California,7/1/2021,31103,19078,61.3,-1.7,17668,1410,63.9,7.4,1049,30.1,361,1.34,408,2.4,653,3.9
Colorado,7/1/2021,4621,3152,68.2,-0.5,2973,179,78.9,5.7,240,87.5,-61,0.74,87,3.2,144,5.2
Connecticut,7/1/2021,2935,1846,62.9,-3.4,1725,121,62.9,6.6,94,40.3,27,1.29,35,2.2,64,4.0
Delaware,7/1/2021,809,497,61.5,0.4,469,28,60.4,5.6,30,36.4,-2,0.92,16,3.6,21,4.7
District of Columbia,7/1/2021,550,385,69.9,-1.5,358,27,18.5,7.1,49,58.1,-22,0.56,11,1.5,26,3.6
Florida,7/1/2021,17755,10339,58.2,-1.1,9855,485,56.8,4.7,610,40.2,-125,0.79,235,2.6,423,4.8
Georgia,7/1/2021,8405,5195,61.8,-1.1,4996,199,4.9,3.8,374,57.8,-175,0.53,192,4.2,265,5.8
Hawaii,7/1/2021,1131,673,59.5,-1.8,637,36,143.4,5.4,45,50.0,-9,0.81,15,2.5,29,4.9
Idaho,7/1/2021,1466,925,63.1,-1.1,892,33,26.9,3.5,69,76.9,-36,0.47,30,3.8,45,5.7
Illinois,7/1/2021,10114,6377,63.1,-1.1,5983,394,58.8,6.2,390,50.6,4,1.01,161,2.8,274,4.7
Indiana,7/1/2021,5325,3341,62.7,-1.4,3210,131,12.3,3.9,232,48.7,-101,0.57,106,3.4,157,5.1
Iowa,7/1/2021,2506,1683,67.2,-2.0,1614,69,49.3,4.1,96,26.3,-27,0.72,46,3.0,69,4.5
Kansas,7/1/2021,2257,1505,66.7,-0.4,1452,53,13.8,3.5,82,20.6,-29,0.65,36,2.6,68,4.9
Kentucky,7/1/2021,3527,2022,57.3,-1.2,1930,92,7.8,4.5,155,64.9,-63,0.59,68,3.6,109,5.7
Louisiana,7/1/2021,3577,2061,57.6,-0.4,1946,115,18.7,5.6,134,47.3,-19,0.86,64,3.4,89,4.7
Maine,7/1/2021,1143,692,60.5,-1.5,658,33,50.9,4.8,44,37.5,-11,0.76,14,2.3,24,3.9
Maryland,7/1/2021,4896,3176,64.9,-4.4,3008,168,46.0,5.3,198,21.5,-30,0.85,59,2.2,106,4.0
Massachusetts,7/1/2021,5758,3751,65.1,-1.2,3554,197,67.0,5.3,238,42.5,-41,0.83,61,1.7,137,3.9
Michigan,7/1/2021,8062,4773,59.2,-2.1,4491,282,51.9,5.9,367,69.1,-85,0.77,107,2.6,206,4.9
Minnesota,7/1/2021,4502,3042,67.6,-2.4,2931,111,0.8,3.6,183,33.6,-72,0.61,88,3.1,103,3.6
Mississippi,7/1/2021,2287,1261,55.2,-0.8,1193,69,-5.9,5.5,85,66.7,-16,0.81,39,3.4,58,5.1
Missouri,7/1/2021,4856,3037,62.6,-1.4,2913,125,18.4,4.1,179,44.4,-54,0.70,91,3.2,133,4.7
Montana,7/1/2021,882,546,61.9,-1.7,528,19,-4.4,3.4,42,50.0,-23,0.44,18,3.7,28,5.7
Nebraska,7/1/2021,1510,1046,69.3,-0.8,1018,28,-12.3,2.7,67,34.0,-39,0.42,28,2.8,45,4.5
Nevada,7/1/2021,2496,1500,60.1,-4.1,1401,98,44.2,6.6,129,76.7,-31,0.76,39,2.8,92,6.7
New Hampshire,7/1/2021,1150,752,65.4,-2.8,726,26,31.7,3.5,55,61.8,-29,0.47,17,2.6,30,4.5
New Jersey,7/1/2021,7437,4689,63.0,-1.4,4365,324,66.0,6.9,291,48.5,33,1.11,103,2.6,150,3.7
New Mexico,7/1/2021,1670,943,56.4,-1.4,875,67,32.8,7.1,65,27.5,2,1.04,25,3.1,40,4.9
New York,7/1/2021,16093,9604,59.7,-1.2,8928,676,63.8,7.0,543,26.3,133,1.24,167,1.9,330,3.7
North Carolina,7/1/2021,8328,4944,59.4,-2.0,4704,240,26.7,4.9,357,51.9,-117,0.67,145,3.2,274,6.0
North Dakota,7/1/2021,597,408,68.4,-0.9,396,12,33.1,3.0,29,26.1,-17,0.42,11,2.6,20,4.8
Ohio,7/1/2021,9330,5744,61.6,-1.9,5443,302,12.7,5.3,326,28.9,-24,0.93,139,2.6,242,4.5
Oklahoma,7/1/2021,3061,1867,61.0,0.2,1792,75,29.4,4.0,116,36.5,-41,0.65,43,2.6,74,4.5
Oregon,7/1/2021,3459,2138,61.8,0.8,2031,107,44.1,5.0,148,35.8,-41,0.72,52,2.8,87,4.7
Pennsylvania,7/1/2021,10516,6438,61.2,-1.6,6058,380,26.4,5.9,435,55.4,-55,0.87,113,2.0,206,3.6
Rhode Island,7/1/2021,901,577,64.1,-0.1,544,34,61.9,5.9,36,50.0,-2,0.94,13,2.7,22,4.6
South Carolina,7/1/2021,4116,2375,57.7,-0.2,2282,93,36.3,3.9,161,47.7,-68,0.58,64,3.0,104,4.9
South Dakota,7/1/2021,682,470,68.8,-0.4,457,12,7.7,2.6,29,26.1,-17,0.43,13,3.0,20,4.5
Tennessee,7/1/2021,5516,3335,60.5,-1.0,3187,148,28.3,4.4,222,58.6,-74,0.67,90,2.9,143,4.6
Texas,7/1/2021,22579,14384,63.7,-0.2,13585,799,59.2,5.6,922,74.6,-123,0.87,396,3.1,591,4.7
Utah,7/1/2021,2482,1689,68.1,-0.2,1643,45,11.8,2.7,124,65.3,-79,0.37,50,3.1,78,4.8
Vermont,7/1/2021,540,335,62.1,-3.8,324,11,47.9,3.4,23,35.3,-12,0.49,7,2.4,14,4.7
Virginia,7/1/2021,6800,4318,63.5,-2.1,4155,163,27.6,3.8,267,21.4,-104,0.61,105,2.7,171,4.3
Washington,7/1/2021,6156,3898,63.3,-2.1,3699,200,33.5,5.1,218,14.7,-18,0.92,86,2.6,144,4.3
West Virginia,7/1/2021,1440,774,53.8,-1.2,736,39,-8.2,5.0,58,16.0,-19,0.67,22,3.2,32,4.7
Wisconsin,7/1/2021,4707,3109,66.0,-0.1,2992,117,22.1,3.8,202,26.3,-85,0.58,77,2.7,113,3.9
Wyoming,7/1/2021,452,287,63.5,-2.3,274,13,-5.7,4.5,22,22.2,-9,0.59,10,3.6,15,5.4
Alabama,6/1/2021,3992,2248,56.3,-0.9,2169,79,6.0,3.5,144,45.5,-65,0.55,64,3.1,96,4.7
Alaska,6/1/2021,545,351,64.3,-0.1,327,24,26.6,6.8,24,4.3,0,0.99,14,4.6,17,5.6
Arizona,6/1/2021,5725,3519,61.5,-0.5,3333,186,10.0,5.3,224,42.7,-38,0.83,95,3.2,116,3.9
Arkansas,6/1/2021,2356,1331,56.5,-1.4,1275,56,16.4,4.2,78,21.9,-22,0.72,40,3.1,55,4.3
California,6/1/2021,31112,19081,61.3,-1.7,17578,1503,74.7,7.9,974,20.8,529,1.54,368,2.2,651,3.9
Colorado,6/1/2021,4617,3149,68.2,-0.5,2963,187,86.9,5.9,205,60.2,-18,0.91,82,3.0,121,4.4
Connecticut,6/1/2021,2931,1830,62.4,-3.9,1703,126,69.8,6.9,100,49.3,26,1.26,28,1.7,56,3.5
Delaware,6/1/2021,807,498,61.7,0.6,469,29,66.9,5.8,31,40.9,-2,0.93,15,3.3,21,4.7
District of Columbia,6/1/2021,550,383,69.6,-1.8,355,28,20.8,7.2,43,38.7,-15,0.64,12,1.7,21,2.9
Florida,6/1/2021,17729,10311,58.2,-1.2,9800,511,65.3,5.0,571,31.3,-60,0.89,240,2.7,394,4.5
Georgia,6/1/2021,8397,5196,61.9,-1.0,4988,208,9.8,4.0,375,58.2,-167,0.55,161,3.5,264,5.8
Hawaii,6/1/2021,1130,677,59.9,-1.5,634,43,184.0,6.3,43,43.3,0,0.99,15,2.6,30,5.1
Idaho,6/1/2021,1461,923,63.2,-1.0,889,34,31.1,3.6,58,48.7,-24,0.58,30,3.8,38,4.8
Illinois,6/1/2021,10116,6375,63.0,-1.1,5964,411,65.7,6.4,344,32.8,67,1.19,156,2.7,244,4.2
Indiana,6/1/2021,5321,3347,62.9,-1.3,3209,138,17.9,4.1,215,37.8,-77,0.64,96,3.1,148,4.8
Iowa,6/1/2021,2504,1682,67.1,-2.0,1610,72,56.1,4.3,98,28.9,-26,0.73,41,2.7,66,4.3
Kansas,6/1/2021,2256,1506,66.8,-0.3,1451,55,18.0,3.7,85,25.0,-30,0.65,34,2.5,56,4.1
Kentucky,6/1/2021,3526,2020,57.3,-1.3,1928,92,8.1,4.6,153,62.8,-61,0.60,58,3.1,92,4.9
Louisiana,6/1/2021,3577,2065,57.7,-0.3,1942,123,27.1,6.0,118,29.7,5,1.04,60,3.2,94,5.0
Maine,6/1/2021,1141,693,60.7,-1.3,658,35,57.3,5.0,44,37.5,-9,0.79,15,2.4,21,3.4
Maryland,6/1/2021,4894,3182,65.0,-4.3,3002,180,56.0,5.6,217,33.1,-37,0.83,56,2.1,102,3.9
Massachusetts,6/1/2021,5753,3751,65.2,-1.1,3543,208,76.4,5.5,229,37.1,-21,0.91,66,1.9,113,3.2
Michigan,6/1/2021,8061,4769,59.2,-2.2,4478,291,56.4,6.1,353,62.7,-62,0.82,116,2.8,177,4.3
Minnesota,6/1/2021,4499,3044,67.7,-2.3,2928,116,5.5,3.8,178,29.9,-62,0.65,55,1.9,78,2.7
Mississippi,6/1/2021,2286,1263,55.2,-0.8,1190,72,-1.2,5.7,88,72.5,-16,0.82,38,3.4,60,5.3
Missouri,6/1/2021,4853,3039,62.6,-1.4,2909,130,24.0,4.3,174,40.3,-44,0.75,78,2.8,110,3.9
Montana,6/1/2021,880,546,62.0,-1.7,527,19,-0.9,3.5,39,39.3,-20,0.49,18,3.7,28,5.7
Nebraska,6/1/2021,1509,1046,69.3,-0.8,1017,29,-9.5,2.8,63,26.0,-34,0.46,24,2.4,39,3.9
Nevada,6/1/2021,2493,1502,60.2,-3.9,1397,104,52.6,6.9,122,67.1,-18,0.85,43,3.2,86,6.3
New Hampshire,6/1/2021,1149,754,65.6,-2.6,726,28,39.5,3.7,54,58.8,-26,0.51,13,2.0,26,3.9
New Jersey,6/1/2021,7434,4698,63.2,-1.3,4359,339,73.7,7.2,275,40.3,64,1.23,95,2.4,134,3.4
New Mexico,6/1/2021,1669,942,56.4,-1.4,872,70,38.8,7.5,63,23.5,7,1.12,23,2.8,40,4.9
New York,6/1/2021,16106,9617,59.7,-1.2,8899,718,74.0,7.5,571,32.8,147,1.26,149,1.7,283,3.2
North Carolina,6/1/2021,8316,4917,59.1,-2.3,4669,248,30.9,5.1,294,25.1,-46,0.85,157,3.4,234,5.1
North Dakota,6/1/2021,597,408,68.4,-0.9,395,13,41.6,3.1,26,13.0,-13,0.49,11,2.7,17,4.1
Ohio,6/1/2021,9329,5748,61.6,-1.9,5432,316,18.2,5.5,327,29.2,-11,0.97,140,2.6,201,3.8
Oklahoma,6/1/2021,3058,1869,61.1,0.3,1788,81,38.8,4.3,109,28.2,-28,0.74,48,2.9,74,4.5
Oregon,6/1/2021,3456,2143,62.0,1.0,2028,116,55.3,5.4,149,36.7,-33,0.78,66,3.5,82,4.4
Pennsylvania,6/1/2021,10510,6448,61.3,-1.5,6051,397,31.8,6.2,452,61.4,-55,0.88,99,1.7,176,3.1
Rhode Island,6/1/2021,901,578,64.1,-0.1,542,35,69.0,6.1,34,41.7,1,1.04,10,2.1,21,4.4
South Carolina,6/1/2021,4111,2374,57.8,-0.1,2278,96,40.6,4.0,175,60.6,-79,0.55,63,2.9,93,4.3
South Dakota,6/1/2021,682,469,68.9,-0.3,457,13,11.0,2.7,27,17.4,-14,0.48,11,2.5,16,3.6
Tennessee,6/1/2021,5511,3333,60.5,-0.9,3177,156,35.4,4.7,229,63.6,-73,0.68,99,3.2,147,4.8
Texas,6/1/2021,22546,14362,63.7,-0.2,13521,840,67.4,5.8,852,61.4,-12,0.99,379,3.0,560,4.4
Utah,6/1/2021,2476,1686,68.1,-0.2,1639,47,16.5,2.8,101,34.7,-54,0.47,47,2.9,69,4.3
Vermont,6/1/2021,540,335,62.1,-3.7,323,12,58.2,3.6,25,47.1,-13,0.49,7,2.4,12,4.1
Virginia,6/1/2021,6796,4319,63.5,-2.1,4145,174,36.2,4.0,271,23.2,-97,0.64,102,2.6,160,4.1
Washington,6/1/2021,6152,3894,63.3,-2.1,3687,207,38.3,5.3,203,6.8,4,1.02,78,2.3,129,3.9
West Virginia,6/1/2021,1440,774,53.8,-1.2,734,41,-3.8,5.2,55,10.0,-14,0.74,22,3.2,31,4.6
Wisconsin,6/1/2021,4705,3113,66.1,0.0,2989,123,28.5,4.0,200,25.0,-77,0.62,75,2.6,106,3.7
Wyoming,6/1/2021,452,288,63.7,-2.1,275,14,-1.2,4.7,21,16.7,-7,0.64,11,4.0,15,5.4
Alabama,5/1/2021,3990,2249,56.4,-0.9,2169,80,8.6,3.6,142,43.4,-62,0.57,63,3.1,90,4.4
Alaska,5/1/2021,545,350,64.2,-0.3,326,24,26.6,6.8,26,13.0,-2,0.92,13,4.2,19,6.1
Arizona,5/1/2021,5717,3517,61.5,-0.5,3321,195,15.9,5.6,197,25.5,-2,0.99,104,3.5,133,4.5
Arkansas,5/1/2021,2355,1331,56.5,-1.4,1273,58,21.1,4.4,82,28.1,-24,0.71,42,3.3,58,4.5
California,5/1/2021,31123,18991,61.0,-2.0,17471,1520,76.7,8.0,938,16.4,582,1.62,423,2.6,648,3.9
Colorado,5/1/2021,4613,3139,68.0,-0.6,2951,187,87.6,6.0,189,47.7,-2,0.99,72,2.6,123,4.5
Connecticut,5/1/2021,2928,1807,61.7,-4.6,1681,126,69.6,7.0,95,41.8,31,1.33,28,1.8,67,4.2
Delaware,5/1/2021,806,498,61.7,0.7,469,29,69.6,5.9,30,36.4,-1,0.97,13,2.9,21,4.7
District of Columbia,5/1/2021,550,380,69.1,-2.3,354,27,16.9,7.1,44,41.9,-17,0.61,12,1.7,23,3.2
Florida,5/1/2021,17705,10257,57.9,-1.4,9743,515,66.4,5.0,520,19.5,-5,0.99,243,2.8,373,4.3
Georgia,5/1/2021,8389,5192,61.9,-1.0,4977,215,13.5,4.1,339,43.0,-124,0.63,175,3.9,246,5.4
Hawaii,5/1/2021,1130,677,59.9,-1.4,631,46,210.1,6.9,45,50.0,1,1.03,16,2.8,34,5.9
Idaho,5/1/2021,1457,921,63.2,-1.0,886,35,34.5,3.7,51,30.8,-16,0.68,30,3.8,37,4.7
Illinois,5/1/2021,10118,6361,62.9,-1.3,5943,418,68.4,6.6,321,23.9,97,1.30,161,2.8,244,4.2
Indiana,5/1/2021,5318,3349,63.0,-1.2,3207,142,21.2,4.2,195,25.0,-53,0.73,90,2.9,134,4.4
Iowa,5/1/2021,2503,1677,67.0,-2.1,1604,73,58.9,4.4,88,15.8,-15,0.83,43,2.8,65,4.2
Kansas,5/1/2021,2255,1506,66.8,-0.3,1450,56,19.2,3.7,80,17.6,-24,0.70,33,2.4,51,3.7
Kentucky,5/1/2021,3525,2017,57.2,-1.4,1926,92,7.7,4.5,163,73.4,-71,0.56,69,3.7,109,5.8
Louisiana,5/1/2021,3578,2063,57.7,-0.3,1936,127,30.8,6.2,115,26.4,12,1.10,51,2.7,85,4.6
Maine,5/1/2021,1140,692,60.7,-1.3,657,34,55.1,5.0,42,31.3,-8,0.82,13,2.1,26,4.2
Maryland,5/1/2021,4892,3177,64.9,-4.3,2996,181,57.5,5.7,218,33.7,-37,0.83,56,2.1,86,3.3
Massachusetts,5/1/2021,5750,3742,65.1,-1.2,3531,211,78.9,5.6,212,26.9,-1,0.99,66,1.9,128,3.7
Michigan,5/1/2021,8061,4760,59.1,-2.3,4470,291,56.5,6.1,315,45.2,-24,0.92,119,2.9,212,5.1
Minnesota,5/1/2021,4498,3045,67.7,-2.3,2925,119,8.7,3.9,161,17.5,-42,0.74,60,2.1,100,3.5
Mississippi,5/1/2021,2286,1263,55.2,-0.8,1188,75,2.3,5.9,75,47.1,0,1.00,48,4.3,55,4.9
Missouri,5/1/2021,4850,3039,62.7,-1.3,2904,135,28.4,4.4,160,29.0,-25,0.84,84,3.0,117,4.1
Montana,5/1/2021,879,545,62.1,-1.6,526,20,1.3,3.6,37,32.1,-17,0.53,20,4.1,27,5.5
Nebraska,5/1/2021,1509,1045,69.3,-0.8,1016,29,-7.5,2.8,57,14.0,-28,0.52,27,2.7,41,4.1
Nevada,5/1/2021,2490,1501,60.3,-3.9,1393,109,59.4,7.2,99,35.6,10,1.10,37,2.8,80,6.0
New Hampshire,5/1/2021,1148,754,65.7,-2.5,726,28,43.7,3.8,47,38.2,-19,0.60,19,2.9,31,4.7
New Jersey,5/1/2021,7432,4679,63.0,-1.5,4351,328,68.1,7.0,272,38.8,56,1.21,82,2.1,154,3.9
New Mexico,5/1/2021,1668,938,56.2,-1.6,867,71,40.1,7.6,58,13.7,13,1.22,25,3.1,38,4.7
New York,5/1/2021,16121,9583,59.4,-1.5,8866,717,73.7,7.5,536,24.7,181,1.34,143,1.6,329,3.7
North Carolina,5/1/2021,8305,4885,58.8,-2.6,4633,251,32.5,5.1,317,34.9,-66,0.79,145,3.2,210,4.6
North Dakota,5/1/2021,597,408,68.4,-0.9,394,14,49.6,3.3,26,13.0,-12,0.52,12,2.9,23,5.5
Ohio,5/1/2021,9329,5747,61.6,-1.9,5420,327,22.2,5.7,298,17.8,29,1.10,141,2.6,227,4.3
Oklahoma,5/1/2021,3056,1868,61.1,0.4,1784,84,45.0,4.5,113,32.9,-29,0.74,59,3.6,72,4.4
Oregon,5/1/2021,3454,2143,62.0,1.1,2023,120,61.2,5.6,128,17.4,-8,0.94,55,3.0,87,4.7
Pennsylvania,5/1/2021,10505,6451,61.4,-1.4,6043,408,35.5,6.3,418,49.3,-10,0.98,122,2.1,204,3.6
Rhode Island,5/1/2021,900,576,64.0,-0.2,541,35,67.1,6.1,35,45.8,0,1.00,12,2.5,21,4.4
South Carolina,5/1/2021,4105,2371,57.8,-0.1,2274,97,42.9,4.1,155,42.2,-58,0.63,77,3.6,91,4.3
South Dakota,5/1/2021,681,469,68.9,-0.3,456,13,12.1,2.8,32,39.1,-19,0.40,12,2.7,21,4.8
Tennessee,5/1/2021,5506,3328,60.4,-1.0,3166,162,40.4,4.9,204,45.7,-42,0.79,100,3.3,118,3.8
Texas,5/1/2021,22515,14311,63.6,-0.3,13455,856,70.6,6.0,796,50.8,60,1.08,358,2.9,589,4.7
Utah,5/1/2021,2471,1683,68.1,-0.2,1634,49,20.0,2.9,89,18.7,-40,0.55,52,3.3,68,4.3
Vermont,5/1/2021,539,335,62.1,-3.8,322,13,68.1,3.9,24,41.2,-11,0.54,6,2.0,15,5.1
Virginia,5/1/2021,6792,4315,63.5,-2.1,4133,182,42.6,4.2,265,20.5,-83,0.69,128,3.3,170,4.3
Washington,5/1/2021,6148,3884,63.2,-2.2,3672,212,41.8,5.5,190,0.0,22,1.12,77,2.3,129,3.9
West Virginia,5/1/2021,1440,774,53.7,-1.2,732,42,-0.3,5.4,51,2.0,-9,0.82,23,3.4,33,4.9
Wisconsin,5/1/2021,4704,3112,66.2,0.0,2985,127,32.8,4.1,172,7.5,-45,0.74,69,2.4,102,3.5
Wyoming,5/1/2021,452,289,63.9,-1.9,274,14,2.8,4.9,19,5.6,-5,0.74,10,3.6,15,5.4
Alabama,4/1/2021,3988,2250,56.4,-0.8,2167,83,12.0,3.7,113,14.1,-30,0.73,61,3.0,90,4.4
Alaska,4/1/2021,545,350,64.2,-0.3,325,24,30.0,7.0,24,4.3,0,1.02,11,3.6,18,5.8
Arizona,4/1/2021,5708,3514,61.6,-0.4,3309,205,21.5,5.8,187,19.1,18,1.10,93,3.2,142,4.9
Arkansas,4/1/2021,2353,1331,56.6,-1.3,1270,61,26.2,4.6,80,25.0,-19,0.76,35,2.7,67,5.3
California,4/1/2021,31135,18954,60.9,-2.1,17370,1584,84.2,8.4,828,2.7,756,1.91,320,2.0,656,4.0
Colorado,4/1/2021,4608,3133,68.0,-0.7,2940,193,93.8,6.2,143,11.7,50,1.35,68,2.5,112,4.1
Connecticut,4/1/2021,2925,1810,61.9,-4.4,1680,130,74.4,7.2,91,35.8,39,1.43,34,2.1,61,3.8
Delaware,4/1/2021,805,497,61.8,0.7,468,30,72.4,6.0,26,18.2,4,1.14,14,3.1,21,4.7
District of Columbia,4/1/2021,550,378,68.8,-2.7,352,27,15.7,7.0,32,3.2,-5,0.83,13,1.8,20,2.8
Florida,4/1/2021,17682,10214,57.8,-1.5,9681,533,72.3,5.2,480,10.3,53,1.11,256,2.9,315,3.6
Georgia,4/1/2021,8381,5188,61.9,-1.0,4965,223,18.1,4.3,325,37.1,-102,0.69,141,3.1,230,5.1
Hawaii,4/1/2021,1130,679,60.1,-1.2,627,53,251.9,7.8,31,3.3,22,1.70,12,2.1,25,4.4
Idaho,4/1/2021,1452,919,63.3,-0.9,883,36,39.1,3.9,47,20.5,-11,0.76,21,2.7,38,4.8
Illinois,4/1/2021,10120,6348,62.7,-1.4,5921,428,72.5,6.7,313,20.8,115,1.37,150,2.6,262,4.6
Indiana,4/1/2021,5314,3349,63.0,-1.2,3203,146,25.0,4.4,187,19.9,-41,0.78,83,2.7,124,4.1
Iowa,4/1/2021,2502,1672,66.8,-2.3,1599,74,59.5,4.4,89,17.1,-15,0.83,41,2.7,70,4.6
Kansas,4/1/2021,2254,1504,66.7,-0.4,1448,56,20.6,3.7,86,26.5,-30,0.65,30,2.2,60,4.4
Kentucky,4/1/2021,3524,2014,57.2,-1.4,1922,92,7.7,4.6,122,29.8,-30,0.75,55,2.9,101,5.4
Louisiana,4/1/2021,3579,2062,57.6,-0.4,1930,132,36.2,6.4,113,24.2,19,1.17,51,2.7,94,5.0
Maine,4/1/2021,1138,691,60.7,-1.3,656,35,58.3,5.1,38,18.8,-3,0.92,16,2.6,28,4.5
Maryland,4/1/2021,4890,3176,65.0,-4.3,2988,189,63.8,5.9,208,27.6,-19,0.91,41,1.6,83,3.2
Massachusetts,4/1/2021,5746,3739,65.1,-1.2,3517,222,88.5,5.9,202,21.0,20,1.10,87,2.5,173,5.0
Michigan,4/1/2021,8060,4756,59.0,-2.3,4463,292,57.4,6.1,279,28.6,13,1.05,149,3.6,186,4.5
Minnesota,4/1/2021,4496,3045,67.7,-2.2,2922,124,12.7,4.1,135,-1.5,-11,0.92,54,1.9,96,3.4
Mississippi,4/1/2021,2286,1262,55.2,-0.8,1186,77,5.3,6.1,82,60.8,-5,0.94,39,3.5,56,5.0
Missouri,4/1/2021,4847,3039,62.7,-1.3,2899,140,32.7,4.6,159,28.2,-19,0.88,76,2.7,133,4.7
Montana,4/1/2021,877,545,62.1,-1.6,524,20,4.2,3.7,34,21.4,-14,0.59,16,3.3,26,5.3
Nebraska,4/1/2021,1508,1044,69.3,-0.8,1014,30,-5.4,2.9,55,10.0,-25,0.55,30,3.0,42,4.2
Nevada,4/1/2021,2487,1502,60.4,-3.8,1387,115,68.5,7.7,95,30.1,20,1.21,36,2.7,78,5.9
New Hampshire,4/1/2021,1147,754,65.8,-2.4,725,30,49.8,3.9,41,20.6,-11,0.72,16,2.4,26,4.0
New Jersey,4/1/2021,7429,4681,63.0,-1.5,4341,340,74.1,7.3,292,49.0,48,1.16,74,1.9,165,4.2
New Mexico,4/1/2021,1668,937,56.2,-1.6,863,74,45.7,7.9,55,7.8,19,1.34,19,2.4,39,4.9
New York,4/1/2021,16136,9589,59.4,-1.5,8831,758,83.7,7.9,417,-3.0,341,1.82,148,1.7,295,3.3
North Carolina,4/1/2021,8293,4881,58.9,-2.5,4623,258,36.1,5.3,322,37.0,-64,0.80,135,3.0,233,5.1
North Dakota,4/1/2021,596,408,68.4,-0.9,393,14,58.4,3.5,23,0.0,-9,0.62,12,2.9,20,4.8
Ohio,4/1/2021,9329,5743,61.6,-1.9,5406,337,26.0,5.9,302,19.4,35,1.12,127,2.4,222,4.2
Oklahoma,4/1/2021,3053,1867,61.1,0.4,1780,87,50.2,4.7,111,30.6,-24,0.79,41,2.5,80,4.9
Oregon,4/1/2021,3452,2144,62.1,1.1,2017,127,70.5,5.9,128,17.4,-1,0.99,48,2.6,90,4.9
Pennsylvania,4/1/2021,10500,6458,61.5,-1.3,6033,425,41.1,6.6,360,28.6,65,1.18,134,2.4,210,3.7
Rhode Island,4/1/2021,900,576,64.0,-0.2,540,36,72.4,6.2,30,25.0,6,1.20,11,2.3,22,4.6
South Carolina,4/1/2021,4099,2367,57.8,-0.1,2268,100,46.2,4.2,142,30.3,-42,0.70,58,2.7,91,4.3
South Dakota,4/1/2021,680,468,68.8,-0.4,455,13,12.9,2.8,26,13.0,-13,0.50,13,3.0,20,4.6
Tennessee,4/1/2021,5501,3325,60.4,-1.0,3157,168,45.4,5.0,194,38.6,-26,0.86,106,3.4,139,4.5
Texas,4/1/2021,22483,14279,63.5,-0.4,13387,891,77.6,6.2,724,37.1,167,1.23,369,3.0,583,4.7
Utah,4/1/2021,2465,1679,68.1,-0.2,1628,51,24.6,3.0,83,10.7,-32,0.61,45,2.8,64,4.0
Vermont,4/1/2021,539,334,62.0,-3.8,320,14,76.8,4.1,19,11.8,-5,0.72,7,2.4,13,4.5
Virginia,4/1/2021,6789,4309,63.5,-2.1,4120,190,48.5,4.4,239,8.6,-49,0.79,94,2.4,161,4.1
Washington,4/1/2021,6145,3877,63.1,-2.3,3656,221,47.8,5.7,175,-7.9,46,1.26,60,1.8,130,3.9
West Virginia,4/1/2021,1440,773,53.7,-1.2,729,44,4.0,5.7,48,-4.0,-4,0.91,20,3.0,30,4.4
Wisconsin,4/1/2021,4703,3111,66.1,0.0,2979,132,37.6,4.2,168,5.0,-36,0.78,67,2.3,108,3.8
Wyoming,4/1/2021,451,289,64.0,-1.8,274,15,6.7,5.1,18,0.0,-3,0.81,9,3.3,14,5.1
Alabama,3/1/2021,3986,2249,56.4,-0.8,2164,85,14.4,3.8,117,18.2,-32,0.72,59,2.9,88,4.3
Alaska,3/1/2021,545,349,64.0,-0.4,324,24,29.4,7.0,22,-4.3,2,1.11,11,3.6,17,5.5
Arizona,3/1/2021,5699,3508,61.5,-0.4,3296,212,25.6,6.0,182,15.9,30,1.16,94,3.2,118,4.1
Arkansas,3/1/2021,2351,1330,56.6,-1.3,1268,62,29.6,4.7,63,-1.6,-1,0.99,40,3.2,46,3.6
California,3/1/2021,31148,18871,60.6,-2.4,17271,1600,86.0,8.5,766,-5.0,834,2.09,301,1.9,594,3.7
Colorado,3/1/2021,4604,3121,67.8,-0.9,2928,193,93.9,6.2,139,8.6,54,1.39,54,2.0,120,4.5
Connecticut,3/1/2021,2922,1809,61.9,-4.4,1680,129,73.6,7.1,73,9.0,56,1.77,24,1.5,59,3.7
Delaware,3/1/2021,804,496,61.7,0.7,466,30,72.2,6.0,25,13.6,5,1.19,10,2.2,19,4.3
District of Columbia,3/1/2021,550,377,68.5,-3.0,351,26,14.6,7.0,32,3.2,-6,0.82,12,1.7,22,3.1
Florida,3/1/2021,17660,10169,57.6,-1.7,9622,547,76.8,5.4,487,12.0,60,1.12,237,2.7,366,4.2
Georgia,3/1/2021,8374,5185,61.9,-1.0,4953,232,22.5,4.5,305,28.7,-73,0.76,147,3.3,220,4.9
Hawaii,3/1/2021,1130,679,60.1,-1.2,622,57,282.4,8.4,25,-16.7,32,2.29,12,2.2,19,3.4
Idaho,3/1/2021,1448,917,63.3,-0.9,880,36,42.1,4.0,43,10.3,-7,0.85,22,2.8,39,5.0
Illinois,3/1/2021,10122,6331,62.5,-1.6,5898,433,74.7,6.8,259,0.0,174,1.67,129,2.3,253,4.4
Indiana,3/1/2021,5311,3347,63.0,-1.1,3198,149,27.7,4.5,157,0.6,-8,0.95,78,2.6,127,4.2
Iowa,3/1/2021,2500,1666,66.6,-2.5,1594,72,56.4,4.3,80,5.3,-8,0.90,39,2.6,65,4.3
Kansas,3/1/2021,2253,1503,66.7,-0.4,1446,57,21.5,3.8,64,-5.9,-7,0.89,35,2.6,48,3.5
Kentucky,3/1/2021,3523,2010,57.1,-1.5,1918,92,7.6,4.6,113,20.2,-21,0.81,54,2.9,89,4.8
Louisiana,3/1/2021,3579,2059,57.5,-0.5,1924,135,39.6,6.6,109,19.8,26,1.24,54,2.9,79,4.3
Maine,3/1/2021,1137,689,60.6,-1.4,655,34,53.2,4.9,35,9.4,-1,0.97,13,2.1,26,4.2
Maryland,3/1/2021,4889,3175,65.0,-4.3,2982,194,68.2,6.1,161,-1.2,33,1.20,48,1.8,79,3.0
Massachusetts,3/1/2021,5742,3730,65.0,-1.4,3502,228,93.3,6.1,175,4.8,53,1.30,64,1.9,106,3.1
Michigan,3/1/2021,8060,4752,59.0,-2.4,4460,292,57.3,6.1,287,32.3,5,1.02,136,3.3,241,5.8
Minnesota,3/1/2021,4494,3047,67.8,-2.2,2920,128,16.3,4.2,138,0.7,-10,0.93,51,1.8,104,3.7
Mississippi,3/1/2021,2286,1262,55.2,-0.8,1184,78,7.4,6.2,66,29.4,12,1.19,41,3.7,43,3.8
Missouri,3/1/2021,4844,3037,62.7,-1.3,2895,142,35.2,4.7,143,15.3,-1,0.99,83,3.0,100,3.6
Montana,3/1/2021,875,543,62.1,-1.6,523,21,6.2,3.8,29,3.6,-8,0.71,15,3.1,24,5.0
Nebraska,3/1/2021,1507,1043,69.2,-0.9,1013,30,-4.6,2.9,53,6.0,-23,0.57,29,2.9,40,4.0
Nevada,3/1/2021,2483,1501,60.5,-3.7,1381,120,76.1,8.0,77,5.5,43,1.56,37,2.8,64,4.9
New Hampshire,3/1/2021,1146,754,65.8,-2.4,724,30,53.0,4.0,40,17.6,-10,0.76,13,2.0,26,4.0
New Jersey,3/1/2021,7427,4669,62.9,-1.6,4330,339,74.0,7.3,229,16.8,110,1.48,84,2.1,165,4.2
New Mexico,3/1/2021,1667,934,56.0,-1.8,859,74,47.0,8.0,47,-7.8,27,1.58,21,2.7,35,4.4
New York,3/1/2021,16151,9573,59.3,-1.6,8798,775,87.9,8.1,393,-8.6,382,1.97,118,1.3,252,2.8
North Carolina,3/1/2021,8282,4877,58.9,-2.5,4613,264,39.1,5.4,302,28.5,-38,0.87,118,2.6,242,5.3
North Dakota,3/1/2021,596,408,68.3,-1.0,393,15,66.0,3.7,23,0.0,-8,0.65,11,2.7,18,4.4
Ohio,3/1/2021,9329,5737,61.5,-2.0,5395,342,27.9,6.0,294,16.2,48,1.16,120,2.3,216,4.1
Oklahoma,3/1/2021,3050,1864,61.1,0.3,1775,89,53.9,4.8,101,18.8,-12,0.88,47,2.9,57,3.5
Oregon,3/1/2021,3450,2141,62.1,1.1,2011,130,75.0,6.1,112,2.8,18,1.16,44,2.4,82,4.5
Pennsylvania,3/1/2021,10496,6464,61.6,-1.2,6023,441,46.5,6.8,304,8.6,137,1.45,106,1.9,236,4.2
Rhode Island,3/1/2021,900,575,63.9,-0.3,539,36,72.0,6.2,27,12.5,9,1.33,9,1.9,21,4.5
South Carolina,3/1/2021,4093,2363,57.7,-0.1,2261,102,49.7,4.3,145,33.0,-43,0.70,64,3.0,99,4.7
South Dakota,3/1/2021,679,467,68.8,-0.4,454,13,12.4,2.8,23,0.0,-10,0.56,11,2.5,18,4.2
Tennessee,3/1/2021,5497,3323,60.5,-1.0,3152,170,47.8,5.1,181,29.3,-11,0.94,94,3.1,132,4.3
Texas,3/1/2021,22453,14243,63.4,-0.4,13326,918,82.9,6.4,633,19.9,285,1.45,336,2.7,476,3.9
Utah,3/1/2021,2460,1675,68.1,-0.2,1623,52,28.4,3.1,85,13.3,-33,0.61,54,3.4,75,4.7
Vermont,3/1/2021,538,333,61.9,-4.0,319,14,81.4,4.2,16,-5.9,-2,0.87,6,2.1,12,4.2
Virginia,3/1/2021,6785,4304,63.4,-2.2,4108,196,53.6,4.6,260,18.2,-64,0.75,89,2.3,163,4.2
Washington,3/1/2021,6141,3869,63.0,-2.4,3640,230,53.6,5.9,159,-16.3,71,1.44,62,1.9,123,3.8
West Virginia,3/1/2021,1440,773,53.7,-1.3,727,46,8.1,5.9,55,10.0,-9,0.83,19,2.8,35,5.2
Wisconsin,3/1/2021,4702,3108,66.1,-0.1,2972,135,41.0,4.3,147,-8.1,-12,0.92,69,2.4,122,4.3
Wyoming,3/1/2021,451,289,64.1,-1.7,274,15,9.4,5.2,18,0.0,-3,0.83,9,3.3,14,5.1
Alabama,2/1/2021,3984,2251,56.5,-0.7,2162,88,19.3,3.9,112,13.1,-24,0.79,50,2.5,83,4.1
Alaska,2/1/2021,545,348,63.9,-0.6,324,24,28.2,6.9,22,-4.3,2,1.10,10,3.2,18,5.8
Arizona,2/1/2021,5691,3503,61.5,-0.5,3285,218,29.3,6.2,158,0.6,60,1.38,72,2.5,116,4.0
Arkansas,2/1/2021,2350,1329,56.5,-1.4,1265,64,32.3,4.8,67,4.7,-3,0.95,32,2.5,60,4.7
California,2/1/2021,31166,18803,60.3,-2.7,17190,1614,87.6,8.6,705,-12.5,909,2.29,286,1.8,595,3.7
Colorado,2/1/2021,4601,3114,67.7,-1.0,2917,197,97.0,6.3,136,6.3,61,1.45,58,2.2,118,4.4
Connecticut,2/1/2021,2919,1810,62.0,-4.3,1680,130,74.7,7.2,69,3.0,61,1.88,26,1.6,50,3.2
Delaware,2/1/2021,803,495,61.6,0.6,465,29,69.4,5.9,28,27.3,1,1.04,13,2.9,22,4.9
District of Columbia,2/1/2021,550,377,68.4,-3.0,350,27,15.6,7.0,30,-3.2,-3,0.88,13,1.8,17,2.4
Florida,2/1/2021,17640,10128,57.4,-1.9,9567,561,81.6,5.5,426,-2.1,135,1.32,258,3.0,289,3.3
Georgia,2/1/2021,8367,5184,62.0,-0.9,4943,241,27.3,4.6,310,30.8,-69,0.78,140,3.1,200,4.5
Hawaii,2/1/2021,1130,678,60.0,-1.3,616,62,314.3,9.1,27,-10.0,35,2.30,11,2.0,21,3.8
Idaho,2/1/2021,1444,915,63.4,-0.8,878,37,45.4,4.1,42,7.7,-5,0.89,21,2.7,37,4.8
Illinois,2/1/2021,10126,6319,62.4,-1.8,5876,443,78.6,7.0,271,4.6,172,1.63,127,2.2,285,5.0
Indiana,2/1/2021,5308,3348,63.1,-1.1,3195,154,31.6,4.6,162,3.8,-8,0.95,75,2.5,114,3.7
Iowa,2/1/2021,2499,1660,66.4,-2.7,1590,70,52.4,4.2,78,2.6,-8,0.90,36,2.4,54,3.5
Kansas,2/1/2021,2253,1503,66.7,-0.4,1445,58,25.1,3.9,64,-5.9,-6,0.91,33,2.4,48,3.5
Kentucky,2/1/2021,3522,2006,57.0,-1.6,1914,92,8.1,4.6,119,26.6,-27,0.77,63,3.4,94,5.0
Louisiana,2/1/2021,3580,2057,57.5,-0.5,1918,139,43.7,6.8,99,8.8,40,1.41,52,2.8,77,4.2
Maine,2/1/2021,1136,686,60.4,-1.6,653,33,48.0,4.8,35,9.4,-2,0.94,15,2.5,26,4.2
Maryland,2/1/2021,4888,3176,65.0,-4.3,2978,198,71.7,6.2,136,-16.6,62,1.45,47,1.8,73,2.8
Massachusetts,2/1/2021,5739,3728,65.0,-1.4,3490,239,102.6,6.4,154,-7.8,85,1.55,65,1.9,110,3.2
Michigan,2/1/2021,8061,4758,59.0,-2.3,4460,298,60.4,6.3,266,22.6,32,1.12,114,2.8,176,4.3
Minnesota,2/1/2021,4493,3056,68.0,-2.0,2922,134,21.8,4.4,123,-10.2,11,1.09,52,1.9,128,4.6
Mississippi,2/1/2021,2286,1261,55.2,-0.8,1181,80,9.3,6.3,56,9.8,24,1.43,35,3.1,45,4.0
Missouri,2/1/2021,4843,3036,62.7,-1.3,2891,144,37.3,4.8,133,7.3,11,1.09,73,2.6,115,4.1
Montana,2/1/2021,874,543,62.1,-1.6,522,21,9.4,3.9,27,-3.6,-6,0.78,14,2.9,23,4.8
Nebraska,2/1/2021,1507,1042,69.2,-0.9,1012,30,-4.3,2.9,50,0.0,-20,0.61,27,2.7,43,4.3
Nevada,2/1/2021,2481,1503,60.6,-3.6,1375,127,86.7,8.5,73,0.0,54,1.75,39,3.0,51,3.9
New Hampshire,2/1/2021,1145,755,65.9,-2.3,723,31,58.1,4.1,34,0.0,-3,0.92,12,1.8,24,3.7
New Jersey,2/1/2021,7426,4661,62.8,-1.7,4319,343,75.7,7.4,192,-2.0,151,1.79,81,2.1,160,4.1
New Mexico,2/1/2021,1667,933,56.0,-1.8,856,76,50.9,8.2,47,-7.8,29,1.63,17,2.2,32,4.1
New York,2/1/2021,16169,9567,59.2,-1.7,8769,798,93.5,8.3,346,-19.5,452,2.31,115,1.3,254,2.9
North Carolina,2/1/2021,8272,4873,58.9,-2.5,4605,269,41.6,5.5,314,33.6,-45,0.86,141,3.1,236,5.2
North Dakota,2/1/2021,596,407,68.3,-1.0,392,16,73.7,3.9,23,0.0,-7,0.68,12,2.9,19,4.6
Ohio,2/1/2021,9330,5735,61.5,-2.0,5388,346,29.4,6.0,253,0.0,93,1.37,121,2.3,208,3.9
Oklahoma,2/1/2021,3048,1863,61.1,0.3,1771,91,57.6,4.9,87,2.4,4,1.05,50,3.1,63,3.9
Oregon,2/1/2021,3448,2138,62.0,1.0,2005,133,78.3,6.2,96,-11.9,37,1.38,45,2.5,71,3.9
Pennsylvania,2/1/2021,10493,6476,61.7,-1.1,6016,460,52.6,7.1,273,-2.5,187,1.68,95,1.7,183,3.2
Rhode Island,2/1/2021,899,574,63.8,-0.4,537,37,75.8,6.4,25,4.2,12,1.47,9,1.9,22,4.7
South Carolina,2/1/2021,4088,2361,57.8,-0.1,2256,105,54.4,4.5,133,22.0,-28,0.79,61,2.9,88,4.1
South Dakota,2/1/2021,679,467,68.7,-0.4,454,13,12.6,2.8,22,-4.3,-9,0.59,11,2.5,17,3.9
Tennessee,2/1/2021,5493,3326,60.6,-0.9,3152,174,50.9,5.2,180,28.6,-6,0.97,99,3.2,154,5.0
Texas,2/1/2021,22426,14216,63.4,-0.5,13275,941,87.6,6.6,589,11.6,352,1.60,313,2.5,526,4.2
Utah,2/1/2021,2455,1672,68.1,-0.2,1617,55,34.0,3.3,74,-1.3,-19,0.74,35,2.2,60,3.8
Vermont,2/1/2021,538,332,61.7,-4.1,318,14,82.0,4.2,15,-11.8,-1,0.93,6,2.1,11,3.8
Virginia,2/1/2021,6783,4299,63.4,-2.2,4098,201,57.5,4.7,211,-4.1,-10,0.95,84,2.2,157,4.0
Washington,2/1/2021,6139,3863,62.9,-2.5,3625,239,59.7,6.2,116,-38.9,123,2.06,43,1.3,104,3.2
West Virginia,2/1/2021,1440,773,53.7,-1.3,725,47,12.3,6.1,44,-12.0,3,1.08,19,2.8,27,4.0
Wisconsin,2/1/2021,4702,3106,66.1,-0.1,2967,139,45.1,4.5,119,-25.6,20,1.17,57,2.0,92,3.2
Wyoming,2/1/2021,451,289,64.2,-1.6,274,15,11.7,5.3,15,-16.7,0,1.02,8,2.9,13,4.8
Alabama,1/1/2021,3983,2255,56.6,-0.6,2161,94,26.5,4.2,106,7.1,-12,0.88,53,2.6,84,4.2
Alaska,1/1/2021,545,347,63.7,-0.8,323,24,27.3,6.9,21,-8.7,3,1.14,11,3.6,18,5.8
Arizona,1/1/2021,5685,3497,61.5,-0.5,3275,222,31.7,6.3,166,5.7,56,1.34,88,3.0,114,3.9
Arkansas,1/1/2021,2350,1329,56.6,-1.3,1264,65,34.5,4.9,63,-1.6,2,1.03,39,3.1,52,4.1
California,1/1/2021,31190,18764,60.2,-2.9,17128,1636,90.2,8.7,669,-17.0,967,2.45,309,1.9,579,3.6
Colorado,1/1/2021,4599,3104,67.5,-1.2,2909,195,95.4,6.3,107,-16.4,88,1.82,79,3.0,112,4.2
Connecticut,1/1/2021,2918,1813,62.2,-4.1,1683,131,75.6,7.2,66,-1.5,65,1.98,28,1.8,51,3.2
Delaware,1/1/2021,802,493,61.5,0.5,465,28,65.2,5.8,19,-13.6,9,1.50,13,2.9,16,3.6
District of Columbia,1/1/2021,551,378,68.6,-2.8,350,28,20.2,7.3,26,-16.1,2,1.06,13,1.8,15,2.1
Florida,1/1/2021,17625,10105,57.3,-2.0,9519,586,89.5,5.8,408,-6.2,178,1.44,217,2.5,345,4.0
Georgia,1/1/2021,8363,5189,62.0,-0.9,4937,252,33.0,4.9,296,24.9,-44,0.85,151,3.4,212,4.7
Hawaii,1/1/2021,1131,673,59.5,-1.8,609,64,326.6,9.5,28,-6.7,36,2.28,8,1.5,23,4.2
Idaho,1/1/2021,1440,913,63.4,-0.8,875,38,46.5,4.1,40,2.6,-2,0.94,21,2.7,40,5.2
Illinois,1/1/2021,10133,6312,62.3,-1.9,5858,454,83.2,7.2,273,5.4,181,1.66,155,2.7,239,4.2
Indiana,1/1/2021,5307,3352,63.2,-1.0,3193,159,36.2,4.7,145,-7.1,14,1.10,82,2.7,125,4.1
Iowa,1/1/2021,2499,1656,66.3,-2.9,1588,68,48.1,4.1,68,-10.5,0,1.00,29,1.9,69,4.5
Kansas,1/1/2021,2253,1504,66.8,-0.3,1443,61,31.2,4.1,69,1.5,-8,0.89,29,2.1,45,3.3
Kentucky,1/1/2021,3523,2004,56.9,-1.7,1911,93,9.1,4.6,99,5.3,-6,0.94,60,3.2,98,5.3
Louisiana,1/1/2021,3583,2058,57.4,-0.6,1913,144,48.5,7.0,92,1.1,52,1.57,54,2.9,84,4.5
Maine,1/1/2021,1135,682,60.1,-1.9,651,31,39.9,4.5,27,-15.6,4,1.15,11,1.8,22,3.6
Maryland,1/1/2021,4888,3183,65.1,-4.2,2980,203,76.8,6.4,133,-18.4,70,1.53,47,1.8,72,2.8
Massachusetts,1/1/2021,5738,3732,65.0,-1.3,3480,252,113.8,6.8,142,-15.0,110,1.77,44,1.3,106,3.1
Michigan,1/1/2021,8064,4772,59.2,-2.2,4464,308,66.0,6.5,213,-1.8,95,1.45,117,2.9,156,3.9
Minnesota,1/1/2021,4493,3071,68.4,-1.6,2930,142,28.8,4.6,107,-21.9,35,1.32,57,2.1,87,3.2
Mississippi,1/1/2021,2287,1262,55.2,-0.8,1180,81,11.0,6.4,61,19.6,20,1.33,40,3.5,51,4.5
Missouri,1/1/2021,4842,3036,62.7,-1.3,2890,146,39.0,4.8,137,10.5,9,1.07,69,2.5,95,3.4
Montana,1/1/2021,873,542,62.2,-1.5,521,22,12.5,4.0,26,-7.1,-4,0.84,12,2.5,23,4.8
Nebraska,1/1/2021,1507,1042,69.1,-1.0,1011,30,-4.8,2.9,51,2.0,-21,0.59,23,2.3,40,4.0
Nevada,1/1/2021,2478,1503,60.7,-3.5,1369,134,96.7,8.9,61,-16.4,73,2.20,32,2.5,57,4.4
New Hampshire,1/1/2021,1145,756,66.0,-2.2,723,32,64.5,4.3,33,-2.9,-1,0.98,12,1.9,25,3.9
New Jersey,1/1/2021,7427,4653,62.6,-1.8,4310,343,75.6,7.4,212,8.2,131,1.62,74,1.9,163,4.2
New Mexico,1/1/2021,1667,932,55.9,-1.9,855,77,51.5,8.2,37,-27.5,40,2.07,23,2.9,28,3.6
New York,1/1/2021,16191,9565,59.1,-1.8,8750,815,97.6,8.5,338,-21.4,477,2.41,129,1.5,262,3.0
North Carolina,1/1/2021,8265,4873,59.0,-2.4,4598,275,44.8,5.6,237,0.9,38,1.16,133,2.9,239,5.3
North Dakota,1/1/2021,597,407,68.3,-1.0,391,16,80.7,4.0,20,-13.0,-4,0.82,10,2.4,17,4.2
Ohio,1/1/2021,9335,5738,61.5,-2.0,5388,350,30.8,6.1,256,1.2,94,1.37,119,2.2,220,4.1
Oklahoma,1/1/2021,3047,1862,61.1,0.3,1769,94,61.4,5.0,82,-3.5,12,1.14,44,2.7,64,3.9
Oregon,1/1/2021,3448,2136,61.9,1.0,2001,135,81.5,6.3,83,-23.9,52,1.63,46,2.5,66,3.6
Pennsylvania,1/1/2021,10492,6491,61.9,-0.9,6014,478,58.6,7.4,244,-12.9,234,1.96,94,1.7,200,3.6
Rhode Island,1/1/2021,899,573,63.7,-0.5,535,38,79.9,6.6,22,-8.3,16,1.71,10,2.2,18,3.9
South Carolina,1/1/2021,4084,2362,57.8,0.0,2252,110,60.7,4.6,126,15.6,-16,0.87,57,2.7,96,4.5
South Dakota,1/1/2021,678,466,68.7,-0.5,453,13,13.4,2.8,24,4.3,-11,0.55,11,2.5,19,4.4
Tennessee,1/1/2021,5490,3332,60.7,-0.7,3154,178,54.5,5.3,156,11.4,22,1.14,88,2.9,129,4.2
Texas,1/1/2021,22404,14198,63.4,-0.5,13239,959,91.0,6.8,537,1.7,422,1.79,374,3.0,498,4.0
Utah,1/1/2021,2451,1670,68.1,-0.2,1613,57,39.6,3.4,77,2.7,-20,0.74,34,2.2,62,3.9
Vermont,1/1/2021,538,331,61.6,-4.2,318,14,79.4,4.2,14,-17.6,0,0.98,6,2.1,12,4.2
Virginia,1/1/2021,6782,4299,63.4,-2.2,4093,206,61.7,4.8,213,-3.2,-7,0.97,83,2.1,162,4.2
Washington,1/1/2021,6138,3861,62.9,-2.5,3613,248,66.0,6.4,141,-25.8,107,1.76,60,1.8,122,3.7
West Virginia,1/1/2021,1441,774,53.7,-1.3,724,49,17.1,6.4,47,-6.0,2,1.05,20,3.0,29,4.3
Wisconsin,1/1/2021,4703,3106,66.1,-0.1,2964,143,49.0,4.6,126,-21.3,17,1.13,55,1.9,98,3.4
Wyoming,1/1/2021,451,290,64.4,-1.5,274,15,13.1,5.3,16,-11.1,-1,0.97,7,2.5,14,5.1
Alabama,12/1/2020,3964,2258,57.0,-0.3,2156,102,37.0,4.5,104,5.1,-2,0.98,53,2.6,94,4.7
Alaska,12/1/2020,544,346,63.6,-0.8,322,25,30.3,7.1,21,-8.7,4,1.17,7,2.3,18,5.8
Arizona,12/1/2020,5706,3509,61.5,-0.5,3279,230,36.3,6.5,152,-3.2,78,1.51,80,2.8,113,3.9
Arkansas,12/1/2020,2346,1329,56.7,-1.2,1263,67,38.5,5.0,64,0.0,3,1.04,36,2.9,62,4.9
California,12/1/2020,31109,18707,60.1,-2.9,17024,1684,95.8,9.0,706,-12.4,978,2.38,273,1.7,559,3.5
Colorado,12/1/2020,4604,3104,67.4,-1.3,2906,198,98.4,6.4,109,-14.8,89,1.82,67,2.5,100,3.7
Connecticut,12/1/2020,2911,1820,62.5,-3.8,1684,136,82.2,7.4,61,-9.0,75,2.22,25,1.6,47,3.0
Delaware,12/1/2020,799,490,61.3,0.3,462,27,59.3,5.6,20,-9.1,7,1.37,13,2.9,20,4.5
District of Columbia,12/1/2020,546,377,69.0,-2.4,348,29,27.3,7.8,30,-3.2,-1,0.97,13,1.8,22,3.0
Florida,12/1/2020,17595,10092,57.4,-2.0,9464,629,103.4,6.2,420,-3.4,209,1.50,228,2.7,354,4.1
Georgia,12/1/2020,8324,5178,62.2,-0.7,4912,266,40.5,5.1,258,8.9,8,1.03,134,3.0,215,4.8
Hawaii,12/1/2020,1126,666,59.1,-2.2,598,68,353.8,10.2,31,3.3,37,2.19,10,1.8,31,5.7
Idaho,12/1/2020,1442,914,63.4,-0.8,876,39,50.3,4.2,40,2.6,-1,0.96,20,2.6,34,4.4
Illinois,12/1/2020,10089,6287,62.3,-1.8,5808,480,93.3,7.6,261,0.8,219,1.84,124,2.2,231,4.1
Indiana,12/1/2020,5298,3352,63.3,-0.9,3184,168,43.4,5.0,156,0.0,12,1.07,76,2.5,135,4.5
Iowa,12/1/2020,2498,1655,66.3,-2.9,1585,70,51.3,4.2,69,-9.2,1,1.01,32,2.1,62,4.1
Kansas,12/1/2020,2250,1506,66.9,-0.2,1440,66,42.0,4.4,67,-1.5,-1,0.99,30,2.2,48,3.5
Kentucky,12/1/2020,3521,2001,56.8,-1.8,1906,95,11.1,4.7,103,9.6,-8,0.92,66,3.6,102,5.5
Louisiana,12/1/2020,3573,2054,57.5,-0.5,1902,151,55.9,7.4,99,8.8,52,1.53,53,2.9,103,5.6
Maine,12/1/2020,1133,676,59.7,-2.4,648,29,28.5,4.2,28,-12.5,1,1.02,13,2.1,24,3.9
Maryland,12/1/2020,4867,3183,65.4,-3.9,2972,211,83.6,6.6,147,-9.8,64,1.44,51,2.0,129,5.0
Massachusetts,12/1/2020,5728,3741,65.3,-1.0,3465,276,134.5,7.4,154,-7.8,122,1.80,57,1.7,111,3.2
Michigan,12/1/2020,8050,4718,58.6,-2.7,4391,328,76.4,6.9,218,0.5,110,1.50,101,2.5,197,4.8
Minnesota,12/1/2020,4485,3086,68.8,-1.2,2937,149,35.6,4.8,126,-8.0,23,1.18,53,1.9,91,3.2
Mississippi,12/1/2020,2277,1258,55.2,-0.8,1176,82,12.6,6.5,65,27.5,17,1.27,34,3.0,56,5.0
Missouri,12/1/2020,4836,3035,62.8,-1.2,2883,151,43.9,5.0,128,3.2,23,1.18,66,2.4,111,4.0
Montana,12/1/2020,872,544,62.3,-1.3,521,23,17.2,4.2,25,-10.7,-2,0.91,13,2.7,22,4.6
Nebraska,12/1/2020,1504,1039,69.1,-1.0,1009,31,-3.3,3.0,54,8.0,-23,0.57,26,2.6,47,4.7
Nevada,12/1/2020,2477,1509,60.9,-3.3,1363,145,112.8,9.6,64,-12.3,81,2.27,39,3.0,61,4.7
New Hampshire,12/1/2020,1143,757,66.2,-2.0,722,35,77.1,4.6,30,-11.8,5,1.17,13,2.0,24,3.7
New Jersey,12/1/2020,7384,4616,62.5,-2.0,4279,337,72.7,7.3,222,13.3,115,1.52,84,2.2,189,4.9
New Mexico,12/1/2020,1668,935,56.1,-1.8,856,79,55.5,8.4,39,-23.5,40,2.02,17,2.1,26,3.3
New York,12/1/2020,16125,9513,59.0,-1.9,8682,831,101.4,8.7,329,-23.5,502,2.53,119,1.3,270,3.0
North Carolina,12/1/2020,8245,4866,59.0,-2.4,4582,284,49.9,5.8,221,-6.0,63,1.29,136,3.0,210,4.7
North Dakota,12/1/2020,594,408,68.6,-0.7,390,18,96.4,4.4,19,-17.4,-1,0.94,11,2.7,17,4.2
Ohio,12/1/2020,9312,5731,61.5,-2.0,5370,362,35.2,6.3,252,-0.4,110,1.44,126,2.4,225,4.2
Oklahoma,12/1/2020,3039,1857,61.1,0.3,1760,96,66.2,5.2,86,1.2,10,1.12,40,2.5,68,4.2
Oregon,12/1/2020,3444,2137,62.1,1.1,1998,140,87.5,6.5,110,0.9,30,1.27,36,2.0,81,4.4
Pennsylvania,12/1/2020,10457,6493,62.1,-0.7,6001,492,63.4,7.6,258,-7.9,234,1.91,104,1.8,199,3.5
Rhode Island,12/1/2020,897,571,63.7,-0.6,531,40,90.6,7.0,22,-8.3,18,1.81,9,1.9,22,4.7
South Carolina,12/1/2020,4075,2361,57.9,0.1,2246,115,69.1,4.9,124,13.8,-9,0.93,72,3.4,108,5.1
South Dakota,12/1/2020,677,467,68.9,-0.3,453,14,22.1,3.0,23,0.0,-9,0.61,9,2.1,19,4.4
Tennessee,12/1/2020,5470,3325,60.8,-0.6,3138,187,62.0,5.6,152,8.6,35,1.23,86,2.8,136,4.4
Texas,12/1/2020,22301,14147,63.4,-0.4,13168,979,95.0,6.9,555,5.1,424,1.76,319,2.6,564,4.6
Utah,12/1/2020,2445,1666,68.2,-0.1,1606,60,48.1,3.6,76,1.3,-16,0.79,35,2.2,60,3.8
Vermont,12/1/2020,536,331,61.8,-4.1,317,14,84.4,4.3,12,-29.4,2,1.18,6,2.1,11,3.8
Virginia,12/1/2020,6766,4299,63.5,-2.1,4082,216,69.3,5.0,211,-4.1,5,1.02,97,2.5,184,4.7
Washington,12/1/2020,6129,3853,62.9,-2.6,3594,259,73.6,6.7,147,-22.6,112,1.77,59,1.8,106,3.2
West Virginia,12/1/2020,1441,772,53.6,-1.4,722,50,17.5,6.4,47,-6.0,3,1.05,20,3.0,33,4.9
Wisconsin,12/1/2020,4699,3116,66.3,0.2,2965,151,57.5,4.8,125,-21.9,26,1.21,58,2.0,119,4.2
Wyoming,12/1/2020,452,292,64.6,-1.2,276,16,15.5,5.4,14,-22.2,2,1.13,6,2.2,12,4.4
Alabama,11/1/2020,3963,2267,57.2,0.0,2157,109,47.7,4.8,105,6.1,4,1.04,60,3.0,98,4.9
Alaska,11/1/2020,544,345,63.3,-1.1,321,24,28.8,7.0,23,0.0,1,1.05,5,1.6,20,6.5
Arizona,11/1/2020,5699,3504,61.5,-0.5,3269,235,39.2,6.7,153,-2.5,82,1.53,71,2.5,126,4.4
Arkansas,11/1/2020,2345,1330,56.7,-1.2,1262,68,42.3,5.1,59,-7.8,9,1.16,37,2.9,60,4.8
California,11/1/2020,31126,18646,59.9,-3.1,16965,1681,95.4,9.0,680,-15.6,1001,2.47,313,1.9,659,4.1
Colorado,11/1/2020,4601,3090,67.2,-1.5,2897,193,93.5,6.2,110,-14.1,83,1.75,57,2.1,119,4.5
Connecticut,11/1/2020,2909,1825,62.7,-3.6,1687,138,85.0,7.5,62,-7.5,76,2.22,26,1.6,55,3.5
Delaware,11/1/2020,798,488,61.1,0.1,461,26,52.3,5.4,21,-4.5,5,1.25,13,2.9,21,4.7
District of Columbia,11/1/2020,546,379,69.3,-2.1,348,30,31.8,8.0,27,-12.9,3,1.12,13,1.8,20,2.8
Florida,11/1/2020,17576,10060,57.2,-2.1,9410,650,110.2,6.5,416,-4.4,234,1.56,270,3.2,345,4.0
Georgia,11/1/2020,8318,5186,62.4,-0.5,4909,277,46.3,5.3,248,4.6,29,1.12,127,2.9,217,4.9
Hawaii,11/1/2020,1126,655,58.2,-3.2,586,69,360.2,10.5,32,6.7,37,2.15,11,2.1,37,7.0
Idaho,11/1/2020,1438,911,63.4,-0.8,873,39,50.6,4.2,38,-2.6,1,1.02,21,2.7,42,5.5
Illinois,11/1/2020,10094,6278,62.2,-2.0,5786,492,98.3,7.8,266,2.7,226,1.85,117,2.1,228,4.0
Indiana,11/1/2020,5295,3353,63.3,-0.9,3177,175,50.1,5.2,149,-4.5,26,1.18,69,2.3,113,3.7
Iowa,11/1/2020,2497,1649,66.0,-3.1,1580,69,48.8,4.2,72,-5.3,-3,0.95,37,2.4,58,3.8
Kansas,11/1/2020,2250,1508,67.0,-0.1,1438,70,49.6,4.6,68,0.0,2,1.03,30,2.2,47,3.5
Kentucky,11/1/2020,3521,2000,56.8,-1.8,1904,95,11.9,4.8,103,9.6,-8,0.93,71,3.8,112,6.0
Louisiana,11/1/2020,3575,2053,57.4,-0.6,1897,157,61.3,7.6,107,17.6,50,1.46,46,2.5,96,5.2
Maine,11/1/2020,1132,670,59.2,-2.8,644,26,17.3,3.9,29,-9.4,-3,0.90,11,1.8,27,4.4
Maryland,11/1/2020,4866,3184,65.4,-3.9,2974,210,82.3,6.6,152,-6.7,58,1.38,53,2.0,100,3.9
Massachusetts,11/1/2020,5726,3747,65.4,-0.9,3455,292,147.6,7.8,150,-10.2,142,1.95,60,1.8,118,3.5
Michigan,11/1/2020,8052,4805,59.7,-1.7,4463,342,84.3,7.1,199,-8.3,143,1.72,117,2.8,194,4.7
Minnesota,11/1/2020,4484,3109,69.3,-0.6,2950,158,43.8,5.1,120,-12.4,38,1.32,50,1.8,97,3.5
Mississippi,11/1/2020,2278,1257,55.2,-0.8,1174,83,13.9,6.6,60,17.6,23,1.39,32,2.9,59,5.3
Missouri,11/1/2020,4834,3038,62.8,-1.2,2883,155,47.2,5.1,131,5.6,24,1.18,62,2.2,113,4.0
Montana,11/1/2020,870,544,62.5,-1.2,520,24,21.7,4.3,25,-10.7,-1,0.94,12,2.5,26,5.4
Nebraska,11/1/2020,1504,1040,69.1,-1.0,1009,31,-3.5,3.0,49,-2.0,-18,0.63,25,2.5,40,4.0
Nevada,11/1/2020,2474,1508,60.9,-3.2,1353,154,126.0,10.2,79,8.2,75,1.95,31,2.4,75,5.8
New Hampshire,11/1/2020,1142,758,66.4,-1.9,721,37,86.6,4.9,32,-5.9,5,1.15,12,1.9,26,4.0
New Jersey,11/1/2020,7383,4592,62.2,-2.3,4261,331,69.7,7.2,211,7.7,120,1.57,103,2.7,220,5.7
New Mexico,11/1/2020,1668,933,56.0,-1.8,855,78,53.9,8.4,40,-21.6,38,1.95,18,2.3,36,4.5
New York,11/1/2020,16141,9505,58.9,-2.0,8656,850,105.9,8.9,323,-24.9,527,2.63,128,1.4,296,3.3
North Carolina,11/1/2020,8236,4853,58.9,-2.5,4569,284,49.7,5.9,252,7.2,32,1.13,129,2.9,249,5.6
North Dakota,11/1/2020,594,409,68.8,-0.6,390,19,104.5,4.5,20,-13.0,-1,0.93,11,2.7,18,4.4
Ohio,11/1/2020,9314,5730,61.5,-2.0,5361,368,37.6,6.4,258,2.0,110,1.43,128,2.4,215,4.1
Oklahoma,11/1/2020,3037,1856,61.1,0.3,1757,99,70.0,5.3,84,-1.2,15,1.17,45,2.8,76,4.7
Oregon,11/1/2020,3443,2133,62.0,1.0,1993,140,88.1,6.6,92,-15.6,48,1.52,39,2.1,83,4.5
Pennsylvania,11/1/2020,10454,6507,62.2,-0.6,5998,509,69.0,7.8,287,2.5,222,1.77,78,1.4,183,3.2
Rhode Island,11/1/2020,897,569,63.4,-0.8,529,40,91.4,7.0,24,0.0,16,1.66,9,1.9,24,5.1
South Carolina,11/1/2020,4070,2361,58.0,0.2,2242,120,75.2,5.1,124,13.8,-4,0.96,69,3.3,105,5.0
South Dakota,11/1/2020,677,466,68.9,-0.3,452,14,25.3,3.1,25,8.7,-11,0.58,10,2.3,18,4.2
Tennessee,11/1/2020,5466,3325,60.8,-0.6,3129,196,70.2,5.9,153,9.3,43,1.28,83,2.7,142,4.7
Texas,11/1/2020,22274,14117,63.4,-0.5,13134,982,95.7,7.0,564,6.8,418,1.74,316,2.6,548,4.5
Utah,11/1/2020,2440,1664,68.2,-0.1,1601,63,54.8,3.8,69,-8.0,-6,0.91,36,2.3,79,5.1
Vermont,11/1/2020,536,331,61.7,-4.1,317,14,80.9,4.2,15,-11.8,-1,0.93,6,2.1,13,4.5
Virginia,11/1/2020,6764,4303,63.6,-2.0,4074,229,79.3,5.3,212,-3.6,17,1.08,90,2.3,171,4.4
Washington,11/1/2020,6127,3851,62.9,-2.6,3584,267,78.5,6.9,130,-31.6,137,2.05,58,1.8,117,3.6
West Virginia,11/1/2020,1441,772,53.6,-1.4,721,51,21.0,6.6,48,-4.0,3,1.06,20,3.0,34,5.1
Wisconsin,11/1/2020,4698,3114,66.3,0.1,2960,154,61.2,5.0,127,-20.6,27,1.22,62,2.2,105,3.7
Wyoming,11/1/2020,452,292,64.7,-1.1,276,16,17.1,5.5,15,-16.7,1,1.07,7,2.6,14,5.1
Alabama,10/1/2020,3961,2273,57.4,0.2,2155,119,60.3,5.2,101,2.0,18,1.18,62,3.1,84,4.2
Alaska,10/1/2020,544,344,63.1,-1.3,319,25,31.2,7.2,22,-4.3,3,1.12,7,2.4,22,7.4
Arizona,10/1/2020,5690,3497,61.5,-0.5,3253,244,44.5,7.0,157,0.0,87,1.55,81,2.9,147,5.2
Arkansas,10/1/2020,2343,1332,56.8,-1.1,1260,72,49.3,5.4,57,-10.9,15,1.26,35,2.8,56,4.5
California,10/1/2020,31139,18610,59.8,-3.3,16888,1722,100.2,9.3,661,-18.0,1061,2.60,306,1.9,706,4.4
Colorado,10/1/2020,4597,3074,66.9,-1.8,2884,190,90.6,6.2,120,-6.3,70,1.58,59,2.2,121,4.6
Connecticut,10/1/2020,2906,1833,63.1,-3.2,1688,145,94.2,7.9,57,-14.9,88,2.54,25,1.6,59,3.7
Delaware,10/1/2020,797,485,60.8,-0.2,459,25,46.5,5.2,23,4.5,2,1.10,10,2.3,21,4.7
District of Columbia,10/1/2020,546,380,69.5,-1.9,348,31,36.7,8.3,25,-19.4,6,1.26,11,1.5,17,2.3
Florida,10/1/2020,17555,10036,57.2,-2.1,9339,697,125.5,6.9,388,-10.8,309,1.80,218,2.6,323,3.8
Georgia,10/1/2020,8310,5196,62.5,-0.4,4904,292,54.5,5.6,239,0.8,53,1.22,125,2.8,204,4.6
Hawaii,10/1/2020,1126,643,57.2,-4.2,571,73,386.3,11.3,18,-40.0,55,4.04,21,4.1,17,3.3
Idaho,10/1/2020,1434,908,63.4,-0.8,868,40,56.5,4.4,35,-10.3,5,1.15,16,2.1,37,4.9
Illinois,10/1/2020,10098,6269,62.1,-2.1,5756,513,106.9,8.2,238,-8.1,275,2.16,121,2.1,240,4.2
Indiana,10/1/2020,5292,3347,63.2,-0.9,3159,188,60.9,5.6,150,-3.8,38,1.25,82,2.7,116,3.9
Iowa,10/1/2020,2496,1642,65.8,-3.4,1572,70,51.2,4.2,68,-10.5,2,1.03,31,2.1,69,4.6
Kansas,10/1/2020,2249,1507,67.0,-0.1,1433,74,59.0,4.9,59,-13.2,15,1.26,29,2.1,48,3.5
Kentucky,10/1/2020,3521,1996,56.7,-1.9,1900,96,13.0,4.8,93,-1.1,3,1.03,58,3.1,104,5.6
Louisiana,10/1/2020,3575,2052,57.4,-0.6,1888,164,68.6,8.0,94,3.3,70,1.74,64,3.5,80,4.4
Maine,10/1/2020,1131,665,58.8,-3.2,640,25,12.9,3.8,34,6.3,-9,0.74,9,1.5,27,4.5
Maryland,10/1/2020,4865,3186,65.5,-3.8,2973,213,85.4,6.7,143,-12.3,70,1.49,42,1.6,72,2.8
Massachusetts,10/1/2020,5723,3751,65.6,-0.8,3437,315,166.9,8.4,132,-21.0,183,2.38,47,1.4,111,3.3
Michigan,10/1/2020,8052,4827,60.0,-1.4,4458,369,98.8,7.7,201,-7.4,168,1.84,103,2.5,195,4.8
Minnesota,10/1/2020,4482,3132,69.9,-0.1,2960,172,56.2,5.5,112,-18.2,60,1.53,40,1.4,83,3.0
Mississippi,10/1/2020,2278,1254,55.1,-0.9,1169,85,15.8,6.7,57,11.8,28,1.48,36,3.2,53,4.8
Missouri,10/1/2020,4832,3044,63.0,-1.0,2880,164,55.5,5.4,113,-8.9,51,1.45,75,2.7,113,4.1
Montana,10/1/2020,869,544,62.6,-1.1,519,25,29.5,4.6,25,-10.7,0,1.00,12,2.5,27,5.7
Nebraska,10/1/2020,1503,1040,69.2,-0.9,1008,32,0.5,3.1,47,-6.0,-15,0.68,23,2.3,39,3.9
Nevada,10/1/2020,2471,1507,61.0,-3.2,1339,168,145.6,11.1,69,-5.5,99,2.43,38,3.0,84,6.6
New Hampshire,10/1/2020,1141,758,66.5,-1.8,718,40,102.4,5.3,30,-11.8,10,1.33,9,1.4,25,3.9
New Jersey,10/1/2020,7381,4553,61.7,-2.8,4229,324,65.9,7.1,188,-4.1,136,1.72,83,2.1,176,4.6
New Mexico,10/1/2020,1667,931,55.9,-1.9,853,78,54.0,8.4,42,-17.6,36,1.86,16,2.0,37,4.7
New York,10/1/2020,16154,9485,58.7,-2.2,8612,874,111.7,9.2,309,-28.1,565,2.83,122,1.4,309,3.5
North Carolina,10/1/2020,8225,4841,58.9,-2.5,4546,295,55.5,6.1,235,0.0,60,1.26,95,2.1,243,5.5
North Dakota,10/1/2020,594,409,68.9,-0.4,390,20,117.0,4.8,18,-21.7,2,1.09,11,2.7,17,4.2
Ohio,10/1/2020,9315,5723,61.4,-2.1,5337,386,44.2,6.7,234,-7.5,152,1.65,115,2.2,202,3.8
Oklahoma,10/1/2020,3035,1853,61.1,0.3,1752,102,75.4,5.5,68,-20.0,34,1.50,41,2.5,65,4.0
Oregon,10/1/2020,3441,2130,61.9,0.9,1985,145,94.8,6.8,97,-11.0,48,1.49,36,2.0,76,4.2
Pennsylvania,10/1/2020,10450,6513,62.3,-0.5,5984,528,75.5,8.1,267,-4.6,261,1.98,100,1.8,216,3.9
Rhode Island,10/1/2020,896,565,63.0,-1.2,526,40,89.3,7.0,18,-25.0,22,2.19,8,1.7,19,4.1
South Carolina,10/1/2020,4065,2359,58.0,0.2,2233,126,84.4,5.3,124,13.8,2,1.01,62,3.0,103,4.9
South Dakota,10/1/2020,676,466,68.9,-0.3,451,15,31.7,3.3,22,-4.3,-7,0.69,9,2.1,18,4.2
Tennessee,10/1/2020,5462,3317,60.7,-0.7,3108,210,82.0,6.3,145,3.6,65,1.45,82,2.7,147,4.9
Texas,10/1/2020,22244,14074,63.3,-0.6,13076,998,98.9,7.1,599,13.4,399,1.67,334,2.7,550,4.5
Utah,10/1/2020,2435,1661,68.2,-0.1,1594,67,64.6,4.0,66,-12.0,1,1.01,34,2.2,68,4.4
Vermont,10/1/2020,536,331,61.8,-4.1,317,14,86.7,4.3,16,-5.9,-2,0.90,5,1.7,14,4.8
Virginia,10/1/2020,6761,4311,63.8,-1.9,4059,253,97.8,5.9,185,-15.9,68,1.37,78,2.0,155,4.0
Washington,10/1/2020,6124,3852,62.9,-2.5,3570,282,88.9,7.3,120,-36.8,162,2.35,52,1.6,104,3.2
West Virginia,10/1/2020,1442,772,53.6,-1.4,719,54,27.5,7.0,45,-10.0,9,1.20,21,3.2,32,4.8
Wisconsin,10/1/2020,4698,3110,66.2,0.1,2949,161,68.5,5.2,124,-22.5,37,1.30,52,1.8,113,4.0
Wyoming,10/1/2020,451,293,64.9,-0.9,276,16,20.3,5.6,14,-22.2,2,1.18,6,2.2,15,5.5
Alabama,9/1/2020,3958,2280,57.6,0.4,2146,135,81.7,5.9,105,6.1,30,1.28,51,2.6,87,4.4
Alaska,9/1/2020,544,343,63.1,-1.4,317,27,41.9,7.8,20,-13.0,7,1.34,8,2.8,18,6.2
Arizona,9/1/2020,5681,3493,61.5,-0.5,3230,262,55.5,7.5,151,-3.8,111,1.74,66,2.3,125,4.4
Arkansas,9/1/2020,2341,1336,57.1,-0.8,1256,79,64.9,5.9,56,-12.5,23,1.42,33,2.6,54,4.3
California,9/1/2020,31149,18658,59.9,-3.1,16803,1855,115.7,9.9,646,-19.9,1209,2.87,268,1.7,622,3.9
Colorado,9/1/2020,4593,3058,66.6,-2.1,2865,194,94.0,6.3,110,-14.1,84,1.76,64,2.4,109,4.2
Connecticut,9/1/2020,2903,1852,63.8,-2.5,1689,164,119.8,8.8,56,-16.4,108,2.92,21,1.3,62,4.0
Delaware,9/1/2020,796,494,62.0,1.0,456,38,118.4,7.6,24,9.1,14,1.57,12,2.7,23,5.2
District of Columbia,9/1/2020,546,381,69.7,-1.7,348,33,42.4,8.6,32,3.2,1,1.02,12,1.6,25,3.4
Florida,9/1/2020,17530,10048,57.3,-2.0,9248,799,158.5,8.0,368,-15.4,431,2.17,191,2.3,314,3.7
Georgia,9/1/2020,8302,4945,59.6,-3.3,4626,319,68.6,6.5,252,6.3,67,1.27,156,3.6,215,4.9
Hawaii,9/1/2020,1125,623,55.3,-6.0,540,83,455.2,13.3,20,-33.3,63,4.15,11,2.1,17,3.2
Idaho,9/1/2020,1429,907,63.4,-0.7,862,45,75.3,5.0,35,-10.3,10,1.29,17,2.2,35,4.6
Illinois,9/1/2020,10100,6283,62.2,-2.0,5714,569,129.2,9.1,229,-11.6,340,2.48,109,1.9,241,4.3
Indiana,9/1/2020,5289,3345,63.3,-0.9,3129,216,85.3,6.5,139,-10.9,77,1.56,66,2.2,127,4.2
Iowa,9/1/2020,2494,1637,65.6,-3.5,1561,76,64.6,4.6,63,-17.1,13,1.20,34,2.3,62,4.1
Kansas,9/1/2020,2248,1507,67.0,-0.1,1425,82,74.8,5.4,62,-8.8,20,1.32,26,1.9,50,3.7
Kentucky,9/1/2020,3520,1991,56.6,-2.0,1891,100,17.5,5.0,97,3.2,3,1.03,53,2.9,92,5.0
Louisiana,9/1/2020,3576,2056,57.5,-0.5,1876,180,85.4,8.7,97,6.6,83,1.85,51,2.8,83,4.6
Maine,9/1/2020,1129,662,58.6,-3.4,635,27,19.5,4.0,25,-21.9,2,1.06,12,2.0,27,4.6
Maryland,9/1/2020,4863,3198,65.8,-3.5,2970,228,97.8,7.1,145,-11.0,83,1.57,45,1.8,100,3.9
Massachusetts,9/1/2020,5719,3768,65.9,-0.4,3406,362,207.0,9.6,132,-21.0,230,2.74,43,1.3,135,4.0
Michigan,9/1/2020,8051,4874,60.5,-0.8,4439,436,134.4,8.9,220,1.4,216,1.98,109,2.7,212,5.2
Minnesota,9/1/2020,4480,3157,70.5,0.5,2962,194,76.8,6.2,117,-14.6,77,1.66,41,1.5,101,3.7
Mississippi,9/1/2020,2277,1249,54.9,-1.1,1161,88,20.6,7.1,64,25.5,24,1.38,37,3.3,61,5.5
Missouri,9/1/2020,4829,3055,63.3,-0.7,2875,181,71.6,5.9,116,-6.5,65,1.56,66,2.4,119,4.3
Montana,9/1/2020,867,545,62.8,-0.9,516,28,45.4,5.2,24,-14.3,4,1.17,14,3.0,23,4.9
Nebraska,9/1/2020,1503,1041,69.3,-0.8,1006,36,12.3,3.4,43,-14.0,-7,0.83,22,2.2,39,4.0
Nevada,9/1/2020,2468,1512,61.3,-2.9,1320,193,182.1,12.7,65,-11.0,128,2.96,25,2.0,76,6.1
New Hampshire,9/1/2020,1140,760,66.7,-1.5,714,46,135.2,6.1,30,-11.8,16,1.55,10,1.6,25,3.9
New Jersey,9/1/2020,7378,4521,61.3,-3.2,4185,335,71.9,7.4,165,-15.8,170,2.03,61,1.6,183,4.9
New Mexico,9/1/2020,1666,930,55.8,-2.0,850,80,58.9,8.7,33,-35.3,47,2.44,19,2.4,26,3.3
New York,9/1/2020,16165,9517,58.9,-2.0,8551,966,134.1,10.2,344,-20.0,622,2.81,126,1.5,320,3.7
North Carolina,9/1/2020,8213,4841,58.9,-2.4,4512,329,73.3,6.8,210,-10.6,119,1.57,105,2.4,231,5.3
North Dakota,9/1/2020,594,410,69.1,-0.2,389,22,137.7,5.3,18,-21.7,4,1.20,9,2.2,19,4.7
Ohio,9/1/2020,9314,5723,61.4,-2.1,5291,432,61.4,7.6,248,-2.0,184,1.74,104,2.0,218,4.2
Oklahoma,9/1/2020,3032,1852,61.1,0.3,1742,110,89.8,5.9,84,-1.2,26,1.31,40,2.5,65,4.0
Oregon,9/1/2020,3439,2130,62.0,1.0,1971,159,114.0,7.5,97,-11.0,62,1.64,36,2.0,68,3.7
Pennsylvania,9/1/2020,10444,6525,62.5,-0.3,5955,569,89.1,8.7,255,-8.9,314,2.23,81,1.5,207,3.7
Rhode Island,9/1/2020,896,579,64.6,0.4,521,58,176.2,10.0,18,-25.0,40,3.20,6,1.3,19,4.2
South Carolina,9/1/2020,4059,2357,58.1,0.2,2220,138,101.7,5.8,118,8.3,20,1.17,59,2.8,109,5.3
South Dakota,9/1/2020,675,466,69.0,-0.2,449,17,46.1,3.6,18,-21.7,-1,0.94,9,2.1,16,3.8
Tennessee,9/1/2020,5457,3310,60.7,-0.8,3075,236,104.5,7.1,137,-2.1,99,1.72,84,2.8,144,4.8
Texas,9/1/2020,22212,14059,63.3,-0.6,12982,1077,114.7,7.7,478,-9.5,599,2.25,269,2.2,544,4.5
Utah,9/1/2020,2430,1658,68.2,-0.1,1583,75,83.5,4.5,67,-10.7,8,1.11,36,2.3,70,4.6
Vermont,9/1/2020,535,332,62.0,-3.9,315,16,109.4,4.9,14,-17.6,2,1.15,4,1.4,13,4.6
Virginia,9/1/2020,6757,4324,64.0,-1.6,4035,289,126.4,6.7,216,-1.8,73,1.34,66,1.7,183,4.8
Washington,9/1/2020,6120,3863,63.1,-2.3,3546,317,112.0,8.2,128,-32.6,189,2.48,55,1.7,113,3.5
West Virginia,9/1/2020,1442,774,53.7,-1.3,715,59,40.0,7.6,46,-8.0,13,1.28,18,2.7,33,5.0
Wisconsin,9/1/2020,4696,3112,66.3,0.1,2931,181,88.9,5.8,123,-23.1,58,1.47,52,1.8,119,4.2
Wyoming,9/1/2020,451,293,65.1,-0.7,276,17,27.3,5.9,13,-27.8,4,1.34,6,2.2,14,5.2
Alabama,8/1/2020,3956,2273,57.5,0.2,2129,144,94.5,6.3,106,7.1,38,1.36,50,2.5,88,4.5
Alaska,8/1/2020,544,343,63.0,-1.4,313,29,55.8,8.6,17,-26.1,12,1.73,11,3.8,19,6.6
Arizona,8/1/2020,5672,3472,61.2,-0.8,3197,275,63.1,7.9,137,-12.7,138,2.01,63,2.3,98,3.5
Arkansas,8/1/2020,2340,1334,57.0,-0.9,1250,85,76.3,6.4,59,-7.8,26,1.44,31,2.5,54,4.4
California,8/1/2020,31161,18911,60.7,-2.3,16674,2237,160.1,11.8,716,-11.2,1521,3.12,328,2.1,705,4.5
Colorado,8/1/2020,4589,3022,65.9,-2.8,2835,187,87.4,6.2,106,-17.2,81,1.76,56,2.2,125,4.8
Connecticut,8/1/2020,2900,1864,64.3,-2.0,1685,179,140.1,9.6,53,-20.9,126,3.37,21,1.4,63,4.1
Delaware,8/1/2020,794,487,61.3,0.2,451,36,108.1,7.4,23,4.5,13,1.56,11,2.5,22,5.1
District of Columbia,8/1/2020,546,380,69.5,-2.0,347,32,41.3,8.5,39,25.8,-7,0.83,12,1.7,22,3.0
Florida,8/1/2020,17506,9989,57.1,-2.3,9127,862,178.8,8.6,397,-8.7,465,2.17,223,2.7,326,3.9
Georgia,8/1/2020,8295,4945,59.6,-3.3,4607,338,78.7,6.8,255,7.6,83,1.33,122,2.8,203,4.7
Hawaii,8/1/2020,1125,673,59.8,-1.6,585,87,484.6,13.0,22,-26.7,65,3.98,16,3.0,23,4.4
Idaho,8/1/2020,1425,902,63.3,-0.9,853,49,91.2,5.4,36,-7.7,13,1.36,19,2.5,39,5.2
Illinois,8/1/2020,10103,6252,61.9,-2.3,5645,607,144.5,9.7,242,-6.6,365,2.51,130,2.3,251,4.5
Indiana,8/1/2020,5286,3321,62.8,-1.3,3081,240,105.0,7.2,145,-7.1,95,1.65,68,2.3,137,4.6
Iowa,8/1/2020,2493,1629,65.3,-3.8,1548,82,76.8,5.0,71,-6.6,11,1.15,38,2.6,69,4.6
Kansas,8/1/2020,2247,1500,66.7,-0.4,1413,87,85.8,5.8,62,-8.8,25,1.40,28,2.1,53,3.9
Kentucky,8/1/2020,3519,1977,56.2,-2.4,1874,103,20.5,5.2,104,10.6,-1,0.99,32,1.8,96,5.3
Louisiana,8/1/2020,3577,2042,57.1,-0.9,1855,187,93.2,9.2,94,3.3,93,1.99,47,2.6,81,4.5
Maine,8/1/2020,1127,656,58.2,-3.9,628,27,23.1,4.2,23,-28.1,4,1.19,11,1.9,25,4.3
Maryland,8/1/2020,4861,3188,65.6,-3.7,2959,229,99.3,7.2,154,-5.5,75,1.49,52,2.1,107,4.2
Massachusetts,8/1/2020,5716,3746,65.5,-0.8,3358,388,229.2,10.4,143,-14.4,245,2.71,39,1.2,130,4.0
Michigan,8/1/2020,8051,4884,60.7,-0.7,4396,489,163.0,10.0,215,-0.9,274,2.27,95,2.4,235,5.9
Minnesota,8/1/2020,4478,3164,70.7,0.7,2952,212,92.8,6.7,119,-13.1,93,1.78,57,2.1,98,3.6
Mississippi,8/1/2020,2277,1239,54.4,-1.6,1147,92,25.6,7.4,58,13.7,34,1.58,25,2.3,53,4.9
Missouri,8/1/2020,4826,3059,63.4,-0.6,2865,195,84.9,6.4,136,9.7,59,1.43,64,2.3,128,4.7
Montana,8/1/2020,865,542,62.7,-1.0,512,30,57.5,5.6,24,-14.3,6,1.27,12,2.6,25,5.4
Nebraska,8/1/2020,1502,1040,69.3,-0.8,1001,40,25.0,3.8,48,-4.0,-8,0.83,25,2.6,42,4.3
Nevada,8/1/2020,2464,1501,60.9,-3.3,1292,209,205.9,13.9,79,8.2,130,2.64,37,3.0,86,7.0
New Hampshire,8/1/2020,1139,757,66.4,-1.8,706,51,158.0,6.7,28,-17.6,23,1.82,10,1.6,24,3.9
New Jersey,8/1/2020,7376,4755,64.5,0.0,4121,633,224.7,13.3,183,-6.6,450,3.46,69,1.9,228,6.2
New Mexico,8/1/2020,1665,923,55.4,-2.4,844,79,56.2,8.6,36,-29.4,43,2.20,20,2.6,31,4.0
New York,8/1/2020,16177,9483,58.6,-2.3,8455,1028,149.2,10.8,351,-18.4,677,2.93,119,1.4,343,4.1
North Carolina,8/1/2020,8202,4810,58.6,-2.7,4456,354,86.6,7.4,226,-3.8,128,1.57,97,2.2,284,6.6
North Dakota,8/1/2020,594,410,69.0,-0.3,387,23,152.5,5.6,18,-21.7,5,1.27,11,2.7,18,4.5
Ohio,8/1/2020,9314,5692,61.1,-2.4,5219,473,76.7,8.3,219,-13.4,254,2.16,134,2.6,226,4.4
Oklahoma,8/1/2020,3030,1842,60.8,0.0,1725,117,101.1,6.3,88,3.5,29,1.33,38,2.4,70,4.4
Oregon,8/1/2020,3437,2116,61.6,0.6,1948,168,125.6,7.9,89,-18.3,79,1.89,38,2.1,91,5.1
Pennsylvania,8/1/2020,10439,6505,62.3,-0.5,5902,603,100.2,9.3,262,-6.4,341,2.30,101,1.8,280,5.1
Rhode Island,8/1/2020,895,573,64.0,-0.2,514,59,184.5,10.4,20,-16.7,39,2.97,6,1.3,23,5.1
South Carolina,8/1/2020,4054,2345,57.8,0.0,2199,146,113.7,6.2,103,-5.5,43,1.42,53,2.6,93,4.6
South Dakota,8/1/2020,674,464,68.8,-0.4,446,18,58.2,3.9,20,-13.0,-2,0.91,9,2.1,18,4.3
Tennessee,8/1/2020,5452,3280,60.2,-1.3,3029,251,117.6,7.6,146,4.3,105,1.72,78,2.6,159,5.4
Texas,8/1/2020,22181,13962,62.9,-0.9,12838,1124,123.9,8.0,417,-21.0,707,2.69,265,2.2,504,4.2
Utah,8/1/2020,2424,1648,68.0,-0.3,1568,80,96.2,4.8,63,-16.0,17,1.27,36,2.4,70,4.6
Vermont,8/1/2020,535,331,62.0,-3.8,313,18,135.0,5.4,8,-52.9,10,2.26,5,1.8,11,4.0
Virginia,8/1/2020,6754,4311,63.8,-1.8,3994,316,147.8,7.3,195,-11.4,121,1.62,70,1.9,149,4.0
Washington,8/1/2020,6117,3852,63.0,-2.4,3507,345,130.6,9.0,119,-37.4,226,2.90,62,1.9,101,3.1
West Virginia,8/1/2020,1442,771,53.5,-1.4,708,63,50.4,8.2,47,-6.0,16,1.35,17,2.6,36,5.5
Wisconsin,8/1/2020,4695,3098,66.0,-0.2,2902,196,104.9,6.3,163,1.9,33,1.20,60,2.2,129,4.6
Wyoming,8/1/2020,450,293,65.1,-0.7,275,18,33.0,6.2,11,-38.9,7,1.66,7,2.6,13,4.9
Alabama,7/1/2020,3954,2275,57.5,0.3,2104,171,130.9,7.5,86,-13.1,85,1.99,40,2.1,87,4.5
Alaska,7/1/2020,544,349,64.2,-0.3,310,39,105.9,11.1,8,-65.2,31,4.85,8,2.8,7,2.4
Arizona,7/1/2020,5663,3468,61.2,-0.8,3158,311,84.1,9.0,145,-7.6,166,2.14,53,1.9,156,5.6
Arkansas,7/1/2020,2338,1339,57.3,-0.6,1241,98,102.9,7.3,46,-28.1,52,2.12,28,2.3,53,4.3
California,7/1/2020,31173,19067,61.2,-1.9,16561,2506,191.4,13.1,632,-21.6,1874,3.97,253,1.6,794,5.1
Colorado,7/1/2020,4585,2997,65.4,-3.3,2803,194,94.4,6.5,98,-23.4,96,1.98,63,2.5,155,6.0
Connecticut,7/1/2020,2897,1905,65.8,-0.5,1683,222,198.8,11.7,58,-13.4,164,3.83,21,1.4,105,7.0
Delaware,7/1/2020,793,481,60.6,-0.4,444,36,110.9,7.6,24,9.1,12,1.52,9,2.1,29,6.8
District of Columbia,7/1/2020,546,379,69.5,-2.0,346,33,44.2,8.7,27,-12.9,6,1.23,13,1.8,15,2.1
Florida,7/1/2020,17483,10171,58.2,-1.1,8992,1179,281.5,11.6,352,-19.1,827,3.35,187,2.2,360,4.3
Georgia,7/1/2020,8288,4974,60.0,-2.9,4589,384,103.1,7.7,234,-1.3,150,1.64,81,1.9,200,4.6
Hawaii,7/1/2020,1125,675,60.0,-1.3,570,105,602.3,15.6,22,-26.7,83,4.78,11,2.1,28,5.3
Idaho,7/1/2020,1421,902,63.5,-0.7,842,60,131.9,6.6,34,-12.8,26,1.75,18,2.4,46,6.2
Illinois,7/1/2020,10106,6280,62.1,-2.0,5567,713,187.6,11.4,212,-18.1,501,3.36,106,1.9,296,5.4
Indiana,7/1/2020,5282,3317,62.8,-1.4,3023,295,152.1,8.9,130,-16.7,165,2.27,51,1.7,166,5.7
Iowa,7/1/2020,2492,1631,65.5,-3.7,1534,97,111.1,6.0,61,-19.7,36,1.60,23,1.6,60,4.1
Kansas,7/1/2020,2247,1498,66.7,-0.4,1398,100,114.5,6.7,57,-16.2,43,1.76,21,1.6,49,3.7
Kentucky,7/1/2020,3518,1966,55.9,-2.7,1852,114,33.4,5.8,105,11.7,9,1.08,34,1.9,119,6.7
Louisiana,7/1/2020,3577,2041,57.1,-0.9,1829,212,119.0,10.4,85,-6.6,127,2.50,41,2.3,90,5.1
Maine,7/1/2020,1126,663,58.9,-3.1,622,42,88.5,6.3,23,-28.1,19,1.82,10,1.8,29,5.1
Maryland,7/1/2020,4859,3198,65.8,-3.5,2947,251,118.3,7.9,140,-14.1,111,1.79,43,1.7,94,3.8
Massachusetts,7/1/2020,5712,3770,66.0,-0.3,3299,471,299.5,12.5,141,-15.6,330,3.34,49,1.5,191,6.0
Michigan,7/1/2020,8050,4955,61.6,0.2,4334,621,234.4,12.5,227,4.6,394,2.74,87,2.3,346,9.0
Minnesota,7/1/2020,4475,3175,70.9,1.0,2926,249,126.6,7.8,105,-23.4,144,2.37,39,1.5,141,5.3
Mississippi,7/1/2020,2277,1233,54.2,-1.8,1131,102,40.2,8.3,57,11.8,45,1.80,24,2.2,59,5.4
Missouri,7/1/2020,4824,3074,63.7,-0.3,2854,220,109.5,7.2,121,-2.4,99,1.82,63,2.3,157,5.8
Montana,7/1/2020,864,543,62.8,-0.9,506,37,88.7,6.7,20,-28.6,17,1.83,11,2.4,23,5.0
Nebraska,7/1/2020,1501,1042,69.4,-0.7,994,48,50.2,4.6,39,-22.0,9,1.23,17,1.8,37,3.9
Nevada,7/1/2020,2461,1512,61.4,-2.8,1260,252,269.2,16.7,75,2.7,177,3.36,33,2.7,134,11.2
New Hampshire,7/1/2020,1138,758,66.6,-1.6,695,63,218.4,8.3,31,-8.8,32,2.03,9,1.5,40,6.6
New Jersey,7/1/2020,7373,4733,64.2,-0.3,4049,684,250.5,14.4,191,-2.6,493,3.58,68,1.9,283,7.9
New Mexico,7/1/2020,1664,920,55.3,-2.5,838,83,63.3,9.0,36,-29.4,47,2.30,14,1.8,38,4.9
New York,7/1/2020,16188,9546,59.0,-1.9,8347,1198,190.4,12.6,342,-20.5,856,3.50,112,1.4,389,4.7
North Carolina,7/1/2020,8191,4808,58.7,-2.7,4388,419,121.0,8.7,210,-10.6,209,2.00,94,2.2,227,5.3
North Dakota,7/1/2020,594,409,68.9,-0.4,384,25,178.3,6.2,16,-30.4,9,1.58,9,2.3,18,4.5
Ohio,7/1/2020,9314,5693,61.1,-2.4,5134,559,109.0,9.8,245,-3.2,314,2.28,113,2.2,346,6.7
Oklahoma,7/1/2020,3027,1839,60.8,0.0,1703,136,134.2,7.4,77,-9.4,59,1.76,37,2.3,76,4.7
Oregon,7/1/2020,3434,2115,61.6,0.6,1920,195,162.1,9.2,88,-19.3,107,2.22,34,1.9,116,6.6
Pennsylvania,7/1/2020,10434,6508,62.4,-0.4,5830,678,125.2,10.4,259,-7.5,419,2.62,90,1.7,242,4.5
Rhode Island,7/1/2020,895,576,64.3,0.1,506,70,236.9,12.2,26,8.3,44,2.70,6,1.4,40,9.2
South Carolina,7/1/2020,4050,2340,57.8,-0.1,2174,167,144.2,7.1,117,7.3,50,1.42,50,2.5,118,5.8
South Dakota,7/1/2020,674,464,68.8,-0.4,442,22,87.5,4.7,14,-39.1,8,1.55,7,1.7,15,3.6
Tennessee,7/1/2020,5447,3273,60.1,-1.3,2979,294,155.5,9.0,149,6.4,145,1.98,78,2.7,192,6.5
Texas,7/1/2020,22151,13961,63.0,-0.9,12667,1294,157.8,9.3,421,-20.3,873,3.07,222,1.9,565,4.7
Utah,7/1/2020,2419,1645,68.0,-0.3,1550,94,131.7,5.7,66,-12.0,28,1.43,29,1.9,67,4.5
Vermont,7/1/2020,534,333,62.4,-3.5,311,22,186.9,6.6,13,-23.5,9,1.70,4,1.5,17,6.2
Virginia,7/1/2020,6750,4307,63.8,-1.8,3949,358,180.5,8.3,189,-14.1,169,1.90,62,1.7,267,7.2
Washington,7/1/2020,6113,3874,63.4,-2.0,3467,408,172.8,10.5,135,-28.9,273,3.02,51,1.6,191,6.0
West Virginia,7/1/2020,1442,773,53.6,-1.3,700,73,73.6,9.5,42,-16.0,31,1.74,14,2.1,38,5.8
Wisconsin,7/1/2020,4694,3103,66.1,0.0,2866,237,147.7,7.6,124,-22.5,113,1.91,42,1.5,142,5.2
Wyoming,7/1/2020,450,294,65.3,-0.5,274,20,46.5,6.8,7,-61.1,13,2.87,7,2.6,9,3.4
Alabama,6/1/2020,3949,2264,57.3,0.1,2070,194,162.2,8.6,97,-2.0,97,2.00,30,1.6,88,4.7
Alaska,6/1/2020,544,345,63.5,-1.0,306,39,105.2,11.2,6,-73.9,33,6.44,5,1.8,19,6.7
Arizona,6/1/2020,5652,3446,61.0,-1.0,3110,337,99.6,9.8,146,-7.0,191,2.31,37,1.4,199,7.3
Arkansas,6/1/2020,2336,1336,57.2,-0.7,1231,105,118.9,7.9,46,-28.1,59,2.29,20,1.7,65,5.4
California,6/1/2020,31164,19030,61.1,-2.0,16411,2619,204.5,13.8,606,-24.8,2013,4.32,220,1.5,1013,6.7
Colorado,6/1/2020,4579,3115,68.0,-0.6,2765,350,250.8,11.2,104,-18.8,246,3.37,33,1.3,183,7.3
Connecticut,6/1/2020,2903,1896,65.3,-1.0,1678,218,193.0,11.5,51,-23.9,167,4.27,19,1.3,109,7.6
Delaware,6/1/2020,792,500,63.2,2.1,437,64,270.6,12.8,19,-13.6,45,3.36,9,2.2,23,5.7
District of Columbia,6/1/2020,552,378,68.5,-3.0,346,33,42.3,8.6,24,-22.6,9,1.36,13,1.8,19,2.6
Florida,6/1/2020,17459,9985,57.2,-2.1,8826,1159,274.8,11.6,327,-24.8,832,3.54,126,1.6,513,6.4
Georgia,6/1/2020,8279,4987,60.2,-2.7,4567,420,122.1,8.4,218,-8.0,202,1.93,84,2.0,206,4.9
Hawaii,6/1/2020,1126,665,59.1,-2.3,550,115,669.5,17.3,26,-13.3,89,4.43,13,2.6,38,7.5
Idaho,6/1/2020,1417,897,63.3,-0.9,829,68,163.4,7.5,37,-5.1,31,1.83,13,1.8,70,9.7
Illinois,6/1/2020,10109,6251,61.8,-2.3,5462,788,217.8,12.6,192,-25.9,596,4.11,107,2.0,250,4.7
Indiana,6/1/2020,5280,3288,62.3,-1.9,2951,337,188.8,10.3,125,-19.9,212,2.70,47,1.7,247,8.8
Iowa,6/1/2020,2491,1632,65.5,-3.6,1521,111,141.0,6.8,55,-27.6,56,2.02,21,1.5,64,4.5
Kansas,6/1/2020,2245,1490,66.4,-0.7,1379,111,138.3,7.5,57,-16.2,54,1.95,14,1.1,62,4.8
Kentucky,6/1/2020,3517,1924,54.7,-3.9,1822,102,19.8,5.3,91,-3.2,11,1.12,35,2.1,88,5.2
Louisiana,6/1/2020,3578,2019,56.4,-1.5,1796,223,130.0,11.0,87,-4.4,136,2.56,36,2.1,90,5.2
Maine,6/1/2020,1125,658,58.4,-3.6,614,43,95.7,6.6,22,-31.3,21,1.97,6,1.1,33,5.9
Maryland,6/1/2020,4859,3187,65.6,-3.7,2929,258,124.3,8.1,116,-28.8,142,2.23,46,1.9,132,5.5
Massachusetts,6/1/2020,5722,3778,66.0,-0.3,3224,554,369.6,14.7,117,-29.9,437,4.73,32,1.0,146,4.7
Michigan,6/1/2020,8050,5014,62.3,0.9,4289,725,290.2,14.5,130,-40.1,595,5.58,50,1.4,297,8.4
Minnesota,6/1/2020,4473,3144,70.3,0.3,2865,279,153.4,8.9,85,-38.0,194,3.28,29,1.1,104,4.0
Mississippi,6/1/2020,2277,1223,53.7,-2.3,1108,115,57.1,9.4,53,3.9,62,2.17,24,2.3,65,6.2
Missouri,6/1/2020,4822,2967,61.5,-2.5,2729,238,126.5,8.0,102,-17.7,136,2.34,55,2.1,185,7.1
Montana,6/1/2020,863,540,62.6,-1.0,499,41,113.8,7.7,23,-17.9,18,1.80,6,1.3,47,10.5
Nebraska,6/1/2020,1501,1041,69.4,-0.7,986,55,72.1,5.3,32,-36.0,23,1.71,14,1.5,41,4.3
Nevada,6/1/2020,2457,1499,61.0,-3.2,1216,283,314.2,18.9,54,-26.0,229,5.24,36,3.3,114,10.3
New Hampshire,6/1/2020,1137,754,66.3,-1.9,682,72,266.2,9.6,29,-14.7,43,2.49,6,1.0,38,6.4
New Jersey,6/1/2020,7376,4629,62.7,-1.7,3958,671,243.9,14.5,162,-17.3,509,4.14,71,2.0,260,7.4
New Mexico,6/1/2020,1663,913,54.9,-2.9,830,82,62.4,9.0,37,-27.5,45,2.22,12,1.6,42,5.5
New York,6/1/2020,16208,9506,58.6,-2.3,8210,1295,214.0,13.6,310,-27.9,985,4.18,105,1.3,385,4.8
North Carolina,6/1/2020,8185,4765,58.2,-3.2,4300,465,145.1,9.8,188,-20.0,277,2.47,89,2.1,237,5.7
North Dakota,6/1/2020,594,407,68.6,-0.7,381,26,192.1,6.5,17,-26.1,9,1.56,8,2.0,30,7.6
Ohio,6/1/2020,9311,5655,60.7,-2.8,5031,623,132.8,11.0,230,-9.1,393,2.71,82,1.7,412,8.4
Oklahoma,6/1/2020,3024,1827,60.4,-0.4,1677,150,159.4,8.2,86,1.2,64,1.75,29,1.9,104,6.6
Oregon,6/1/2020,3431,2099,61.2,0.2,1886,213,186.3,10.2,78,-28.4,135,2.73,32,1.9,103,6.0
Pennsylvania,6/1/2020,10433,6463,62.0,-0.9,5734,729,142.2,11.3,212,-24.3,517,3.44,62,1.2,250,4.8
Rhode Island,6/1/2020,895,571,63.8,-0.4,495,76,265.4,13.4,21,-12.5,55,3.63,4,1.0,33,8.0
South Carolina,6/1/2020,4044,2328,57.6,-0.3,2145,182,167.2,7.8,96,-11.9,86,1.90,41,2.1,131,6.7
South Dakota,6/1/2020,673,462,68.7,-0.5,438,25,112.7,5.3,10,-56.5,15,2.46,5,1.2,18,4.4
Tennessee,6/1/2020,5441,3250,59.7,-1.7,2920,330,186.4,10.2,143,2.1,187,2.31,66,2.3,211,7.4
Texas,6/1/2020,22115,13856,62.7,-1.2,12458,1397,178.4,10.1,396,-25.0,1001,3.53,268,2.3,739,6.3
Utah,6/1/2020,2414,1635,67.7,-0.5,1530,105,158.5,6.4,70,-6.7,35,1.50,23,1.6,96,6.5
Vermont,6/1/2020,534,334,62.6,-3.3,308,26,236.6,7.7,13,-23.5,13,1.99,,,19,7.2
Virginia,6/1/2020,6746,4277,63.4,-2.2,3896,381,198.4,8.9,158,-28.2,223,2.41,58,1.6,122,3.4
Washington,6/1/2020,6106,3875,63.5,-2.0,3422,453,203.2,11.7,127,-33.2,326,3.57,59,1.9,217,7.0
West Virginia,6/1/2020,1442,770,53.4,-1.5,689,81,92.5,10.6,38,-24.0,43,2.14,12,1.9,38,6.1
Wisconsin,6/1/2020,4691,3090,65.9,-0.3,2820,269,181.0,8.7,119,-25.6,150,2.26,34,1.3,129,4.9
Wyoming,6/1/2020,450,294,65.5,-0.4,273,21,56.8,7.3,7,-61.1,14,3.07,5,1.9,14,5.3
Alabama,5/1/2020,3945,2262,57.3,0.1,2027,235,217.8,10.4,72,-27.3,163,3.27,28,1.5,56,3.0
Alaska,5/1/2020,544,344,63.2,-1.2,303,40,114.1,11.7,14,-39.1,26,2.88,7,2.5,13,4.6
Arizona,5/1/2020,5642,3446,61.1,-0.9,3060,386,129.0,11.2,123,-21.7,263,3.14,44,1.7,70,2.6
Arkansas,5/1/2020,2335,1342,57.5,-0.4,1223,119,147.6,8.9,52,-18.8,67,2.29,18,1.5,41,3.5
California,5/1/2020,31156,18561,59.6,-3.4,15636,2925,240.1,15.8,465,-42.3,2460,6.29,195,1.3,460,3.1
Colorado,5/1/2020,4574,3095,67.7,-1.0,2733,363,263.5,11.7,98,-23.4,265,3.70,25,1.0,99,4.1
Connecticut,5/1/2020,2910,1905,65.5,-0.8,1679,226,203.5,11.9,45,-32.8,181,5.02,20,1.4,33,2.3
Delaware,5/1/2020,791,495,62.6,1.6,429,67,286.2,13.4,17,-22.7,50,3.92,9,2.2,12,3.0
District of Columbia,5/1/2020,559,380,68.0,-3.5,346,33,45.8,8.8,31,0.0,2,1.08,9,1.2,12,1.7
Florida,5/1/2020,17437,10084,57.8,-1.5,8657,1427,361.4,14.1,268,-38.4,1159,5.32,128,1.6,267,3.4
Georgia,5/1/2020,8270,5053,61.1,-1.8,4557,496,161.9,9.8,155,-34.6,341,3.20,80,2.0,139,3.4
Hawaii,5/1/2020,1127,666,59.1,-2.2,528,138,822.5,20.7,17,-43.3,121,8.12,12,2.4,14,2.7
Idaho,5/1/2020,1414,898,63.5,-0.7,816,82,218.3,9.1,36,-7.7,46,2.27,13,1.9,35,5.0
Illinois,5/1/2020,10112,6290,62.2,-2.0,5364,926,273.3,14.7,155,-40.2,771,5.97,113,2.1,216,4.1
Indiana,5/1/2020,5277,3286,62.3,-1.9,2875,411,251.4,12.5,86,-44.9,325,4.77,50,1.9,102,3.8
Iowa,5/1/2020,2490,1654,66.4,-2.7,1514,140,203.8,8.5,45,-40.8,95,3.11,16,1.1,45,3.2
Kansas,5/1/2020,2244,1497,66.7,-0.4,1360,137,193.6,9.2,55,-19.1,82,2.49,16,1.3,39,3.1
Kentucky,5/1/2020,3516,2054,58.4,-0.2,1790,263,209.3,12.8,71,-24.5,192,3.71,33,2.0,65,3.9
Louisiana,5/1/2020,3578,2014,56.3,-1.7,1766,248,155.5,12.3,63,-30.8,185,3.93,30,1.8,48,2.8
Maine,5/1/2020,1125,672,59.8,-2.3,608,64,187.6,9.5,22,-31.3,42,2.90,6,1.1,14,2.6
Maryland,5/1/2020,4859,3204,65.9,-3.3,2921,283,146.2,8.8,98,-39.9,185,2.89,36,1.5,66,2.8
Massachusetts,5/1/2020,5732,3671,64.0,-2.3,3144,526,346.3,14.3,116,-30.5,410,4.54,33,1.1,77,2.5
Michigan,5/1/2020,8050,4883,60.7,-0.7,3942,941,406.3,19.3,94,-56.7,847,10.01,53,1.6,123,3.6
Minnesota,5/1/2020,4471,3068,68.6,-1.3,2726,342,211.0,11.1,84,-38.7,258,4.07,36,1.4,86,3.3
Mississippi,5/1/2020,2277,1221,53.6,-2.4,1085,137,87.1,11.2,37,-27.5,100,3.69,18,1.8,37,3.7
Missouri,5/1/2020,4819,2870,59.6,-4.4,2594,276,162.5,9.6,79,-36.3,197,3.50,53,2.1,87,3.4
Montana,5/1/2020,862,542,62.9,-0.8,492,50,159.1,9.2,21,-25.0,29,2.39,9,2.1,20,4.7
Nebraska,5/1/2020,1500,1045,69.7,-0.4,978,67,110.8,6.4,38,-24.0,29,1.77,11,1.2,34,3.6
Nevada,5/1/2020,2453,1390,56.7,-7.5,1046,344,403.9,24.7,38,-47.9,306,9.05,22,2.0,52,4.7
New Hampshire,5/1/2020,1137,757,66.6,-1.7,667,89,352.4,11.8,26,-23.5,63,3.44,8,1.4,18,3.1
New Jersey,5/1/2020,7380,4571,61.9,-2.5,3865,706,261.8,15.4,145,-26.0,561,4.87,60,1.7,95,2.7
New Mexico,5/1/2020,1662,911,54.8,-3.0,826,85,66.8,9.3,38,-25.5,47,2.22,12,1.6,27,3.6
New York,5/1/2020,16229,9419,58.0,-2.9,7844,1575,281.8,16.7,260,-39.5,1315,6.06,84,1.1,163,2.1
North Carolina,5/1/2020,8179,4764,58.2,-3.1,4209,555,192.2,11.6,161,-31.5,394,3.44,61,1.5,156,3.8
North Dakota,5/1/2020,593,408,68.8,-0.5,378,30,228.1,7.3,16,-30.4,14,1.86,7,1.8,17,4.4
Ohio,5/1/2020,9309,5655,60.7,-2.8,4930,726,171.1,12.8,172,-32.0,554,4.22,80,1.7,154,3.3
Oklahoma,5/1/2020,3022,1827,60.5,-0.3,1648,178,207.6,9.8,81,-4.7,97,2.20,35,2.3,62,4.0
Oregon,5/1/2020,3428,2098,61.2,0.2,1850,248,233.5,11.8,74,-32.1,174,3.35,26,1.5,53,3.1
Pennsylvania,5/1/2020,10432,6461,61.9,-0.9,5630,832,176.2,12.9,207,-26.1,625,4.02,55,1.1,104,2.1
Rhode Island,5/1/2020,895,571,63.8,-0.4,483,88,321.7,15.4,15,-37.5,73,5.87,8,2.0,13,3.3
South Carolina,5/1/2020,4039,2335,57.8,0.0,2118,217,217.5,9.3,83,-23.9,134,2.61,35,1.8,70,3.7
South Dakota,5/1/2020,673,464,69.0,-0.2,433,31,166.1,6.6,17,-26.1,14,1.81,4,1.0,15,3.8
Tennessee,5/1/2020,5436,3257,59.9,-1.5,2862,395,243.1,12.1,100,-28.6,295,3.95,56,2.0,83,3.0
Texas,5/1/2020,22081,13855,62.7,-1.1,12241,1614,221.7,11.7,283,-46.4,1331,5.70,179,1.6,310,2.7
Utah,5/1/2020,2410,1636,67.9,-0.4,1510,126,210.5,7.7,72,-4.0,54,1.75,16,1.1,64,4.5
Vermont,5/1/2020,534,339,63.5,-2.3,307,32,322.3,9.6,13,-23.5,19,2.50,2,0.8,9,3.6
Virginia,5/1/2020,6743,4284,63.5,-2.1,3854,429,236.3,10.0,156,-29.1,273,2.75,62,1.7,82,2.3
Washington,5/1/2020,6099,3922,64.3,-1.1,3388,533,256.9,13.6,82,-56.8,451,6.51,47,1.5,73,2.4
West Virginia,5/1/2020,1442,774,53.6,-1.3,677,97,128.8,12.5,33,-34.0,64,2.93,10,1.6,17,2.8
Wisconsin,5/1/2020,4689,3100,66.1,0.0,2773,327,240.9,10.5,94,-41.3,233,3.48,27,1.0,59,2.3
Wyoming,5/1/2020,449,299,66.5,0.6,273,26,90.5,8.7,14,-22.2,12,1.86,3,1.1,12,4.6
Alabama,4/1/2020,3942,2184,55.4,-1.8,1884,301,306.1,13.8,80,-19.2,221,3.76,33,1.6,76,3.7
Alaska,4/1/2020,544,335,61.7,-2.7,297,39,106.6,11.6,21,-8.7,18,1.85,9,2.7,19,5.8
Arizona,4/1/2020,5632,3393,60.2,-1.7,2925,469,177.8,13.8,135,-14.0,334,3.47,54,1.8,118,4.0
Arkansas,4/1/2020,2334,1347,57.7,-0.2,1211,136,182.5,10.1,55,-14.1,81,2.47,28,2.2,56,4.3
California,4/1/2020,31152,18699,60.0,-3.0,15688,3010,250.0,16.1,665,-17.5,2345,4.53,299,1.7,534,3.1
Colorado,4/1/2020,4569,2998,65.6,-3.1,2662,335,236.2,11.2,106,-17.2,229,3.16,59,2.1,114,4.1
Connecticut,4/1/2020,2917,1831,62.8,-3.5,1679,152,104.2,8.3,65,-3.0,87,2.34,27,1.6,51,3.0
Delaware,4/1/2020,791,471,59.5,-1.5,409,62,256.8,13.1,19,-13.6,43,3.24,11,2.4,20,4.3
District of Columbia,4/1/2020,565,392,69.3,-2.1,348,44,92.0,11.3,26,-16.1,18,1.70,12,1.5,21,2.6
Florida,4/1/2020,17417,9372,53.8,-5.5,8121,1251,304.6,13.3,376,-13.6,875,3.33,216,2.4,350,3.9
Georgia,4/1/2020,8263,4947,59.9,-3.0,4330,617,226.3,12.5,180,-24.1,437,3.43,78,1.7,174,3.7
Hawaii,4/1/2020,1128,649,57.6,-3.7,504,146,874.9,22.5,23,-23.3,123,6.34,13,2.0,20,3.0
Idaho,4/1/2020,1411,886,62.8,-1.4,781,104,305.8,11.8,36,-7.7,68,2.89,15,1.9,39,5.0
Illinois,4/1/2020,10116,6257,61.9,-2.3,5113,1144,361.2,18.3,226,-12.7,918,5.06,115,1.9,166,2.7
Indiana,4/1/2020,5276,3213,60.9,-3.3,2669,543,365.1,16.9,118,-24.4,425,4.61,80,2.6,123,3.9
Iowa,4/1/2020,2489,1687,67.8,-1.4,1501,186,304.2,11.0,57,-25.0,129,3.27,31,2.0,53,3.4
Kansas,4/1/2020,2244,1488,66.3,-0.8,1308,180,285.6,12.1,56,-17.6,124,3.22,26,1.8,45,3.2
Kentucky,4/1/2020,3516,2039,58.0,-0.6,1698,341,300.0,16.7,90,-4.3,251,3.79,41,2.1,79,4.1
Louisiana,4/1/2020,3579,1976,55.2,-2.8,1709,267,175.7,13.5,73,-19.8,194,3.66,41,2.1,64,3.2
Maine,4/1/2020,1124,655,58.2,-3.8,594,61,173.7,9.3,26,-18.8,35,2.34,11,1.7,22,3.5
Maryland,4/1/2020,4860,3200,65.8,-3.4,2913,287,149.6,9.0,135,-17.2,152,2.13,54,2.0,87,3.2
Massachusetts,4/1/2020,5743,3509,61.1,-5.2,2886,623,428.7,17.8,137,-18.0,486,4.55,56,1.5,128,3.4
Michigan,4/1/2020,8051,4562,56.7,-4.7,3525,1036,457.8,22.7,156,-28.1,880,6.64,98,2.2,152,3.4
Minnesota,4/1/2020,4469,2996,67.0,-2.9,2731,265,141.3,8.9,113,-17.5,152,2.35,46,1.5,98,3.3
Mississippi,4/1/2020,2277,1208,53.0,-3.0,1020,188,157.5,15.6,46,-9.8,142,4.09,19,1.6,43,3.7
Missouri,4/1/2020,4818,2927,60.8,-3.2,2587,340,223.0,11.6,105,-15.3,235,3.24,70,2.4,96,3.3
Montana,4/1/2020,861,537,62.4,-1.3,473,64,231.7,11.9,25,-10.7,39,2.57,11,2.3,25,5.1
Nebraska,4/1/2020,1499,1045,69.7,-0.4,959,86,168.7,8.2,42,-16.0,44,2.04,23,2.2,40,3.9
Nevada,4/1/2020,2449,1469,60.0,-4.2,1021,448,557.0,30.5,59,-19.2,389,7.60,44,3.1,69,4.8
New Hampshire,4/1/2020,1136,742,65.3,-2.9,624,118,499.9,16.0,33,-2.9,85,3.59,10,1.5,25,3.7
New Jersey,4/1/2020,7384,4479,60.7,-3.8,3809,670,243.5,15.0,165,-15.8,505,4.06,86,2.1,119,2.8
New Mexico,4/1/2020,1661,900,54.1,-3.7,818,81,60.5,9.0,39,-23.5,42,2.08,15,1.7,33,3.8
New York,4/1/2020,16253,9119,56.1,-4.8,7691,1429,246.2,15.7,344,-20.0,1085,4.15,144,1.5,232,2.4
North Carolina,4/1/2020,8175,4625,56.6,-4.8,3969,656,245.7,14.2,183,-22.1,473,3.58,93,2.0,156,3.4
North Dakota,4/1/2020,593,410,69.2,-0.1,375,36,293.9,8.7,20,-13.0,16,1.79,11,2.5,20,4.6
Ohio,4/1/2020,9309,5535,59.5,-4.0,4624,911,240.4,16.5,205,-19.0,706,4.44,112,2.0,187,3.4
Oklahoma,4/1/2020,3019,1803,59.7,-1.1,1578,226,288.9,12.5,75,-11.8,151,3.01,35,2.1,68,4.0
Oregon,4/1/2020,3426,2036,59.4,-1.6,1756,279,275.3,13.7,97,-11.0,182,2.88,43,2.2,74,3.8
Pennsylvania,4/1/2020,10434,6345,60.8,-2.0,5321,1024,240.0,16.1,220,-21.4,804,4.65,86,1.4,221,3.7
Rhode Island,4/1/2020,895,545,60.9,-3.3,448,97,366.4,17.9,20,-16.7,77,4.87,8,1.6,17,3.4
South Carolina,4/1/2020,4034,2323,57.6,-0.3,2050,273,299.9,11.7,99,-9.2,174,2.76,36,1.6,93,4.3
South Dakota,4/1/2020,672,464,69.0,-0.2,423,41,252.0,8.8,16,-30.4,25,2.54,10,2.3,16,3.6
Tennessee,4/1/2020,5431,3192,58.8,-2.7,2689,503,336.2,15.7,146,4.3,357,3.44,62,2.0,124,3.9
Texas,4/1/2020,22050,13301,60.3,-3.6,11598,1703,239.4,12.8,411,-22.2,1292,4.14,298,2.3,453,3.5
Utah,4/1/2020,2405,1623,67.5,-0.8,1461,162,297.2,10.0,67,-10.7,95,2.41,32,2.0,64,4.1
Vermont,4/1/2020,534,352,66.0,0.2,303,50,548.4,14.1,13,-23.5,37,3.83,6,1.9,11,3.5
Virginia,4/1/2020,6741,4304,63.8,-1.8,3790,514,302.3,11.9,210,-4.5,304,2.45,77,1.9,125,3.1
Washington,4/1/2020,6093,3975,65.2,-0.2,3296,679,354.2,17.1,129,-32.1,550,5.26,63,1.8,123,3.5
West Virginia,4/1/2020,1442,761,52.7,-2.2,641,120,185.2,15.8,40,-20.0,80,3.01,16,2.3,30,4.2
Wisconsin,4/1/2020,4687,3080,65.7,-0.4,2647,433,351.9,14.1,124,-22.5,309,3.49,64,2.1,110,3.7
Wyoming,4/1/2020,449,287,64.0,-1.8,273,15,6.1,5.1,16,-11.1,-1,0.91,7,2.4,15,5.2
Alabama,3/1/2020,3940,2247,57.0,-0.2,2171,76,2.2,3.4,98,-1.0,-22,0.77,52,2.5,82,3.9
Alaska,3/1/2020,544,350,64.3,-0.1,331,19,0.7,5.4,23,0.0,-4,0.82,13,3.9,21,6.4
Arizona,3/1/2020,5623,3476,61.8,-0.2,3305,172,1.8,4.9,159,1.3,13,1.08,80,2.7,126,4.2
Arkansas,3/1/2020,2333,1366,58.6,0.7,1300,66,37.6,4.8,58,-9.4,8,1.14,33,2.5,56,4.3
California,3/1/2020,31146,19310,62.0,-1.0,18246,1064,23.7,5.5,771,-4.3,293,1.38,356,2.0,639,3.6
Colorado,3/1/2020,4564,3127,68.5,-0.1,3022,105,5.2,3.4,125,-2.3,-20,0.84,80,2.8,117,4.1
Connecticut,3/1/2020,2917,1927,66.1,-0.2,1852,75,1.3,3.9,69,3.0,6,1.09,30,1.8,76,4.5
Delaware,3/1/2020,790,487,61.7,0.7,463,24,41.7,5.0,22,0.0,2,1.11,12,2.6,20,4.3
District of Columbia,3/1/2020,565,403,71.3,-0.1,379,23,1.9,5.8,32,3.2,-9,0.73,14,1.7,23,2.9
Florida,3/1/2020,17399,10142,58.3,-1.0,9733,409,32.3,4.0,415,-4.6,-6,0.99,222,2.4,378,4.2
Georgia,3/1/2020,8255,5183,62.8,-0.1,4990,193,2.2,3.7,226,-4.6,-33,0.86,128,2.7,200,4.3
Hawaii,3/1/2020,1128,691,61.3,-0.1,676,15,-1.5,2.1,27,-10.0,-12,0.55,15,2.3,24,3.6
Idaho,3/1/2020,1408,899,63.9,-0.3,875,25,-3.5,2.8,41,5.1,-16,0.60,23,3.0,43,5.6
Illinois,3/1/2020,10117,6434,63.6,-0.6,6109,325,31.1,5.1,266,2.7,59,1.22,141,2.3,226,3.7
Indiana,3/1/2020,5273,3302,62.6,-1.6,3184,117,0.5,3.6,151,-3.2,-34,0.78,83,2.6,149,4.7
Iowa,3/1/2020,2488,1709,68.7,-0.5,1664,45,-1.4,2.7,74,-2.6,-29,0.61,34,2.1,56,3.5
Kansas,3/1/2020,2243,1500,66.9,-0.2,1454,46,-1.1,3.1,71,4.4,-25,0.65,36,2.5,51,3.6
Kentucky,3/1/2020,3515,2050,58.3,-0.3,1965,85,-0.2,4.1,86,-8.5,-1,0.99,47,2.4,88,4.5
Louisiana,3/1/2020,3579,2114,59.1,1.1,1974,141,45.1,6.7,98,7.7,43,1.44,53,2.7,81,4.1
Maine,3/1/2020,1123,694,61.8,-0.3,672,22,0.2,3.2,31,-3.1,-9,0.72,15,2.4,28,4.4
Maryland,3/1/2020,4858,3362,69.2,-0.1,3245,117,1.7,3.5,152,-6.7,-35,0.77,57,2.0,107,3.8
Massachusetts,3/1/2020,5741,3781,65.9,-0.5,3662,119,0.8,3.1,181,8.4,-62,0.66,72,1.9,126,3.4
Michigan,3/1/2020,8050,4910,61.0,-0.4,4727,183,-1.7,3.7,213,-1.8,-30,0.86,101,2.3,175,3.9
Minnesota,3/1/2020,4466,3116,69.8,-0.2,3004,112,1.9,3.6,122,-10.9,-10,0.92,52,1.7,97,3.2
Mississippi,3/1/2020,2277,1273,55.9,-0.1,1199,75,2.2,5.9,53,3.9,22,1.41,32,2.8,48,4.1
Missouri,3/1/2020,4816,3080,63.9,-0.1,2970,109,4.0,3.6,125,0.8,-16,0.88,85,2.9,111,3.8
Montana,3/1/2020,860,545,63.4,-0.3,526,19,-2.0,3.5,27,-3.6,-8,0.70,14,2.9,25,5.1
Nebraska,3/1/2020,1498,1055,70.4,0.3,1008,47,47.0,4.4,49,-2.0,-2,0.96,27,2.6,39,3.8
Nevada,3/1/2020,2445,1545,63.2,-1.0,1433,112,63.8,7.2,60,-17.8,52,1.86,40,2.8,65,4.5
New Hampshire,3/1/2020,1135,770,67.8,-0.4,750,20,-0.5,2.6,36,5.9,-16,0.55,14,2.0,28,4.1
New Jersey,3/1/2020,7381,4742,64.2,-0.2,4546,196,0.3,4.1,192,-2.0,4,1.02,66,1.6,140,3.3
New Mexico,3/1/2020,1660,949,57.1,-0.7,892,56,10.7,5.9,41,-19.6,15,1.37,22,2.6,33,3.8
New York,3/1/2020,16252,9868,60.7,-0.2,9449,419,1.6,4.2,393,-8.6,26,1.07,152,1.5,344,3.5
North Carolina,3/1/2020,8167,4785,58.6,-2.8,4594,191,0.5,4.0,227,-3.4,-36,0.84,111,2.4,230,5.0
North Dakota,3/1/2020,593,411,69.3,0.0,401,10,12.6,2.5,23,0.0,-13,0.44,12,2.7,20,4.5
Ohio,3/1/2020,9307,5820,62.5,-1.0,5543,278,3.7,4.8,258,2.0,20,1.08,132,2.4,199,3.5
Oklahoma,3/1/2020,3018,1830,60.6,-0.2,1770,59,1.8,3.2,79,-7.1,-20,0.75,40,2.4,67,3.9
Oregon,3/1/2020,3423,2084,60.9,-0.1,2007,77,3.4,3.7,114,4.6,-37,0.68,55,2.8,87,4.4
Pennsylvania,3/1/2020,10432,6536,62.7,-0.2,6221,315,4.8,4.8,263,-6.1,52,1.20,118,1.9,206,3.4
Rhode Island,3/1/2020,894,570,63.7,-0.5,549,21,0.1,3.7,23,-4.2,-2,0.91,10,2.0,19,3.7
South Carolina,3/1/2020,4029,2323,57.6,-0.2,2251,71,4.4,3.1,104,-4.6,-33,0.68,57,2.6,107,4.9
South Dakota,3/1/2020,672,463,68.9,-0.2,452,11,-3.7,2.4,21,-8.7,-10,0.53,11,2.5,16,3.6
Tennessee,3/1/2020,5426,3318,61.1,-0.3,3201,117,1.6,3.5,161,15.0,-44,0.73,78,2.5,119,3.8
Texas,3/1/2020,22021,13893,63.1,-0.8,13196,698,39.1,5.0,532,0.8,166,1.31,340,2.6,586,4.5
Utah,3/1/2020,2401,1634,68.1,-0.2,1593,41,0.2,2.5,76,1.3,-35,0.54,42,2.7,68,4.3
Vermont,3/1/2020,534,351,65.7,-0.1,342,9,10.7,2.4,16,-5.9,-7,0.53,7,2.2,14,4.4
Virginia,3/1/2020,6737,4423,65.6,0.0,4282,140,9.9,3.2,217,-1.4,-77,0.65,83,2.0,147,3.6
Washington,3/1/2020,6086,3941,64.8,-0.7,3703,238,59.3,6.0,161,-15.3,77,1.48,78,2.2,141,4.0
West Virginia,3/1/2020,1443,790,54.8,-0.2,748,42,0.2,5.3,44,-12.0,-2,0.96,19,2.7,32,4.5
Wisconsin,3/1/2020,4685,3088,65.9,-0.2,2995,94,-2.1,3.0,149,-6.9,-55,0.63,62,2.1,102,3.4
Wyoming,3/1/2020,449,295,65.7,-0.2,280,14,3.7,4.8,17,-5.6,-3,0.84,10,3.4,16,5.5
Alabama,2/1/2020,3939,2254,57.2,,2180,74,,3.3,99,,-25,0.75,55,2.6,80,3.8
Alaska,2/1/2020,544,350,64.4,,332,19,,5.4,23,,-4,0.82,13,4.0,20,6.1
Arizona,2/1/2020,5614,3480,62.0,,3312,169,,4.8,157,,12,1.07,79,2.6,128,4.3
Arkansas,2/1/2020,2332,1350,57.9,,1302,48,,3.6,64,,-16,0.75,36,2.8,59,4.6
California,2/1/2020,31145,19628,63.0,,18768,860,,4.4,806,,54,1.07,340,1.9,646,3.7
Colorado,2/1/2020,4560,3131,68.7,,3031,100,,3.2,128,,-28,0.78,83,2.9,121,4.3
Connecticut,2/1/2020,2917,1933,66.3,,1859,74,,3.8,67,,7,1.11,34,2.0,63,3.7
Delaware,2/1/2020,789,482,61.0,,464,17,,3.6,22,,-5,0.78,14,3.0,21,4.5
District of Columbia,2/1/2020,565,403,71.5,,381,23,,5.7,31,,-8,0.74,14,1.7,25,3.1
Florida,2/1/2020,17384,10311,59.3,,10001,309,,3.0,435,,-126,0.71,229,2.5,375,4.1
Georgia,2/1/2020,8248,5188,62.9,,4999,189,,3.6,237,,-48,0.80,145,3.1,192,4.1
Hawaii,2/1/2020,1128,692,61.3,,677,15,,2.2,30,,-15,0.50,13,2.0,27,4.1
Idaho,2/1/2020,1404,902,64.2,,876,26,,2.8,39,,-13,0.66,21,2.7,37,4.8
Illinois,2/1/2020,10120,6493,64.2,,6245,248,,3.8,259,,-11,0.96,133,2.2,210,3.4
Indiana,2/1/2020,5271,3382,64.2,,3265,117,,3.5,156,,-39,0.75,90,2.8,145,4.6
Iowa,2/1/2020,2488,1720,69.1,,1674,46,,2.7,76,,-30,0.61,35,2.2,54,3.4
Kansas,2/1/2020,2242,1505,67.1,,1458,47,,3.1,68,,-21,0.69,37,2.6,52,3.6
Kentucky,2/1/2020,3514,2059,58.6,,1974,85,,4.1,94,,-9,0.91,62,3.2,87,4.5
Louisiana,2/1/2020,3580,2076,58.0,,1979,97,,4.7,91,,6,1.07,50,2.5,79,4.0
Maine,2/1/2020,1123,697,62.0,,674,22,,3.2,32,,-10,0.69,12,1.9,25,3.9
Maryland,2/1/2020,4858,3365,69.3,,3250,115,,3.4,163,,-48,0.71,69,2.5,109,3.9
Massachusetts,2/1/2020,5740,3807,66.3,,3689,118,,3.1,167,,-49,0.71,60,1.6,114,3.1
Michigan,2/1/2020,8050,4938,61.3,,4752,186,,3.8,217,,-31,0.86,103,2.3,154,3.5
Minnesota,2/1/2020,4465,3124,70.0,,3014,110,,3.5,137,,-27,0.80,54,1.8,83,2.8
Mississippi,2/1/2020,2278,1276,56.0,,1203,73,,5.7,51,,22,1.43,32,2.8,49,4.2
Missouri,2/1/2020,4815,3081,64.0,,2976,105,,3.4,124,,-19,0.85,83,2.8,115,3.9
Montana,2/1/2020,859,547,63.7,,528,19,,3.5,28,,-9,0.69,14,2.9,26,5.3
Nebraska,2/1/2020,1498,1050,70.1,,1018,32,,3.0,50,,-18,0.64,27,2.6,40,3.9
Nevada,2/1/2020,2441,1567,64.2,,1498,68,,4.4,73,,-5,0.93,39,2.7,72,5.0
New Hampshire,2/1/2020,1135,774,68.2,,754,20,,2.6,34,,-14,0.58,13,1.9,27,3.9
New Jersey,2/1/2020,7379,4757,64.5,,4562,195,,4.1,196,,-1,1.00,76,1.8,147,3.5
New Mexico,2/1/2020,1659,959,57.8,,909,51,,5.3,51,,0,0.99,22,2.5,41,4.7
New York,2/1/2020,16256,9901,60.9,,9489,413,,4.2,430,,-17,0.96,149,1.5,348,3.5
North Carolina,2/1/2020,8161,5009,61.4,,4819,190,,3.8,235,,-45,0.81,118,2.5,233,5.0
North Dakota,2/1/2020,593,411,69.3,,402,9,,2.2,23,,-14,0.39,12,2.7,18,4.1
Ohio,2/1/2020,9306,5910,63.5,,5642,268,,4.5,253,,15,1.06,126,2.2,187,3.3
Oklahoma,2/1/2020,3016,1833,60.8,,1775,58,,3.2,85,,-27,0.68,46,2.7,75,4.4
Oregon,2/1/2020,3421,2086,61.0,,2012,74,,3.6,109,,-35,0.68,49,2.5,98,5.0
Pennsylvania,2/1/2020,10432,6552,62.8,,6251,301,,4.6,280,,21,1.08,118,1.9,198,3.3
Rhode Island,2/1/2020,894,574,64.2,,553,21,,3.6,24,,-3,0.87,10,2.0,20,3.9
South Carolina,2/1/2020,4025,2329,57.9,,2261,68,,2.9,109,,-41,0.63,76,3.5,105,4.8
South Dakota,2/1/2020,671,465,69.2,,453,12,,2.5,23,,-11,0.50,11,2.5,18,4.1
Tennessee,2/1/2020,5422,3330,61.4,,3215,115,,3.5,140,,-25,0.82,94,3.0,151,4.8
Texas,2/1/2020,21994,14050,63.9,,13548,502,,3.6,528,,-26,0.95,342,2.6,546,4.2
Utah,2/1/2020,2397,1636,68.3,,1596,41,,2.5,75,,-34,0.54,43,2.7,69,4.4
Vermont,2/1/2020,533,351,65.8,,344,8,,2.2,17,,-9,0.45,7,2.2,14,4.4
Virginia,2/1/2020,6734,4419,65.6,,4291,128,,2.9,220,,-92,0.58,105,2.6,172,4.2
Washington,2/1/2020,6080,3977,65.4,,3828,149,,3.8,190,,-41,0.79,75,2.1,155,4.4
West Virginia,2/1/2020,1444,793,54.9,,751,42,,5.3,50,,-8,0.84,20,2.8,34,4.7
Wisconsin,2/1/2020,4684,3098,66.1,,3002,96,,3.1,160,,-64,0.60,69,2.3,88,2.9
Wyoming,2/1/2020,449,295,65.8,,282,14,,4.6,18,,-4,0.76,10,3.4,16,5.5
Alabama,1/1/2020,3938,2260,57.4,,2188,72,,3.2,85,,-13,0.85,52,2.5,77,3.7
Alaska,1/1/2020,544,351,64.5,,332,19,,5.3,23,,-4,0.81,14,4.3,21,6.4
Arizona,1/1/2020,5606,3483,62.1,,3317,166,,4.8,149,,17,1.11,69,2.3,104,3.5
Arkansas,1/1/2020,2332,1353,58.0,,1305,48,,3.5,61,,-13,0.78,38,2.9,54,4.2
California,1/1/2020,31145,19604,62.9,,18770,834,,4.3,753,,81,1.11,385,2.2,620,3.5
Colorado,1/1/2020,4555,3133,68.8,,3039,94,,3.0,129,,-35,0.73,80,2.8,122,4.3
Connecticut,1/1/2020,2917,1939,66.5,,1866,73,,3.8,65,,8,1.13,25,1.5,56,3.3
Delaware,1/1/2020,788,483,61.3,,466,17,,3.6,20,,-3,0.86,13,2.8,21,4.5
District of Columbia,1/1/2020,565,404,71.6,,382,22,,5.5,30,,-8,0.74,14,1.8,25,3.1
Florida,1/1/2020,17369,10344,59.6,,10033,312,,3.0,419,,-107,0.74,226,2.5,372,4.1
Georgia,1/1/2020,8242,5191,63.0,,5006,184,,3.6,241,,-57,0.76,134,2.9,201,4.3
Hawaii,1/1/2020,1128,693,61.4,,677,15,,2.2,28,,-13,0.54,19,2.9,23,3.5
Idaho,1/1/2020,1402,902,64.3,,877,25,,2.8,41,,-16,0.61,25,3.2,41,5.3
Illinois,1/1/2020,10124,6499,64.2,,6259,240,,3.7,269,,-29,0.89,127,2.1,233,3.8
Indiana,1/1/2020,5269,3394,64.4,,3279,115,,3.4,128,,-13,0.90,90,2.8,151,4.8
Iowa,1/1/2020,2488,1730,69.5,,1684,46,,2.7,68,,-22,0.68,33,2.1,52,3.3
Kansas,1/1/2020,2242,1509,67.3,,1462,47,,3.1,60,,-13,0.78,33,2.3,50,3.5
Kentucky,1/1/2020,3514,2067,58.8,,1983,84,,4.1,81,,3,1.04,48,2.5,83,4.3
Louisiana,1/1/2020,3581,2086,58.3,,1987,99,,4.7,86,,13,1.15,65,3.3,83,4.2
Maine,1/1/2020,1123,699,62.3,,677,22,,3.2,31,,-9,0.71,11,1.7,26,4.1
Maryland,1/1/2020,4857,3366,69.3,,3255,112,,3.3,144,,-32,0.78,64,2.3,106,3.8
Massachusetts,1/1/2020,5739,3827,66.7,,3711,117,,3.0,143,,-26,0.82,57,1.5,126,3.4
Michigan,1/1/2020,8051,4960,61.6,,4773,187,,3.8,199,,-12,0.94,100,2.2,159,3.6
Minnesota,1/1/2020,4463,3128,70.1,,3021,107,,3.4,120,,-13,0.90,62,2.1,91,3.0
Mississippi,1/1/2020,2278,1279,56.1,,1207,71,,5.6,47,,24,1.52,34,2.9,48,4.2
Missouri,1/1/2020,4814,3086,64.1,,2982,103,,3.4,109,,-6,0.95,59,2.0,116,4.0
Montana,1/1/2020,859,548,63.9,,529,19,,3.5,27,,-8,0.72,15,3.1,25,5.1
Nebraska,1/1/2020,1497,1053,70.3,,1021,32,,3.0,46,,-14,0.70,24,2.3,43,4.2
Nevada,1/1/2020,2438,1569,64.3,,1502,66,,4.2,70,,-4,0.95,37,2.6,55,3.8
New Hampshire,1/1/2020,1134,778,68.6,,758,20,,2.5,33,,-13,0.60,12,1.7,27,3.9
New Jersey,1/1/2020,7377,4765,64.6,,4574,192,,4.0,185,,7,1.04,78,1.9,141,3.4
New Mexico,1/1/2020,1659,961,57.9,,912,49,,5.1,46,,3,1.08,25,2.9,42,4.9
New York,1/1/2020,16260,9923,61.0,,9519,405,,4.1,399,,6,1.01,136,1.4,287,2.9
North Carolina,1/1/2020,8155,5014,61.5,,4826,188,,3.8,248,,-60,0.76,119,2.6,236,5.1
North Dakota,1/1/2020,593,412,69.4,,403,8,,2.1,21,,-13,0.40,12,2.7,18,4.1
Ohio,1/1/2020,9306,5919,63.6,,5661,258,,4.4,249,,9,1.04,125,2.2,209,3.7
Oklahoma,1/1/2020,3015,1838,61.0,,1781,57,,3.1,71,,-14,0.81,46,2.7,65,3.8
Oregon,1/1/2020,3419,2089,61.1,,2017,72,,3.4,115,,-43,0.63,52,2.6,87,4.4
Pennsylvania,1/1/2020,10432,6571,63.0,,6279,291,,4.4,253,,38,1.15,115,1.9,231,3.8
Rhode Island,1/1/2020,894,576,64.5,,556,20,,3.5,22,,-2,0.93,9,1.8,19,3.8
South Carolina,1/1/2020,4022,2334,58.0,,2269,65,,2.8,94,,-29,0.69,57,2.6,88,4.0
South Dakota,1/1/2020,671,466,69.4,,454,12,,2.5,20,,-8,0.59,10,2.3,16,3.6
Tennessee,1/1/2020,5418,3341,61.7,,3226,115,,3.4,118,,-3,0.98,94,3.0,137,4.4
Texas,1/1/2020,21968,14072,64.1,,13580,492,,3.5,499,,-7,0.99,333,2.6,601,4.7
Utah,1/1/2020,2393,1638,68.5,,1598,40,,2.5,75,,-35,0.54,42,2.7,63,4.0
Vermont,1/1/2020,533,352,66.0,,345,7,,2.1,15,,-8,0.49,6,1.9,13,4.1
Virginia,1/1/2020,6731,4423,65.7,,4301,122,,2.8,211,,-89,0.58,96,2.4,198,4.9
Washington,1/1/2020,6074,3990,65.7,,3844,145,,3.6,165,,-20,0.88,74,2.1,136,3.9
West Virginia,1/1/2020,1444,795,55.0,,753,42,,5.2,38,,4,1.10,20,2.8,32,4.5
Wisconsin,1/1/2020,4683,3106,66.3,,3009,97,,3.1,132,,-35,0.74,64,2.1,104,3.5
Wyoming,1/1/2020,449,296,65.9,,283,13,,4.4,18,,-5,0.73,10,3.4,16,5.5